{"type": "FeatureCollection", "features": [{"type": "Feature", "geometry": {"type": "MultiPolygon", "coordinates": [[[[-91.503067, 26.767502], [-91.499634, 26.767502], [-91.499634, 26.766815], [-91.498947, 26.766815], [-91.498947, 26.766129], [-91.50032, 26.766129], [-91.50032, 26.766815], [-91.501007, 26.766815], [-91.501007, 26.766129], [-91.50238, 26.766129], [-91.50238, 26.766815], [-91.503067, 26.766815], [-91.503067, 26.767502]]], [[[-91.51886, 26.772308], [-91.5168, 26.772308], [-91.5168, 26.771622], [-91.51886, 26.771622], [-91.51886, 26.772308]]], [[[-91.5168, 26.771622], [-91.513367, 26.771622], [-91.513367, 26.770935], [-91.51062, 26.770935], [-91.51062, 26.770248], [-91.509933, 26.770248], [-91.509933, 26.770935], [-91.5065, 26.770935], [-91.5065, 26.770248], [-91.505814, 26.770248], [-91.505814, 26.768188], [-91.507187, 26.768188], [-91.507187, 26.768875], [-91.50856, 26.768875], [-91.50856, 26.769562], [-91.511993, 26.769562], [-91.511993, 26.770248], [-91.516113, 26.770248], [-91.516113, 26.770935], [-91.5168, 26.770935], [-91.5168, 26.771622]]], [[[-91.549072, 26.780548], [-91.544952, 26.780548], [-91.544952, 26.779861], [-91.541519, 26.779861], [-91.541519, 26.779175], [-91.540146, 26.779175], [-91.540146, 26.779861], [-91.537399, 26.779861], [-91.537399, 26.779175], [-91.536026, 26.779175], [-91.536026, 26.778488], [-91.533966, 26.778488], [-91.533966, 26.777802], [-91.533279, 26.777802], [-91.533279, 26.777115], [-91.532593, 26.777115], [-91.532593, 26.777802], [-91.531219, 26.777802], [-91.531219, 26.777115], [-91.530533, 26.777115], [-91.530533, 26.777802], [-91.52916, 26.777802], [-91.52916, 26.777115], [-91.529846, 26.777115], [-91.529846, 26.776428], [-91.528473, 26.776428], [-91.528473, 26.777115], [-91.5271, 26.777115], [-91.5271, 26.775742], [-91.526413, 26.775742], [-91.526413, 26.775055], [-91.52504, 26.775055], [-91.52504, 26.774368], [-91.52298, 26.774368], [-91.52298, 26.773682], [-91.52092, 26.773682], [-91.52092, 26.772995], [-91.520233, 26.772995], [-91.520233, 26.772308], [-91.519547, 26.772308], [-91.519547, 26.771622], [-91.52092, 26.771622], [-91.52092, 26.772308], [-91.521606, 26.772308], [-91.521606, 26.772995], [-91.525726, 26.772995], [-91.525726, 26.773682], [-91.526413, 26.773682], [-91.526413, 26.774368], [-91.5271, 26.774368], [-91.5271, 26.773682], [-91.527786, 26.773682], [-91.527786, 26.772995], [-91.52916, 26.772995], [-91.52916, 26.773682], [-91.529846, 26.773682], [-91.529846, 26.775055], [-91.530533, 26.775055], [-91.530533, 26.775742], [-91.532593, 26.775742], [-91.532593, 26.776428], [-91.533966, 26.776428], [-91.533966, 26.777115], [-91.536026, 26.777115], [-91.536026, 26.777802], [-91.538086, 26.777802], [-91.538086, 26.777115], [-91.538773, 26.777115], [-91.538773, 26.777802], [-91.540146, 26.777802], [-91.540146, 26.777115], [-91.541519, 26.777115], [-91.541519, 26.777802], [-91.542206, 26.777802], [-91.542206, 26.778488], [-91.546326, 26.778488], [-91.546326, 26.779175], [-91.547012, 26.779175], [-91.547012, 26.779861], [-91.549072, 26.779861], [-91.549072, 26.780548]], [[-91.52916, 26.773682], [-91.528473, 26.773682], [-91.528473, 26.774368], [-91.52916, 26.774368], [-91.52916, 26.773682]]], [[[-91.551819, 26.781921], [-91.550446, 26.781921], [-91.550446, 26.781235], [-91.551819, 26.781235], [-91.551819, 26.781921]]], [[[-91.550446, 26.781235], [-91.549072, 26.781235], [-91.549072, 26.780548], [-91.550446, 26.780548], [-91.550446, 26.781235]]], [[[-91.604004, 26.810074], [-91.603317, 26.810074], [-91.603317, 26.809387], [-91.602631, 26.809387], [-91.602631, 26.808701], [-91.601257, 26.808701], [-91.601257, 26.808014], [-91.600571, 26.808014], [-91.600571, 26.807327], [-91.599884, 26.807327], [-91.599884, 26.806641], [-91.599197, 26.806641], [-91.599197, 26.805267], [-91.597824, 26.805267], [-91.597824, 26.803894], [-91.596451, 26.803894], [-91.596451, 26.803207], [-91.595764, 26.803207], [-91.595764, 26.802521], [-91.594391, 26.802521], [-91.594391, 26.801834], [-91.593018, 26.801834], [-91.593018, 26.801147], [-91.592331, 26.801147], [-91.592331, 26.800461], [-91.591644, 26.800461], [-91.591644, 26.799774], [-91.590958, 26.799774], [-91.590958, 26.798401], [-91.590271, 26.798401], [-91.590271, 26.797714], [-91.589584, 26.797714], [-91.589584, 26.797028], [-91.588898, 26.797028], [-91.588898, 26.795654], [-91.587524, 26.795654], [-91.587524, 26.794968], [-91.585464, 26.794968], [-91.585464, 26.793594], [-91.584778, 26.793594], [-91.584778, 26.794281], [-91.583405, 26.794281], [-91.583405, 26.793594], [-91.582718, 26.793594], [-91.582718, 26.792908], [-91.580658, 26.792908], [-91.580658, 26.791534], [-91.577225, 26.791534], [-91.577225, 26.792221], [-91.576538, 26.792221], [-91.576538, 26.790848], [-91.575851, 26.790848], [-91.575851, 26.790161], [-91.575165, 26.790161], [-91.575165, 26.789474], [-91.573792, 26.789474], [-91.573792, 26.788788], [-91.573105, 26.788788], [-91.573105, 26.788101], [-91.572418, 26.788101], [-91.572418, 26.787415], [-91.574478, 26.787415], [-91.574478, 26.788101], [-91.575851, 26.788101], [-91.575851, 26.787415], [-91.576538, 26.787415], [-91.576538, 26.786728], [-91.578598, 26.786728], [-91.578598, 26.788101], [-91.579971, 26.788101], [-91.579971, 26.788788], [-91.580658, 26.788788], [-91.580658, 26.789474], [-91.581345, 26.789474], [-91.581345, 26.788101], [-91.582718, 26.788101], [-91.582718, 26.789474], [-91.584091, 26.789474], [-91.584091, 26.790161], [-91.584778, 26.790161], [-91.584778, 26.790848], [-91.585464, 26.790848], [-91.585464, 26.791534], [-91.586151, 26.791534], [-91.586151, 26.792221], [-91.586838, 26.792221], [-91.586838, 26.793594], [-91.587524, 26.793594], [-91.587524, 26.794281], [-91.588898, 26.794281], [-91.588898, 26.794968], [-91.589584, 26.794968], [-91.589584, 26.795654], [-91.590271, 26.795654], [-91.590271, 26.796341], [-91.590958, 26.796341], [-91.590958, 26.797028], [-91.591644, 26.797028], [-91.591644, 26.797714], [-91.592331, 26.797714], [-91.592331, 26.799088], [-91.593018, 26.799088], [-91.593018, 26.799774], [-91.594391, 26.799774], [-91.594391, 26.800461], [-91.595078, 26.800461], [-91.595078, 26.801147], [-91.595764, 26.801147], [-91.595764, 26.801834], [-91.596451, 26.801834], [-91.596451, 26.802521], [-91.598511, 26.802521], [-91.598511, 26.803207], [-91.599197, 26.803207], [-91.599197, 26.804581], [-91.599884, 26.804581], [-91.599884, 26.805267], [-91.600571, 26.805267], [-91.600571, 26.806641], [-91.601944, 26.806641], [-91.601944, 26.808014], [-91.603317, 26.808014], [-91.603317, 26.808701], [-91.604004, 26.808701], [-91.604004, 26.810074]], [[-91.579285, 26.790161], [-91.579285, 26.789474], [-91.578598, 26.789474], [-91.578598, 26.788788], [-91.577911, 26.788788], [-91.577911, 26.790161], [-91.579285, 26.790161]]], [[[-91.572418, 26.787415], [-91.571732, 26.787415], [-91.571732, 26.786041], [-91.571045, 26.786041], [-91.571045, 26.785355], [-91.570358, 26.785355], [-91.570358, 26.787415], [-91.568985, 26.787415], [-91.568985, 26.786728], [-91.568298, 26.786728], [-91.568298, 26.786041], [-91.567612, 26.786041], [-91.567612, 26.784668], [-91.562805, 26.784668], [-91.562805, 26.783981], [-91.560059, 26.783981], [-91.560059, 26.783295], [-91.557312, 26.783295], [-91.557312, 26.783981], [-91.555252, 26.783981], [-91.555252, 26.783295], [-91.553879, 26.783295], [-91.553879, 26.782608], [-91.555939, 26.782608], [-91.555939, 26.783295], [-91.556625, 26.783295], [-91.556625, 26.782608], [-91.557312, 26.782608], [-91.557312, 26.781921], [-91.559372, 26.781921], [-91.559372, 26.782608], [-91.560745, 26.782608], [-91.560745, 26.783295], [-91.563492, 26.783295], [-91.563492, 26.783981], [-91.564865, 26.783981], [-91.564865, 26.783295], [-91.569672, 26.783295], [-91.569672, 26.784668], [-91.570358, 26.784668], [-91.570358, 26.783981], [-91.571045, 26.783981], [-91.571045, 26.784668], [-91.571732, 26.784668], [-91.571732, 26.785355], [-91.572418, 26.785355], [-91.572418, 26.787415]]], [[[-91.553879, 26.782608], [-91.553192, 26.782608], [-91.553192, 26.781921], [-91.553879, 26.781921], [-91.553879, 26.782608]]], [[[-91.625977, 26.82518], [-91.62529, 26.82518], [-91.62529, 26.824493], [-91.624603, 26.824493], [-91.624603, 26.82312], [-91.623917, 26.82312], [-91.623917, 26.822433], [-91.622543, 26.822433], [-91.622543, 26.821747], [-91.620483, 26.821747], [-91.620483, 26.820374], [-91.61911, 26.820374], [-91.61911, 26.819687], [-91.618423, 26.819687], [-91.618423, 26.819], [-91.617737, 26.819], [-91.617737, 26.819687], [-91.61705, 26.819687], [-91.61705, 26.819], [-91.616364, 26.819], [-91.616364, 26.818314], [-91.61499, 26.818314], [-91.61499, 26.817627], [-91.613617, 26.817627], [-91.613617, 26.81694], [-91.61293, 26.81694], [-91.61293, 26.816254], [-91.611557, 26.816254], [-91.611557, 26.815567], [-91.61087, 26.815567], [-91.61087, 26.81488], [-91.610184, 26.81488], [-91.610184, 26.813507], [-91.609497, 26.813507], [-91.609497, 26.812134], [-91.60881, 26.812134], [-91.60881, 26.81076], [-91.607437, 26.81076], [-91.607437, 26.810074], [-91.60675, 26.810074], [-91.60675, 26.808701], [-91.607437, 26.808701], [-91.607437, 26.809387], [-91.608124, 26.809387], [-91.608124, 26.810074], [-91.609497, 26.810074], [-91.609497, 26.811447], [-91.610184, 26.811447], [-91.610184, 26.812134], [-91.61087, 26.812134], [-91.61087, 26.81282], [-91.611557, 26.81282], [-91.611557, 26.813507], [-91.612244, 26.813507], [-91.612244, 26.814194], [-91.61293, 26.814194], [-91.61293, 26.815567], [-91.616364, 26.815567], [-91.616364, 26.816254], [-91.61705, 26.816254], [-91.61705, 26.81694], [-91.617737, 26.81694], [-91.617737, 26.817627], [-91.618423, 26.817627], [-91.618423, 26.818314], [-91.61911, 26.818314], [-91.61911, 26.819], [-91.62117, 26.819], [-91.62117, 26.819687], [-91.622543, 26.819687], [-91.622543, 26.820374], [-91.62323, 26.820374], [-91.62323, 26.82106], [-91.623917, 26.82106], [-91.623917, 26.821747], [-91.624603, 26.821747], [-91.624603, 26.822433], [-91.62529, 26.822433], [-91.62529, 26.823807], [-91.625977, 26.823807], [-91.625977, 26.82518]]], [[[-91.623917, 26.824493], [-91.62323, 26.824493], [-91.62323, 26.823807], [-91.623917, 26.823807], [-91.623917, 26.824493]]], [[[-91.630783, 26.828613], [-91.630096, 26.828613], [-91.630096, 26.827927], [-91.630783, 26.827927], [-91.630783, 26.828613]]], [[[-91.630096, 26.827927], [-91.628723, 26.827927], [-91.628723, 26.82724], [-91.630096, 26.82724], [-91.630096, 26.827927]]], [[[-91.628723, 26.82724], [-91.628036, 26.82724], [-91.628036, 26.826553], [-91.628723, 26.826553], [-91.628723, 26.82724]]], [[[-91.636963, 26.830673], [-91.636276, 26.830673], [-91.636276, 26.8293], [-91.636963, 26.8293], [-91.636963, 26.830673]]], [[[-91.684341, 26.884918], [-91.682968, 26.884918], [-91.682968, 26.884232], [-91.680222, 26.884232], [-91.680222, 26.883545], [-91.679535, 26.883545], [-91.679535, 26.882858], [-91.678848, 26.882858], [-91.678848, 26.882172], [-91.676102, 26.882172], [-91.676102, 26.881485], [-91.675415, 26.881485], [-91.675415, 26.880798], [-91.674042, 26.880798], [-91.674042, 26.880112], [-91.672668, 26.880112], [-91.672668, 26.879425], [-91.671982, 26.879425], [-91.671982, 26.878738], [-91.670609, 26.878738], [-91.670609, 26.878052], [-91.669922, 26.878052], [-91.669922, 26.877365], [-91.666489, 26.877365], [-91.666489, 26.876678], [-91.665802, 26.876678], [-91.665802, 26.875992], [-91.664429, 26.875992], [-91.664429, 26.875305], [-91.663742, 26.875305], [-91.663742, 26.874619], [-91.660995, 26.874619], [-91.660995, 26.873932], [-91.660309, 26.873932], [-91.660309, 26.873245], [-91.659622, 26.873245], [-91.659622, 26.872559], [-91.660995, 26.872559], [-91.660995, 26.873245], [-91.661682, 26.873245], [-91.661682, 26.872559], [-91.663055, 26.872559], [-91.663055, 26.873245], [-91.663742, 26.873245], [-91.663742, 26.873932], [-91.665115, 26.873932], [-91.665115, 26.874619], [-91.665802, 26.874619], [-91.665802, 26.873932], [-91.667175, 26.873932], [-91.667175, 26.875305], [-91.667862, 26.875305], [-91.667862, 26.875992], [-91.670609, 26.875992], [-91.670609, 26.876678], [-91.671982, 26.876678], [-91.671982, 26.877365], [-91.672668, 26.877365], [-91.672668, 26.878052], [-91.673355, 26.878052], [-91.673355, 26.878738], [-91.675415, 26.878738], [-91.675415, 26.879425], [-91.676788, 26.879425], [-91.676788, 26.880112], [-91.679535, 26.880112], [-91.679535, 26.880798], [-91.680222, 26.880798], [-91.680222, 26.881485], [-91.680908, 26.881485], [-91.680908, 26.882172], [-91.682281, 26.882172], [-91.682281, 26.882858], [-91.682968, 26.882858], [-91.682968, 26.883545], [-91.683655, 26.883545], [-91.683655, 26.884232], [-91.684341, 26.884232], [-91.684341, 26.884918]]], [[[-91.659622, 26.872559], [-91.656189, 26.872559], [-91.656189, 26.871872], [-91.655502, 26.871872], [-91.655502, 26.871185], [-91.652069, 26.871185], [-91.652069, 26.870499], [-91.650009, 26.870499], [-91.650009, 26.869812], [-91.648636, 26.869812], [-91.648636, 26.868439], [-91.647263, 26.868439], [-91.647263, 26.867752], [-91.646576, 26.867752], [-91.646576, 26.867065], [-91.644516, 26.867065], [-91.644516, 26.866379], [-91.647949, 26.866379], [-91.647949, 26.867065], [-91.648636, 26.867065], [-91.648636, 26.867752], [-91.651382, 26.867752], [-91.651382, 26.868439], [-91.652756, 26.868439], [-91.652756, 26.869125], [-91.653442, 26.869125], [-91.653442, 26.869812], [-91.654816, 26.869812], [-91.654816, 26.870499], [-91.656876, 26.870499], [-91.656876, 26.871185], [-91.658249, 26.871185], [-91.658249, 26.871872], [-91.659622, 26.871872], [-91.659622, 26.872559]]], [[[-91.644516, 26.866379], [-91.642456, 26.866379], [-91.642456, 26.865692], [-91.641769, 26.865692], [-91.641769, 26.865005], [-91.643143, 26.865005], [-91.643143, 26.865692], [-91.644516, 26.865692], [-91.644516, 26.866379]]], [[[-91.669922, 26.836853], [-91.669235, 26.836853], [-91.669235, 26.836166], [-91.669922, 26.836166], [-91.669922, 26.836853]]], [[[-91.669235, 26.836166], [-91.668549, 26.836166], [-91.668549, 26.83548], [-91.669235, 26.83548], [-91.669235, 26.836166]]], [[[-91.676102, 26.840286], [-91.675415, 26.840286], [-91.675415, 26.8396], [-91.674728, 26.8396], [-91.674728, 26.838913], [-91.674042, 26.838913], [-91.674042, 26.838226], [-91.673355, 26.838226], [-91.673355, 26.83754], [-91.672668, 26.83754], [-91.672668, 26.838226], [-91.670609, 26.838226], [-91.670609, 26.83548], [-91.673355, 26.83548], [-91.673355, 26.836166], [-91.674728, 26.836166], [-91.674728, 26.83754], [-91.675415, 26.83754], [-91.675415, 26.838226], [-91.676102, 26.838226], [-91.676102, 26.838913], [-91.676788, 26.838913], [-91.676788, 26.8396], [-91.676102, 26.8396], [-91.676102, 26.840286]]], [[[-91.687088, 26.847839], [-91.686401, 26.847839], [-91.686401, 26.847153], [-91.687088, 26.847153], [-91.687088, 26.847839]]], [[[-91.686401, 26.847153], [-91.685715, 26.847153], [-91.685715, 26.846466], [-91.686401, 26.846466], [-91.686401, 26.847153]]], [[[-91.685715, 26.846466], [-91.685028, 26.846466], [-91.685028, 26.845779], [-91.682281, 26.845779], [-91.682281, 26.845093], [-91.681595, 26.845093], [-91.681595, 26.843719], [-91.680908, 26.843719], [-91.680908, 26.842346], [-91.682281, 26.842346], [-91.682281, 26.844406], [-91.682968, 26.844406], [-91.682968, 26.845093], [-91.685715, 26.845093], [-91.685715, 26.846466]]], [[[-91.680908, 26.842346], [-91.678848, 26.842346], [-91.678848, 26.840973], [-91.677475, 26.840973], [-91.677475, 26.8396], [-91.678848, 26.8396], [-91.678848, 26.840286], [-91.679535, 26.840286], [-91.679535, 26.840973], [-91.680222, 26.840973], [-91.680222, 26.84166], [-91.680908, 26.84166], [-91.680908, 26.842346]]], [[[-91.704941, 26.896591], [-91.704254, 26.896591], [-91.704254, 26.895905], [-91.701508, 26.895905], [-91.701508, 26.895218], [-91.700821, 26.895218], [-91.700821, 26.893845], [-91.700134, 26.893845], [-91.700134, 26.893158], [-91.698761, 26.893158], [-91.698761, 26.892471], [-91.695328, 26.892471], [-91.695328, 26.891785], [-91.694641, 26.891785], [-91.694641, 26.891098], [-91.693268, 26.891098], [-91.693268, 26.890411], [-91.692581, 26.890411], [-91.692581, 26.889725], [-91.690521, 26.889725], [-91.690521, 26.889038], [-91.688461, 26.889038], [-91.688461, 26.887665], [-91.687775, 26.887665], [-91.687775, 26.886978], [-91.687088, 26.886978], [-91.687088, 26.886292], [-91.685715, 26.886292], [-91.685715, 26.886978], [-91.685028, 26.886978], [-91.685028, 26.884918], [-91.687775, 26.884918], [-91.687775, 26.886292], [-91.690521, 26.886292], [-91.690521, 26.886978], [-91.691895, 26.886978], [-91.691895, 26.887665], [-91.693268, 26.887665], [-91.693268, 26.889038], [-91.695328, 26.889038], [-91.695328, 26.889725], [-91.696014, 26.889725], [-91.696014, 26.890411], [-91.698074, 26.890411], [-91.698074, 26.891098], [-91.700134, 26.891098], [-91.700134, 26.891785], [-91.700821, 26.891785], [-91.700821, 26.892471], [-91.701508, 26.892471], [-91.701508, 26.893158], [-91.702881, 26.893158], [-91.702881, 26.893845], [-91.704254, 26.893845], [-91.704254, 26.894531], [-91.704941, 26.894531], [-91.704941, 26.896591]]], [[[-91.693954, 26.853333], [-91.693268, 26.853333], [-91.693268, 26.852646], [-91.693954, 26.852646], [-91.693954, 26.853333]]], [[[-91.698074, 26.856079], [-91.696701, 26.856079], [-91.696701, 26.855392], [-91.698074, 26.855392], [-91.698074, 26.856079]]], [[[-91.696701, 26.855392], [-91.696014, 26.855392], [-91.696014, 26.854706], [-91.696701, 26.854706], [-91.696701, 26.855392]]], [[[-91.696014, 26.854706], [-91.694641, 26.854706], [-91.694641, 26.854019], [-91.696014, 26.854019], [-91.696014, 26.854706]]], [[[-91.700821, 26.858139], [-91.700134, 26.858139], [-91.700134, 26.857452], [-91.700821, 26.857452], [-91.700821, 26.858139]]], [[[-91.700134, 26.857452], [-91.698761, 26.857452], [-91.698761, 26.856766], [-91.700134, 26.856766], [-91.700134, 26.857452]]], [[[-91.926041, 27.060013], [-91.926041, 27.05864], [-91.925354, 27.05864], [-91.925354, 27.057266], [-91.923981, 27.057266], [-91.923981, 27.05658], [-91.921921, 27.05658], [-91.921921, 27.055893], [-91.921234, 27.055893], [-91.921234, 27.05658], [-91.919861, 27.05658], [-91.919861, 27.057266], [-91.920547, 27.057266], [-91.920547, 27.057953], [-91.921921, 27.057953], [-91.921921, 27.059326], [-91.921234, 27.059326], [-91.921234, 27.060013], [-91.919174, 27.060013], [-91.919174, 27.059326], [-91.918488, 27.059326], [-91.918488, 27.05864], [-91.917114, 27.05864], [-91.917114, 27.057953], [-91.915741, 27.057953], [-91.915741, 27.057266], [-91.913681, 27.057266], [-91.913681, 27.057953], [-91.912308, 27.057953], [-91.912308, 27.057266], [-91.911621, 27.057266], [-91.911621, 27.05452], [-91.910934, 27.05452], [-91.910934, 27.053146], [-91.910248, 27.053146], [-91.910248, 27.051773], [-91.909561, 27.051773], [-91.909561, 27.051086], [-91.908875, 27.051086], [-91.908875, 27.0504], [-91.906128, 27.0504], [-91.906128, 27.049713], [-91.905441, 27.049713], [-91.905441, 27.049026], [-91.904068, 27.049026], [-91.904068, 27.04834], [-91.903381, 27.04834], [-91.903381, 27.046967], [-91.902008, 27.046967], [-91.902008, 27.04628], [-91.900635, 27.04628], [-91.900635, 27.045593], [-91.899261, 27.045593], [-91.899261, 27.044907], [-91.898575, 27.044907], [-91.898575, 27.04422], [-91.897888, 27.04422], [-91.897888, 27.043533], [-91.897202, 27.043533], [-91.897202, 27.042847], [-91.895828, 27.042847], [-91.895828, 27.040787], [-91.893768, 27.040787], [-91.893768, 27.0401], [-91.893082, 27.0401], [-91.893082, 27.039413], [-91.892395, 27.039413], [-91.892395, 27.03804], [-91.891708, 27.03804], [-91.891708, 27.037354], [-91.891022, 27.037354], [-91.891022, 27.036667], [-91.890335, 27.036667], [-91.890335, 27.03598], [-91.889648, 27.03598], [-91.889648, 27.035294], [-91.888275, 27.035294], [-91.888275, 27.034607], [-91.886902, 27.034607], [-91.886902, 27.036667], [-91.886215, 27.036667], [-91.886215, 27.035294], [-91.885529, 27.035294], [-91.885529, 27.034607], [-91.881409, 27.034607], [-91.881409, 27.03392], [-91.878662, 27.03392], [-91.878662, 27.03598], [-91.875229, 27.03598], [-91.875229, 27.035294], [-91.874542, 27.035294], [-91.874542, 27.034607], [-91.872482, 27.034607], [-91.872482, 27.03392], [-91.873169, 27.03392], [-91.873169, 27.033234], [-91.873856, 27.033234], [-91.873856, 27.032547], [-91.873169, 27.032547], [-91.873169, 27.03186], [-91.872482, 27.03186], [-91.872482, 27.031174], [-91.870422, 27.031174], [-91.870422, 27.033234], [-91.871109, 27.033234], [-91.871109, 27.03392], [-91.870422, 27.03392], [-91.870422, 27.034607], [-91.869736, 27.034607], [-91.869736, 27.03598], [-91.869049, 27.03598], [-91.869049, 27.036667], [-91.868362, 27.036667], [-91.868362, 27.03598], [-91.864929, 27.03598], [-91.864929, 27.036667], [-91.861496, 27.036667], [-91.861496, 27.037354], [-91.856689, 27.037354], [-91.856689, 27.03804], [-91.855316, 27.03804], [-91.855316, 27.038727], [-91.85463, 27.038727], [-91.85463, 27.039413], [-91.853943, 27.039413], [-91.853943, 27.0401], [-91.851883, 27.0401], [-91.851883, 27.040787], [-91.849823, 27.040787], [-91.849823, 27.04422], [-91.84845, 27.04422], [-91.84845, 27.043533], [-91.847076, 27.043533], [-91.847076, 27.04422], [-91.84639, 27.04422], [-91.84639, 27.045593], [-91.845703, 27.045593], [-91.845703, 27.04628], [-91.845016, 27.04628], [-91.845016, 27.044907], [-91.84433, 27.044907], [-91.84433, 27.04422], [-91.842957, 27.04422], [-91.842957, 27.043533], [-91.843643, 27.043533], [-91.843643, 27.042847], [-91.842957, 27.042847], [-91.842957, 27.04216], [-91.84227, 27.04216], [-91.84227, 27.042847], [-91.841583, 27.042847], [-91.841583, 27.037354], [-91.840897, 27.037354], [-91.840897, 27.036667], [-91.84021, 27.036667], [-91.84021, 27.033234], [-91.83609, 27.033234], [-91.83609, 27.032547], [-91.835403, 27.032547], [-91.835403, 27.03186], [-91.834717, 27.03186], [-91.834717, 27.031174], [-91.833344, 27.031174], [-91.833344, 27.030487], [-91.832657, 27.030487], [-91.832657, 27.028427], [-91.83197, 27.028427], [-91.83197, 27.02774], [-91.830597, 27.02774], [-91.830597, 27.024994], [-91.82991, 27.024994], [-91.82991, 27.021561], [-91.829224, 27.021561], [-91.829224, 27.020874], [-91.828537, 27.020874], [-91.828537, 27.020187], [-91.82785, 27.020187], [-91.82785, 27.018127], [-91.826477, 27.018127], [-91.826477, 27.015381], [-91.825104, 27.015381], [-91.825104, 27.014694], [-91.82373, 27.014694], [-91.82373, 27.012634], [-91.823044, 27.012634], [-91.823044, 27.009888], [-91.82373, 27.009888], [-91.82373, 27.007828], [-91.823044, 27.007828], [-91.823044, 27.004395], [-91.822357, 27.004395], [-91.822357, 27.002335], [-91.821671, 27.002335], [-91.821671, 27.000961], [-91.820297, 27.000961], [-91.820297, 26.998215], [-91.819611, 26.998215], [-91.819611, 26.997528], [-91.818237, 26.997528], [-91.818237, 26.996841], [-91.817551, 26.996841], [-91.817551, 26.996155], [-91.818237, 26.996155], [-91.818237, 26.995468], [-91.817551, 26.995468], [-91.817551, 26.994781], [-91.816864, 26.994781], [-91.816864, 26.994095], [-91.816177, 26.994095], [-91.816177, 26.992035], [-91.815491, 26.992035], [-91.815491, 26.991348], [-91.814804, 26.991348], [-91.814804, 26.989288], [-91.814117, 26.989288], [-91.814117, 26.987915], [-91.813431, 26.987915], [-91.813431, 26.987228], [-91.812744, 26.987228], [-91.812744, 26.986542], [-91.812057, 26.986542], [-91.812057, 26.985855], [-91.811371, 26.985855], [-91.811371, 26.984482], [-91.810684, 26.984482], [-91.810684, 26.985168], [-91.809998, 26.985168], [-91.809998, 26.984482], [-91.809311, 26.984482], [-91.809311, 26.981735], [-91.807938, 26.981735], [-91.807938, 26.978302], [-91.807251, 26.978302], [-91.807251, 26.977615], [-91.806564, 26.977615], [-91.806564, 26.974869], [-91.805878, 26.974869], [-91.805878, 26.974182], [-91.805191, 26.974182], [-91.805191, 26.972122], [-91.804504, 26.972122], [-91.804504, 26.970749], [-91.803818, 26.970749], [-91.803818, 26.970062], [-91.803131, 26.970062], [-91.803131, 26.969376], [-91.802444, 26.969376], [-91.802444, 26.968689], [-91.801758, 26.968689], [-91.801758, 26.968002], [-91.800385, 26.968002], [-91.800385, 26.967316], [-91.799011, 26.967316], [-91.799011, 26.966629], [-91.798325, 26.966629], [-91.798325, 26.965942], [-91.796265, 26.965942], [-91.796265, 26.964569], [-91.794891, 26.964569], [-91.794891, 26.963196], [-91.794205, 26.963196], [-91.794205, 26.962509], [-91.793518, 26.962509], [-91.793518, 26.961823], [-91.792145, 26.961823], [-91.792145, 26.960449], [-91.791458, 26.960449], [-91.791458, 26.959763], [-91.790771, 26.959763], [-91.790771, 26.959076], [-91.790085, 26.959076], [-91.790085, 26.957016], [-91.789398, 26.957016], [-91.789398, 26.956329], [-91.788025, 26.956329], [-91.788025, 26.955643], [-91.786652, 26.955643], [-91.786652, 26.954269], [-91.783905, 26.954269], [-91.783905, 26.953583], [-91.782532, 26.953583], [-91.782532, 26.952209], [-91.781845, 26.952209], [-91.781845, 26.951523], [-91.778412, 26.951523], [-91.778412, 26.950836], [-91.775665, 26.950836], [-91.775665, 26.95015], [-91.774979, 26.95015], [-91.774979, 26.949463], [-91.771545, 26.949463], [-91.771545, 26.948776], [-91.770172, 26.948776], [-91.770172, 26.94809], [-91.769485, 26.94809], [-91.769485, 26.947403], [-91.768799, 26.947403], [-91.768799, 26.946716], [-91.767426, 26.946716], [-91.767426, 26.94603], [-91.766739, 26.94603], [-91.766739, 26.944656], [-91.766052, 26.944656], [-91.766052, 26.94397], [-91.764679, 26.94397], [-91.764679, 26.943283], [-91.763992, 26.943283], [-91.763992, 26.942596], [-91.763306, 26.942596], [-91.763306, 26.94191], [-91.762619, 26.94191], [-91.762619, 26.941223], [-91.761932, 26.941223], [-91.761932, 26.940536], [-91.760559, 26.940536], [-91.760559, 26.93985], [-91.759872, 26.93985], [-91.759872, 26.938477], [-91.758499, 26.938477], [-91.758499, 26.93779], [-91.757813, 26.93779], [-91.757813, 26.936417], [-91.756439, 26.936417], [-91.756439, 26.93573], [-91.755753, 26.93573], [-91.755753, 26.935043], [-91.755066, 26.935043], [-91.755066, 26.934357], [-91.754379, 26.934357], [-91.754379, 26.93367], [-91.753006, 26.93367], [-91.753006, 26.932983], [-91.752319, 26.932983], [-91.752319, 26.93161], [-91.750946, 26.93161], [-91.750946, 26.930923], [-91.750259, 26.930923], [-91.750259, 26.930237], [-91.747513, 26.930237], [-91.747513, 26.92955], [-91.746826, 26.92955], [-91.746826, 26.928177], [-91.74614, 26.928177], [-91.74614, 26.92749], [-91.744766, 26.92749], [-91.744766, 26.926117], [-91.74408, 26.926117], [-91.74408, 26.92543], [-91.743393, 26.92543], [-91.743393, 26.924744], [-91.74202, 26.924744], [-91.74202, 26.92543], [-91.741333, 26.92543], [-91.741333, 26.928177], [-91.74202, 26.928177], [-91.74202, 26.928864], [-91.742706, 26.928864], [-91.742706, 26.930237], [-91.743393, 26.930237], [-91.743393, 26.932297], [-91.74408, 26.932297], [-91.74408, 26.935043], [-91.744766, 26.935043], [-91.744766, 26.93573], [-91.745453, 26.93573], [-91.745453, 26.936417], [-91.74614, 26.936417], [-91.74614, 26.93779], [-91.746826, 26.93779], [-91.746826, 26.938477], [-91.748886, 26.938477], [-91.748886, 26.940536], [-91.749573, 26.940536], [-91.749573, 26.941223], [-91.750259, 26.941223], [-91.750259, 26.94191], [-91.750946, 26.94191], [-91.750946, 26.942596], [-91.751633, 26.942596], [-91.751633, 26.943283], [-91.752319, 26.943283], [-91.752319, 26.94397], [-91.753693, 26.94397], [-91.753693, 26.944656], [-91.755066, 26.944656], [-91.755066, 26.94603], [-91.755753, 26.94603], [-91.755753, 26.946716], [-91.756439, 26.946716], [-91.756439, 26.947403], [-91.757813, 26.947403], [-91.757813, 26.94809], [-91.759186, 26.94809], [-91.759186, 26.948776], [-91.759872, 26.948776], [-91.759872, 26.949463], [-91.760559, 26.949463], [-91.760559, 26.95015], [-91.761932, 26.95015], [-91.761932, 26.950836], [-91.762619, 26.950836], [-91.762619, 26.952209], [-91.763306, 26.952209], [-91.763306, 26.952896], [-91.764679, 26.952896], [-91.764679, 26.953583], [-91.765366, 26.953583], [-91.765366, 26.954269], [-91.766052, 26.954269], [-91.766052, 26.954956], [-91.768799, 26.954956], [-91.768799, 26.955643], [-91.770172, 26.955643], [-91.770172, 26.956329], [-91.771545, 26.956329], [-91.771545, 26.957016], [-91.774979, 26.957016], [-91.774979, 26.957703], [-91.776352, 26.957703], [-91.776352, 26.958389], [-91.777039, 26.958389], [-91.777039, 26.959076], [-91.777725, 26.959076], [-91.777725, 26.959763], [-91.781158, 26.959763], [-91.781158, 26.960449], [-91.781845, 26.960449], [-91.781845, 26.961823], [-91.782532, 26.961823], [-91.782532, 26.962509], [-91.784592, 26.962509], [-91.784592, 26.963196], [-91.785278, 26.963196], [-91.785278, 26.963882], [-91.785965, 26.963882], [-91.785965, 26.965256], [-91.787338, 26.965256], [-91.787338, 26.965942], [-91.788025, 26.965942], [-91.788025, 26.966629], [-91.788712, 26.966629], [-91.788712, 26.968002], [-91.789398, 26.968002], [-91.789398, 26.969376], [-91.790085, 26.969376], [-91.790085, 26.971436], [-91.790771, 26.971436], [-91.790771, 26.972122], [-91.791458, 26.972122], [-91.791458, 26.973495], [-91.792145, 26.973495], [-91.792145, 26.974869], [-91.793518, 26.974869], [-91.793518, 26.976242], [-91.794205, 26.976242], [-91.794205, 26.978302], [-91.795578, 26.978302], [-91.795578, 26.979675], [-91.796265, 26.979675], [-91.796265, 26.981049], [-91.797638, 26.981049], [-91.797638, 26.981735], [-91.798325, 26.981735], [-91.798325, 26.982422], [-91.799011, 26.982422], [-91.799011, 26.983109], [-91.799698, 26.983109], [-91.799698, 26.983795], [-91.800385, 26.983795], [-91.800385, 26.984482], [-91.801071, 26.984482], [-91.801071, 26.985168], [-91.801758, 26.985168], [-91.801758, 26.987228], [-91.802444, 26.987228], [-91.802444, 26.987915], [-91.803131, 26.987915], [-91.803131, 26.991348], [-91.803818, 26.991348], [-91.803818, 26.992722], [-91.804504, 26.992722], [-91.804504, 26.994095], [-91.805191, 26.994095], [-91.805191, 26.994781], [-91.805878, 26.994781], [-91.805878, 26.995468], [-91.806564, 26.995468], [-91.806564, 26.996841], [-91.807251, 26.996841], [-91.807251, 26.997528], [-91.807938, 26.997528], [-91.807938, 26.998215], [-91.809311, 26.998215], [-91.809311, 26.998901], [-91.809998, 26.998901], [-91.809998, 26.999588], [-91.811371, 26.999588], [-91.811371, 27.000275], [-91.813431, 27.000275], [-91.813431, 27.000961], [-91.814117, 27.000961], [-91.814117, 27.001648], [-91.814804, 27.001648], [-91.814804, 27.002335], [-91.815491, 27.002335], [-91.815491, 27.006454], [-91.816177, 27.006454], [-91.816177, 27.009201], [-91.816864, 27.009201], [-91.816864, 27.009888], [-91.817551, 27.009888], [-91.817551, 27.011948], [-91.816864, 27.011948], [-91.816864, 27.013321], [-91.817551, 27.013321], [-91.817551, 27.017441], [-91.818237, 27.017441], [-91.818237, 27.018127], [-91.817551, 27.018127], [-91.817551, 27.019501], [-91.816864, 27.019501], [-91.816864, 27.020874], [-91.817551, 27.020874], [-91.817551, 27.024307], [-91.818237, 27.024307], [-91.818237, 27.024994], [-91.819611, 27.024994], [-91.819611, 27.02774], [-91.820297, 27.02774], [-91.820297, 27.029114], [-91.820984, 27.029114], [-91.820984, 27.0298], [-91.821671, 27.0298], [-91.821671, 27.031174], [-91.823044, 27.031174], [-91.823044, 27.03186], [-91.82373, 27.03186], [-91.82373, 27.033234], [-91.824417, 27.033234], [-91.824417, 27.03392], [-91.82579, 27.03392], [-91.82579, 27.034607], [-91.826477, 27.034607], [-91.826477, 27.036667], [-91.827164, 27.036667], [-91.827164, 27.037354], [-91.829224, 27.037354], [-91.829224, 27.038727], [-91.82991, 27.038727], [-91.82991, 27.039413], [-91.831284, 27.039413], [-91.831284, 27.0401], [-91.832657, 27.0401], [-91.832657, 27.04216], [-91.833344, 27.04216], [-91.833344, 27.042847], [-91.83403, 27.042847], [-91.83403, 27.043533], [-91.835403, 27.043533], [-91.835403, 27.04628], [-91.83609, 27.04628], [-91.83609, 27.047653], [-91.836777, 27.047653], [-91.836777, 27.0504], [-91.837463, 27.0504], [-91.837463, 27.051773], [-91.83815, 27.051773], [-91.83815, 27.05246], [-91.837463, 27.05246], [-91.837463, 27.053146], [-91.83815, 27.053146], [-91.83815, 27.053833], [-91.838837, 27.053833], [-91.838837, 27.060013], [-91.83815, 27.060013], [-91.83815, 27.061386], [-91.838837, 27.061386], [-91.838837, 27.062759], [-91.84021, 27.062759], [-91.84021, 27.062073], [-91.840897, 27.062073], [-91.840897, 27.060699], [-91.841583, 27.060699], [-91.841583, 27.059326], [-91.84227, 27.059326], [-91.84227, 27.062073], [-91.841583, 27.062073], [-91.841583, 27.063446], [-91.840897, 27.063446], [-91.840897, 27.064133], [-91.84021, 27.064133], [-91.84021, 27.066193], [-91.839523, 27.066193], [-91.839523, 27.067566], [-91.838837, 27.067566], [-91.838837, 27.068253], [-91.83815, 27.068253], [-91.83815, 27.069626], [-91.83609, 27.069626], [-91.83609, 27.068939], [-91.834717, 27.068939], [-91.834717, 27.069626], [-91.83403, 27.069626], [-91.83403, 27.067566], [-91.834717, 27.067566], [-91.834717, 27.066879], [-91.835403, 27.066879], [-91.835403, 27.067566], [-91.83609, 27.067566], [-91.83609, 27.065506], [-91.835403, 27.065506], [-91.835403, 27.064133], [-91.83609, 27.064133], [-91.83609, 27.060013], [-91.836777, 27.060013], [-91.836777, 27.057953], [-91.83609, 27.057953], [-91.83609, 27.05658], [-91.836777, 27.05658], [-91.836777, 27.053833], [-91.83609, 27.053833], [-91.83609, 27.051086], [-91.835403, 27.051086], [-91.835403, 27.0504], [-91.834717, 27.0504], [-91.834717, 27.049713], [-91.835403, 27.049713], [-91.835403, 27.049026], [-91.834717, 27.049026], [-91.834717, 27.046967], [-91.83403, 27.046967], [-91.83403, 27.04628], [-91.833344, 27.04628], [-91.833344, 27.04422], [-91.83197, 27.04422], [-91.83197, 27.042847], [-91.830597, 27.042847], [-91.830597, 27.04216], [-91.82991, 27.04216], [-91.82991, 27.041473], [-91.829224, 27.041473], [-91.829224, 27.040787], [-91.828537, 27.040787], [-91.828537, 27.0401], [-91.827164, 27.0401], [-91.827164, 27.038727], [-91.82579, 27.038727], [-91.82579, 27.03804], [-91.82373, 27.03804], [-91.82373, 27.03598], [-91.823044, 27.03598], [-91.823044, 27.034607], [-91.822357, 27.034607], [-91.822357, 27.033234], [-91.821671, 27.033234], [-91.821671, 27.032547], [-91.820984, 27.032547], [-91.820984, 27.03186], [-91.819611, 27.03186], [-91.819611, 27.030487], [-91.818924, 27.030487], [-91.818924, 27.0298], [-91.818237, 27.0298], [-91.818237, 27.029114], [-91.816864, 27.029114], [-91.816864, 27.026367], [-91.816177, 27.026367], [-91.816177, 27.025681], [-91.815491, 27.025681], [-91.815491, 27.022934], [-91.814804, 27.022934], [-91.814804, 27.022247], [-91.815491, 27.022247], [-91.815491, 27.021561], [-91.814804, 27.021561], [-91.814804, 27.019501], [-91.815491, 27.019501], [-91.815491, 27.018127], [-91.814804, 27.018127], [-91.814804, 27.015381], [-91.815491, 27.015381], [-91.815491, 27.014008], [-91.814804, 27.014008], [-91.814804, 27.011948], [-91.814117, 27.011948], [-91.814117, 27.007828], [-91.813431, 27.007828], [-91.813431, 27.007141], [-91.811371, 27.007141], [-91.811371, 27.006454], [-91.809311, 27.006454], [-91.809311, 27.005081], [-91.807251, 27.005081], [-91.807251, 27.001648], [-91.806564, 27.001648], [-91.806564, 27.002335], [-91.805878, 27.002335], [-91.805878, 27.001648], [-91.805191, 27.001648], [-91.805191, 27.000961], [-91.804504, 27.000961], [-91.804504, 26.998901], [-91.803818, 26.998901], [-91.803818, 26.998215], [-91.803131, 26.998215], [-91.803131, 26.996155], [-91.802444, 26.996155], [-91.802444, 26.994781], [-91.801758, 26.994781], [-91.801758, 26.993408], [-91.800385, 26.993408], [-91.800385, 26.992035], [-91.799011, 26.992035], [-91.799011, 26.989975], [-91.798325, 26.989975], [-91.798325, 26.989288], [-91.797638, 26.989288], [-91.797638, 26.987915], [-91.796951, 26.987915], [-91.796951, 26.987228], [-91.796265, 26.987228], [-91.796265, 26.985168], [-91.794205, 26.985168], [-91.794205, 26.983109], [-91.793518, 26.983109], [-91.793518, 26.982422], [-91.792145, 26.982422], [-91.792145, 26.980362], [-91.791458, 26.980362], [-91.791458, 26.978989], [-91.790771, 26.978989], [-91.790771, 26.976242], [-91.790085, 26.976242], [-91.790085, 26.974869], [-91.789398, 26.974869], [-91.789398, 26.973495], [-91.788712, 26.973495], [-91.788712, 26.972809], [-91.788025, 26.972809], [-91.788025, 26.970062], [-91.787338, 26.970062], [-91.787338, 26.969376], [-91.786652, 26.969376], [-91.786652, 26.968689], [-91.785965, 26.968689], [-91.785965, 26.968002], [-91.785278, 26.968002], [-91.785278, 26.966629], [-91.784592, 26.966629], [-91.784592, 26.965942], [-91.781845, 26.965942], [-91.781845, 26.965256], [-91.781158, 26.965256], [-91.781158, 26.963882], [-91.779785, 26.963882], [-91.779785, 26.963196], [-91.778412, 26.963196], [-91.778412, 26.962509], [-91.777725, 26.962509], [-91.777725, 26.961823], [-91.777039, 26.961823], [-91.777039, 26.961136], [-91.770859, 26.961136], [-91.770859, 26.962509], [-91.771545, 26.962509], [-91.771545, 26.963882], [-91.772232, 26.963882], [-91.772232, 26.964569], [-91.774979, 26.964569], [-91.774979, 26.965256], [-91.775665, 26.965256], [-91.775665, 26.963882], [-91.777039, 26.963882], [-91.777039, 26.966629], [-91.777725, 26.966629], [-91.777725, 26.967316], [-91.778412, 26.967316], [-91.778412, 26.966629], [-91.779785, 26.966629], [-91.779785, 26.967316], [-91.781158, 26.967316], [-91.781158, 26.970062], [-91.781845, 26.970062], [-91.781845, 26.971436], [-91.781158, 26.971436], [-91.781158, 26.973495], [-91.781845, 26.973495], [-91.781845, 26.974869], [-91.783218, 26.974869], [-91.783218, 26.975555], [-91.783905, 26.975555], [-91.783905, 26.976242], [-91.784592, 26.976242], [-91.784592, 26.977615], [-91.785278, 26.977615], [-91.785278, 26.978302], [-91.784592, 26.978302], [-91.784592, 26.981049], [-91.785278, 26.981049], [-91.785278, 26.980362], [-91.785965, 26.980362], [-91.785965, 26.981049], [-91.786652, 26.981049], [-91.786652, 26.981735], [-91.787338, 26.981735], [-91.787338, 26.982422], [-91.788025, 26.982422], [-91.788025, 26.983109], [-91.788712, 26.983109], [-91.788712, 26.984482], [-91.788025, 26.984482], [-91.788025, 26.986542], [-91.788712, 26.986542], [-91.788712, 26.987915], [-91.790085, 26.987915], [-91.790085, 26.991348], [-91.790771, 26.991348], [-91.790771, 26.993408], [-91.791458, 26.993408], [-91.791458, 26.994095], [-91.792145, 26.994095], [-91.792145, 26.998215], [-91.793518, 26.998215], [-91.793518, 26.998901], [-91.794205, 26.998901], [-91.794205, 27.000961], [-91.794891, 27.000961], [-91.794891, 27.001648], [-91.796951, 27.001648], [-91.796951, 27.000961], [-91.797638, 27.000961], [-91.797638, 27.003021], [-91.796951, 27.003021], [-91.796951, 27.004395], [-91.797638, 27.004395], [-91.797638, 27.005768], [-91.798325, 27.005768], [-91.798325, 27.007828], [-91.797638, 27.007828], [-91.797638, 27.009888], [-91.796951, 27.009888], [-91.796951, 27.010574], [-91.797638, 27.010574], [-91.797638, 27.011948], [-91.796951, 27.011948], [-91.796951, 27.014008], [-91.796265, 27.014008], [-91.796265, 27.012634], [-91.795578, 27.012634], [-91.795578, 27.007828], [-91.794205, 27.007828], [-91.794205, 27.007141], [-91.792831, 27.007141], [-91.792831, 27.006454], [-91.792145, 27.006454], [-91.792145, 27.005768], [-91.791458, 27.005768], [-91.791458, 27.002335], [-91.790771, 27.002335], [-91.790771, 27.001648], [-91.790085, 27.001648], [-91.790085, 26.998901], [-91.789398, 26.998901], [-91.789398, 26.995468], [-91.788712, 26.995468], [-91.788712, 26.994095], [-91.789398, 26.994095], [-91.789398, 26.992722], [-91.788712, 26.992722], [-91.788712, 26.992035], [-91.788025, 26.992035], [-91.788025, 26.988602], [-91.787338, 26.988602], [-91.787338, 26.987915], [-91.785965, 26.987915], [-91.785965, 26.986542], [-91.785278, 26.986542], [-91.785278, 26.985168], [-91.784592, 26.985168], [-91.784592, 26.983109], [-91.783905, 26.983109], [-91.783905, 26.982422], [-91.783218, 26.982422], [-91.783218, 26.981735], [-91.782532, 26.981735], [-91.782532, 26.980362], [-91.781845, 26.980362], [-91.781845, 26.979675], [-91.781158, 26.979675], [-91.781158, 26.978989], [-91.780472, 26.978989], [-91.780472, 26.978302], [-91.779785, 26.978302], [-91.779785, 26.974869], [-91.779099, 26.974869], [-91.779099, 26.974182], [-91.779785, 26.974182], [-91.779785, 26.971436], [-91.779099, 26.971436], [-91.779099, 26.969376], [-91.778412, 26.969376], [-91.778412, 26.968689], [-91.777725, 26.968689], [-91.777725, 26.968002], [-91.776352, 26.968002], [-91.776352, 26.967316], [-91.775665, 26.967316], [-91.775665, 26.966629], [-91.770172, 26.966629], [-91.770172, 26.965942], [-91.769485, 26.965942], [-91.769485, 26.962509], [-91.768799, 26.962509], [-91.768799, 26.961136], [-91.767426, 26.961136], [-91.767426, 26.960449], [-91.766052, 26.960449], [-91.766052, 26.961136], [-91.764679, 26.961136], [-91.764679, 26.960449], [-91.763992, 26.960449], [-91.763992, 26.959763], [-91.762619, 26.959763], [-91.762619, 26.957016], [-91.761932, 26.957016], [-91.761932, 26.956329], [-91.757126, 26.956329], [-91.757126, 26.955643], [-91.755753, 26.955643], [-91.755753, 26.954956], [-91.755066, 26.954956], [-91.755066, 26.953583], [-91.753693, 26.953583], [-91.753693, 26.952209], [-91.753006, 26.952209], [-91.753006, 26.951523], [-91.752319, 26.951523], [-91.752319, 26.95015], [-91.751633, 26.95015], [-91.751633, 26.948776], [-91.750259, 26.948776], [-91.750259, 26.947403], [-91.749573, 26.947403], [-91.749573, 26.94603], [-91.748886, 26.94603], [-91.748886, 26.94397], [-91.748199, 26.94397], [-91.748199, 26.943283], [-91.747513, 26.943283], [-91.747513, 26.94397], [-91.746826, 26.94397], [-91.746826, 26.942596], [-91.74614, 26.942596], [-91.74614, 26.941223], [-91.745453, 26.941223], [-91.745453, 26.93985], [-91.74408, 26.93985], [-91.74408, 26.938477], [-91.743393, 26.938477], [-91.743393, 26.93779], [-91.742706, 26.93779], [-91.742706, 26.937103], [-91.741333, 26.937103], [-91.741333, 26.936417], [-91.743393, 26.936417], [-91.743393, 26.93573], [-91.742706, 26.93573], [-91.742706, 26.932983], [-91.74202, 26.932983], [-91.74202, 26.932297], [-91.741333, 26.932297], [-91.741333, 26.93161], [-91.740646, 26.93161], [-91.740646, 26.930237], [-91.73996, 26.930237], [-91.73996, 26.92955], [-91.739273, 26.92955], [-91.739273, 26.926117], [-91.738586, 26.926117], [-91.738586, 26.92543], [-91.7379, 26.92543], [-91.7379, 26.924744], [-91.737213, 26.924744], [-91.737213, 26.92337], [-91.736526, 26.92337], [-91.736526, 26.921997], [-91.73584, 26.921997], [-91.73584, 26.918564], [-91.734467, 26.918564], [-91.734467, 26.917877], [-91.73378, 26.917877], [-91.73378, 26.916504], [-91.733093, 26.916504], [-91.733093, 26.915817], [-91.732407, 26.915817], [-91.732407, 26.914444], [-91.73172, 26.914444], [-91.73172, 26.913071], [-91.731033, 26.913071], [-91.731033, 26.912384], [-91.730347, 26.912384], [-91.730347, 26.913071], [-91.728287, 26.913071], [-91.728287, 26.912384], [-91.7276, 26.912384], [-91.7276, 26.911011], [-91.726913, 26.911011], [-91.726913, 26.910324], [-91.72554, 26.910324], [-91.72554, 26.908951], [-91.724854, 26.908951], [-91.724854, 26.906891], [-91.724167, 26.906891], [-91.724167, 26.906204], [-91.722794, 26.906204], [-91.722794, 26.905518], [-91.720734, 26.905518], [-91.720734, 26.904831], [-91.71936, 26.904831], [-91.71936, 26.904144], [-91.717987, 26.904144], [-91.717987, 26.902771], [-91.716614, 26.902771], [-91.716614, 26.902084], [-91.714554, 26.902084], [-91.714554, 26.901398], [-91.713181, 26.901398], [-91.713181, 26.900024], [-91.711807, 26.900024], [-91.711807, 26.899338], [-91.711121, 26.899338], [-91.711121, 26.898651], [-91.710434, 26.898651], [-91.710434, 26.897964], [-91.709061, 26.897964], [-91.709061, 26.896591], [-91.708374, 26.896591], [-91.708374, 26.895905], [-91.707687, 26.895905], [-91.707687, 26.895218], [-91.707001, 26.895218], [-91.707001, 26.894531], [-91.706314, 26.894531], [-91.706314, 26.892471], [-91.707687, 26.892471], [-91.707687, 26.893158], [-91.708374, 26.893158], [-91.708374, 26.895218], [-91.709061, 26.895218], [-91.709061, 26.895905], [-91.711807, 26.895905], [-91.711807, 26.896591], [-91.712494, 26.896591], [-91.712494, 26.897278], [-91.713181, 26.897278], [-91.713181, 26.897964], [-91.71524, 26.897964], [-91.71524, 26.898651], [-91.7173, 26.898651], [-91.7173, 26.899338], [-91.717987, 26.899338], [-91.717987, 26.901398], [-91.720047, 26.901398], [-91.720047, 26.902084], [-91.72142, 26.902084], [-91.72142, 26.902771], [-91.722107, 26.902771], [-91.722107, 26.903458], [-91.724167, 26.903458], [-91.724167, 26.904831], [-91.724854, 26.904831], [-91.724854, 26.906204], [-91.726227, 26.906204], [-91.726227, 26.908264], [-91.726913, 26.908264], [-91.726913, 26.908951], [-91.7276, 26.908951], [-91.7276, 26.909637], [-91.72966, 26.909637], [-91.72966, 26.910324], [-91.730347, 26.910324], [-91.730347, 26.911011], [-91.73172, 26.911011], [-91.73172, 26.911697], [-91.733093, 26.911697], [-91.733093, 26.913071], [-91.73378, 26.913071], [-91.73378, 26.915131], [-91.73584, 26.915131], [-91.73584, 26.915817], [-91.736526, 26.915817], [-91.736526, 26.917877], [-91.737213, 26.917877], [-91.737213, 26.918564], [-91.738586, 26.918564], [-91.738586, 26.919937], [-91.739273, 26.919937], [-91.739273, 26.920624], [-91.73996, 26.920624], [-91.73996, 26.92131], [-91.74202, 26.92131], [-91.74202, 26.921997], [-91.743393, 26.921997], [-91.743393, 26.922684], [-91.74408, 26.922684], [-91.74408, 26.92337], [-91.745453, 26.92337], [-91.745453, 26.924057], [-91.746826, 26.924057], [-91.746826, 26.924744], [-91.747513, 26.924744], [-91.747513, 26.92543], [-91.748199, 26.92543], [-91.748199, 26.926117], [-91.749573, 26.926117], [-91.749573, 26.926804], [-91.750259, 26.926804], [-91.750259, 26.92749], [-91.750946, 26.92749], [-91.750946, 26.928177], [-91.752319, 26.928177], [-91.752319, 26.928864], [-91.753006, 26.928864], [-91.753006, 26.92955], [-91.755753, 26.92955], [-91.755753, 26.930923], [-91.756439, 26.930923], [-91.756439, 26.93161], [-91.758499, 26.93161], [-91.758499, 26.932983], [-91.759186, 26.932983], [-91.759186, 26.93367], [-91.759872, 26.93367], [-91.759872, 26.934357], [-91.761932, 26.934357], [-91.761932, 26.935043], [-91.762619, 26.935043], [-91.762619, 26.936417], [-91.763306, 26.936417], [-91.763306, 26.937103], [-91.763992, 26.937103], [-91.763992, 26.93779], [-91.765366, 26.93779], [-91.765366, 26.938477], [-91.766052, 26.938477], [-91.766052, 26.93985], [-91.766739, 26.93985], [-91.766739, 26.940536], [-91.768799, 26.940536], [-91.768799, 26.941223], [-91.769485, 26.941223], [-91.769485, 26.94191], [-91.770172, 26.94191], [-91.770172, 26.942596], [-91.770859, 26.942596], [-91.770859, 26.943283], [-91.771545, 26.943283], [-91.771545, 26.94397], [-91.772232, 26.94397], [-91.772232, 26.944656], [-91.773605, 26.944656], [-91.773605, 26.945343], [-91.774292, 26.945343], [-91.774292, 26.94603], [-91.774979, 26.94603], [-91.774979, 26.946716], [-91.776352, 26.946716], [-91.776352, 26.947403], [-91.777039, 26.947403], [-91.777039, 26.94809], [-91.781845, 26.94809], [-91.781845, 26.947403], [-91.782532, 26.947403], [-91.782532, 26.94809], [-91.783218, 26.94809], [-91.783218, 26.948776], [-91.783905, 26.948776], [-91.783905, 26.949463], [-91.787338, 26.949463], [-91.787338, 26.95015], [-91.788712, 26.95015], [-91.788712, 26.950836], [-91.790085, 26.950836], [-91.790085, 26.951523], [-91.791458, 26.951523], [-91.791458, 26.952896], [-91.792145, 26.952896], [-91.792145, 26.954269], [-91.792831, 26.954269], [-91.792831, 26.954956], [-91.794205, 26.954956], [-91.794205, 26.955643], [-91.794891, 26.955643], [-91.794891, 26.957016], [-91.795578, 26.957016], [-91.795578, 26.957703], [-91.796951, 26.957703], [-91.796951, 26.959763], [-91.798325, 26.959763], [-91.798325, 26.960449], [-91.799011, 26.960449], [-91.799011, 26.961136], [-91.800385, 26.961136], [-91.800385, 26.961823], [-91.801071, 26.961823], [-91.801071, 26.962509], [-91.802444, 26.962509], [-91.802444, 26.963196], [-91.803818, 26.963196], [-91.803818, 26.964569], [-91.804504, 26.964569], [-91.804504, 26.966629], [-91.805191, 26.966629], [-91.805191, 26.967316], [-91.805878, 26.967316], [-91.805878, 26.968002], [-91.806564, 26.968002], [-91.806564, 26.970062], [-91.807251, 26.970062], [-91.807251, 26.972809], [-91.807938, 26.972809], [-91.807938, 26.973495], [-91.808624, 26.973495], [-91.808624, 26.974869], [-91.809311, 26.974869], [-91.809311, 26.976242], [-91.809998, 26.976242], [-91.809998, 26.976929], [-91.810684, 26.976929], [-91.810684, 26.978989], [-91.811371, 26.978989], [-91.811371, 26.980362], [-91.812744, 26.980362], [-91.812744, 26.981049], [-91.813431, 26.981049], [-91.813431, 26.982422], [-91.814117, 26.982422], [-91.814117, 26.983109], [-91.814804, 26.983109], [-91.814804, 26.985855], [-91.815491, 26.985855], [-91.815491, 26.986542], [-91.816864, 26.986542], [-91.816864, 26.988602], [-91.817551, 26.988602], [-91.817551, 26.989975], [-91.818924, 26.989975], [-91.818924, 26.991348], [-91.819611, 26.991348], [-91.819611, 26.992035], [-91.820297, 26.992035], [-91.820297, 26.992722], [-91.821671, 26.992722], [-91.821671, 26.993408], [-91.822357, 26.993408], [-91.822357, 26.994095], [-91.823044, 26.994095], [-91.823044, 26.995468], [-91.824417, 26.995468], [-91.824417, 26.996155], [-91.82579, 26.996155], [-91.82579, 26.996841], [-91.826477, 26.996841], [-91.826477, 26.997528], [-91.82579, 26.997528], [-91.82579, 26.998215], [-91.826477, 26.998215], [-91.826477, 26.998901], [-91.827164, 26.998901], [-91.827164, 27.000275], [-91.82785, 27.000275], [-91.82785, 27.001648], [-91.828537, 27.001648], [-91.828537, 27.005768], [-91.829224, 27.005768], [-91.829224, 27.011261], [-91.828537, 27.011261], [-91.828537, 27.012634], [-91.829224, 27.012634], [-91.829224, 27.013321], [-91.82991, 27.013321], [-91.82991, 27.014008], [-91.830597, 27.014008], [-91.830597, 27.016754], [-91.833344, 27.016754], [-91.833344, 27.018814], [-91.83403, 27.018814], [-91.83403, 27.019501], [-91.834717, 27.019501], [-91.834717, 27.020874], [-91.835403, 27.020874], [-91.835403, 27.023621], [-91.83609, 27.023621], [-91.83609, 27.024994], [-91.836777, 27.024994], [-91.836777, 27.026367], [-91.838837, 27.026367], [-91.838837, 27.027054], [-91.840897, 27.027054], [-91.840897, 27.02774], [-91.84227, 27.02774], [-91.84227, 27.029114], [-91.843643, 27.029114], [-91.843643, 27.030487], [-91.84433, 27.030487], [-91.84433, 27.031174], [-91.847076, 27.031174], [-91.847076, 27.03186], [-91.84845, 27.03186], [-91.84845, 27.032547], [-91.85051, 27.032547], [-91.85051, 27.033234], [-91.851883, 27.033234], [-91.851883, 27.032547], [-91.85257, 27.032547], [-91.85257, 27.033234], [-91.853943, 27.033234], [-91.853943, 27.032547], [-91.855316, 27.032547], [-91.855316, 27.031174], [-91.857376, 27.031174], [-91.857376, 27.030487], [-91.859436, 27.030487], [-91.859436, 27.0298], [-91.860809, 27.0298], [-91.860809, 27.029114], [-91.870422, 27.029114], [-91.870422, 27.02774], [-91.869736, 27.02774], [-91.869736, 27.027054], [-91.870422, 27.027054], [-91.870422, 27.025681], [-91.871109, 27.025681], [-91.871109, 27.026367], [-91.872482, 27.026367], [-91.872482, 27.027054], [-91.873856, 27.027054], [-91.873856, 27.02774], [-91.874542, 27.02774], [-91.874542, 27.026367], [-91.876602, 27.026367], [-91.876602, 27.025681], [-91.877289, 27.025681], [-91.877289, 27.024994], [-91.877975, 27.024994], [-91.877975, 27.025681], [-91.878662, 27.025681], [-91.878662, 27.024307], [-91.877975, 27.024307], [-91.877975, 27.022934], [-91.878662, 27.022934], [-91.878662, 27.022247], [-91.877975, 27.022247], [-91.877975, 27.021561], [-91.876602, 27.021561], [-91.876602, 27.022247], [-91.874542, 27.022247], [-91.874542, 27.021561], [-91.873169, 27.021561], [-91.873169, 27.020874], [-91.871109, 27.020874], [-91.871109, 27.019501], [-91.870422, 27.019501], [-91.870422, 27.018814], [-91.869049, 27.018814], [-91.869049, 27.016754], [-91.866989, 27.016754], [-91.866989, 27.013321], [-91.870422, 27.013321], [-91.870422, 27.014694], [-91.871109, 27.014694], [-91.871109, 27.015381], [-91.871796, 27.015381], [-91.871796, 27.016068], [-91.872482, 27.016068], [-91.872482, 27.015381], [-91.873169, 27.015381], [-91.873169, 27.016068], [-91.873856, 27.016068], [-91.873856, 27.016754], [-91.872482, 27.016754], [-91.872482, 27.018127], [-91.873169, 27.018127], [-91.873169, 27.018814], [-91.873856, 27.018814], [-91.873856, 27.020187], [-91.877975, 27.020187], [-91.877975, 27.020874], [-91.879349, 27.020874], [-91.879349, 27.020187], [-91.880035, 27.020187], [-91.880035, 27.022934], [-91.879349, 27.022934], [-91.879349, 27.023621], [-91.881409, 27.023621], [-91.881409, 27.024307], [-91.884842, 27.024307], [-91.884842, 27.024994], [-91.885529, 27.024994], [-91.885529, 27.028427], [-91.886215, 27.028427], [-91.886215, 27.0298], [-91.886902, 27.0298], [-91.886902, 27.030487], [-91.888275, 27.030487], [-91.888275, 27.031174], [-91.888962, 27.031174], [-91.888962, 27.03186], [-91.890335, 27.03186], [-91.890335, 27.032547], [-91.891708, 27.032547], [-91.891708, 27.03186], [-91.892395, 27.03186], [-91.892395, 27.031174], [-91.893082, 27.031174], [-91.893082, 27.030487], [-91.895142, 27.030487], [-91.895142, 27.031174], [-91.898575, 27.031174], [-91.898575, 27.03186], [-91.899948, 27.03186], [-91.899948, 27.032547], [-91.902008, 27.032547], [-91.902008, 27.033234], [-91.903381, 27.033234], [-91.903381, 27.03392], [-91.904068, 27.03392], [-91.904068, 27.034607], [-91.904755, 27.034607], [-91.904755, 27.033234], [-91.904068, 27.033234], [-91.904068, 27.03186], [-91.902695, 27.03186], [-91.902695, 27.030487], [-91.899261, 27.030487], [-91.899261, 27.0298], [-91.898575, 27.0298], [-91.898575, 27.029114], [-91.897888, 27.029114], [-91.897888, 27.028427], [-91.898575, 27.028427], [-91.898575, 27.02774], [-91.899948, 27.02774], [-91.899948, 27.029114], [-91.900635, 27.029114], [-91.900635, 27.027054], [-91.899948, 27.027054], [-91.899948, 27.026367], [-91.897888, 27.026367], [-91.897888, 27.025681], [-91.896515, 27.025681], [-91.896515, 27.024307], [-91.895828, 27.024307], [-91.895828, 27.023621], [-91.893768, 27.023621], [-91.893768, 27.022934], [-91.892395, 27.022934], [-91.892395, 27.022247], [-91.891022, 27.022247], [-91.891022, 27.021561], [-91.887589, 27.021561], [-91.887589, 27.020874], [-91.886902, 27.020874], [-91.886902, 27.020187], [-91.890335, 27.020187], [-91.890335, 27.020874], [-91.891708, 27.020874], [-91.891708, 27.021561], [-91.893768, 27.021561], [-91.893768, 27.020874], [-91.894455, 27.020874], [-91.894455, 27.022247], [-91.895828, 27.022247], [-91.895828, 27.022934], [-91.898575, 27.022934], [-91.898575, 27.023621], [-91.899261, 27.023621], [-91.899261, 27.024307], [-91.899948, 27.024307], [-91.899948, 27.025681], [-91.900635, 27.025681], [-91.900635, 27.026367], [-91.901321, 27.026367], [-91.901321, 27.02774], [-91.902008, 27.02774], [-91.902008, 27.029114], [-91.902695, 27.029114], [-91.902695, 27.0298], [-91.904068, 27.0298], [-91.904068, 27.030487], [-91.904755, 27.030487], [-91.904755, 27.031174], [-91.906128, 27.031174], [-91.906128, 27.03186], [-91.906815, 27.03186], [-91.906815, 27.033234], [-91.906128, 27.033234], [-91.906128, 27.03392], [-91.905441, 27.03392], [-91.905441, 27.035294], [-91.906128, 27.035294], [-91.906128, 27.03598], [-91.907501, 27.03598], [-91.907501, 27.035294], [-91.908875, 27.035294], [-91.908875, 27.03598], [-91.910248, 27.03598], [-91.910248, 27.034607], [-91.910934, 27.034607], [-91.910934, 27.03598], [-91.911621, 27.03598], [-91.911621, 27.036667], [-91.912308, 27.036667], [-91.912308, 27.037354], [-91.915054, 27.037354], [-91.915054, 27.039413], [-91.915741, 27.039413], [-91.915741, 27.0401], [-91.916428, 27.0401], [-91.916428, 27.040787], [-91.918488, 27.040787], [-91.918488, 27.041473], [-91.917801, 27.041473], [-91.917801, 27.04216], [-91.918488, 27.04216], [-91.918488, 27.042847], [-91.919174, 27.042847], [-91.919174, 27.04422], [-91.919861, 27.04422], [-91.919861, 27.045593], [-91.920547, 27.045593], [-91.920547, 27.04628], [-91.921921, 27.04628], [-91.921921, 27.046967], [-91.922607, 27.046967], [-91.922607, 27.049026], [-91.923294, 27.049026], [-91.923294, 27.049713], [-91.923981, 27.049713], [-91.923981, 27.051086], [-91.924667, 27.051086], [-91.924667, 27.05246], [-91.926041, 27.05246], [-91.926041, 27.05452], [-91.926727, 27.05452], [-91.926727, 27.055206], [-91.927414, 27.055206], [-91.927414, 27.055893], [-91.928787, 27.055893], [-91.928787, 27.05658], [-91.929474, 27.05658], [-91.929474, 27.057266], [-91.930161, 27.057266], [-91.930161, 27.05864], [-91.931534, 27.05864], [-91.931534, 27.059326], [-91.93222, 27.059326], [-91.93222, 27.061386], [-91.932907, 27.061386], [-91.932907, 27.062073], [-91.93428, 27.062073], [-91.93428, 27.062759], [-91.934967, 27.062759], [-91.934967, 27.064133], [-91.935654, 27.064133], [-91.935654, 27.064819], [-91.93634, 27.064819], [-91.93634, 27.065506], [-91.937027, 27.065506], [-91.937027, 27.066193], [-91.937714, 27.066193], [-91.937714, 27.066879], [-91.937027, 27.066879], [-91.937027, 27.068253], [-91.941147, 27.068253], [-91.941147, 27.069626], [-91.937027, 27.069626], [-91.937027, 27.068939], [-91.93634, 27.068939], [-91.93634, 27.068253], [-91.934967, 27.068253], [-91.934967, 27.067566], [-91.93428, 27.067566], [-91.93428, 27.065506], [-91.93222, 27.065506], [-91.93222, 27.064819], [-91.931534, 27.064819], [-91.931534, 27.064133], [-91.930847, 27.064133], [-91.930847, 27.063446], [-91.929474, 27.063446], [-91.929474, 27.062759], [-91.928787, 27.062759], [-91.928787, 27.060013], [-91.926041, 27.060013]], [[-91.878662, 27.025681], [-91.878662, 27.026367], [-91.879349, 27.026367], [-91.879349, 27.025681], [-91.878662, 27.025681]], [[-91.757813, 26.952896], [-91.757813, 26.950836], [-91.757126, 26.950836], [-91.757126, 26.949463], [-91.756439, 26.949463], [-91.756439, 26.948776], [-91.755066, 26.948776], [-91.755066, 26.94809], [-91.752319, 26.94809], [-91.752319, 26.949463], [-91.753006, 26.949463], [-91.753006, 26.95015], [-91.753693, 26.95015], [-91.753693, 26.950836], [-91.754379, 26.950836], [-91.754379, 26.95015], [-91.755066, 26.95015], [-91.755066, 26.950836], [-91.755753, 26.950836], [-91.755753, 26.951523], [-91.757126, 26.951523], [-91.757126, 26.952209], [-91.756439, 26.952209], [-91.756439, 26.952896], [-91.757813, 26.952896]], [[-91.752319, 26.94809], [-91.752319, 26.947403], [-91.751633, 26.947403], [-91.751633, 26.94809], [-91.752319, 26.94809]], [[-91.757813, 26.954269], [-91.757813, 26.953583], [-91.757126, 26.953583], [-91.757126, 26.954269], [-91.757813, 26.954269]], [[-91.783905, 26.978989], [-91.783905, 26.978302], [-91.783218, 26.978302], [-91.783218, 26.978989], [-91.783905, 26.978989]], [[-91.789398, 26.989288], [-91.789398, 26.988602], [-91.788712, 26.988602], [-91.788712, 26.989288], [-91.789398, 26.989288]], [[-91.791458, 26.996155], [-91.791458, 26.994781], [-91.790771, 26.994781], [-91.790771, 26.996155], [-91.791458, 26.996155]], [[-91.801071, 26.991348], [-91.801071, 26.989975], [-91.799698, 26.989975], [-91.799698, 26.990662], [-91.800385, 26.990662], [-91.800385, 26.991348], [-91.801071, 26.991348]], [[-91.877975, 27.029114], [-91.877975, 27.02774], [-91.877289, 27.02774], [-91.877289, 27.029114], [-91.877975, 27.029114]], [[-91.894455, 27.038727], [-91.894455, 27.037354], [-91.893082, 27.037354], [-91.893082, 27.03804], [-91.893768, 27.03804], [-91.893768, 27.038727], [-91.894455, 27.038727]], [[-91.919861, 27.05246], [-91.919861, 27.051773], [-91.920547, 27.051773], [-91.920547, 27.051086], [-91.919174, 27.051086], [-91.919174, 27.0504], [-91.918488, 27.0504], [-91.918488, 27.049713], [-91.917801, 27.049713], [-91.917801, 27.04834], [-91.917114, 27.04834], [-91.917114, 27.046967], [-91.915741, 27.046967], [-91.915741, 27.045593], [-91.915054, 27.045593], [-91.915054, 27.044907], [-91.913681, 27.044907], [-91.913681, 27.042847], [-91.912994, 27.042847], [-91.912994, 27.04216], [-91.911621, 27.04216], [-91.911621, 27.041473], [-91.910934, 27.041473], [-91.910934, 27.040787], [-91.910248, 27.040787], [-91.910248, 27.0401], [-91.909561, 27.0401], [-91.909561, 27.039413], [-91.908875, 27.039413], [-91.908875, 27.038727], [-91.906128, 27.038727], [-91.906128, 27.037354], [-91.904068, 27.037354], [-91.904068, 27.036667], [-91.902695, 27.036667], [-91.902695, 27.03598], [-91.901321, 27.03598], [-91.901321, 27.035294], [-91.900635, 27.035294], [-91.900635, 27.03598], [-91.899948, 27.03598], [-91.899948, 27.036667], [-91.898575, 27.036667], [-91.898575, 27.03804], [-91.897888, 27.03804], [-91.897888, 27.036667], [-91.895828, 27.036667], [-91.895828, 27.038727], [-91.896515, 27.038727], [-91.896515, 27.040787], [-91.898575, 27.040787], [-91.898575, 27.04216], [-91.900635, 27.04216], [-91.900635, 27.041473], [-91.901321, 27.041473], [-91.901321, 27.039413], [-91.902008, 27.039413], [-91.902008, 27.0401], [-91.902695, 27.0401], [-91.902695, 27.039413], [-91.903381, 27.039413], [-91.903381, 27.040787], [-91.904068, 27.040787], [-91.904068, 27.042847], [-91.904755, 27.042847], [-91.904755, 27.043533], [-91.906815, 27.043533], [-91.906815, 27.045593], [-91.907501, 27.045593], [-91.907501, 27.04628], [-91.909561, 27.04628], [-91.909561, 27.047653], [-91.910248, 27.047653], [-91.910248, 27.049026], [-91.912994, 27.049026], [-91.912994, 27.049713], [-91.913681, 27.049713], [-91.913681, 27.0504], [-91.915054, 27.0504], [-91.915054, 27.051086], [-91.917114, 27.051086], [-91.917114, 27.051773], [-91.917801, 27.051773], [-91.917801, 27.05246], [-91.919861, 27.05246]]], [[[-91.953506, 27.103271], [-91.95282, 27.103271], [-91.95282, 27.102585], [-91.953506, 27.102585], [-91.953506, 27.103271]]], [[[-91.95282, 27.102585], [-91.951447, 27.102585], [-91.951447, 27.103271], [-91.952133, 27.103271], [-91.952133, 27.103958], [-91.953506, 27.103958], [-91.953506, 27.104645], [-91.954193, 27.104645], [-91.954193, 27.108078], [-91.95488, 27.108078], [-91.95488, 27.109451], [-91.955566, 27.109451], [-91.955566, 27.110825], [-91.95488, 27.110825], [-91.95488, 27.111511], [-91.953506, 27.111511], [-91.953506, 27.114258], [-91.951447, 27.114258], [-91.951447, 27.110825], [-91.952133, 27.110825], [-91.952133, 27.110138], [-91.951447, 27.110138], [-91.951447, 27.104645], [-91.95076, 27.104645], [-91.95076, 27.102585], [-91.950073, 27.102585], [-91.950073, 27.099838], [-91.949387, 27.099838], [-91.949387, 27.099152], [-91.9487, 27.099152], [-91.9487, 27.095718], [-91.949387, 27.095718], [-91.949387, 27.096405], [-91.950073, 27.096405], [-91.950073, 27.098465], [-91.95076, 27.098465], [-91.95076, 27.099152], [-91.951447, 27.099152], [-91.951447, 27.101212], [-91.952133, 27.101212], [-91.952133, 27.101898], [-91.95282, 27.101898], [-91.95282, 27.102585]]], [[[-91.9487, 27.095718], [-91.948013, 27.095718], [-91.948013, 27.095032], [-91.947327, 27.095032], [-91.947327, 27.094345], [-91.94664, 27.094345], [-91.94664, 27.093658], [-91.945953, 27.093658], [-91.945953, 27.092285], [-91.945267, 27.092285], [-91.945267, 27.090912], [-91.94458, 27.090912], [-91.94458, 27.089539], [-91.943893, 27.089539], [-91.943893, 27.088165], [-91.943207, 27.088165], [-91.943207, 27.085419], [-91.94458, 27.085419], [-91.94458, 27.088852], [-91.945267, 27.088852], [-91.945267, 27.089539], [-91.945953, 27.089539], [-91.945953, 27.090912], [-91.94664, 27.090912], [-91.94664, 27.091599], [-91.948013, 27.091599], [-91.948013, 27.092285], [-91.9487, 27.092285], [-91.9487, 27.095718]]], [[[-91.943207, 27.085419], [-91.94252, 27.085419], [-91.94252, 27.084045], [-91.943207, 27.084045], [-91.943207, 27.085419]]], [[[-91.94252, 27.084045], [-91.941833, 27.084045], [-91.941833, 27.083359], [-91.941147, 27.083359], [-91.941147, 27.082672], [-91.94046, 27.082672], [-91.94046, 27.081985], [-91.939087, 27.081985], [-91.939087, 27.081299], [-91.937714, 27.081299], [-91.937714, 27.080612], [-91.93634, 27.080612], [-91.93634, 27.078552], [-91.935654, 27.078552], [-91.935654, 27.077179], [-91.934967, 27.077179], [-91.934967, 27.075806], [-91.93428, 27.075806], [-91.93428, 27.074432], [-91.932907, 27.074432], [-91.932907, 27.073746], [-91.93222, 27.073746], [-91.93222, 27.072372], [-91.931534, 27.072372], [-91.931534, 27.070999], [-91.930847, 27.070999], [-91.930847, 27.070313], [-91.930161, 27.070313], [-91.930161, 27.069626], [-91.929474, 27.069626], [-91.929474, 27.068939], [-91.928787, 27.068939], [-91.928787, 27.068253], [-91.928101, 27.068253], [-91.928101, 27.067566], [-91.926727, 27.067566], [-91.926727, 27.064819], [-91.926041, 27.064819], [-91.926041, 27.064133], [-91.925354, 27.064133], [-91.925354, 27.063446], [-91.924667, 27.063446], [-91.924667, 27.061386], [-91.923981, 27.061386], [-91.923981, 27.060013], [-91.923294, 27.060013], [-91.923294, 27.059326], [-91.922607, 27.059326], [-91.922607, 27.05864], [-91.924667, 27.05864], [-91.924667, 27.060013], [-91.926041, 27.060013], [-91.926041, 27.062759], [-91.926727, 27.062759], [-91.926727, 27.063446], [-91.928787, 27.063446], [-91.928787, 27.064133], [-91.929474, 27.064133], [-91.929474, 27.066193], [-91.930847, 27.066193], [-91.930847, 27.068939], [-91.931534, 27.068939], [-91.931534, 27.070313], [-91.932907, 27.070313], [-91.932907, 27.070999], [-91.933594, 27.070999], [-91.933594, 27.071686], [-91.934967, 27.071686], [-91.934967, 27.072372], [-91.935654, 27.072372], [-91.935654, 27.073059], [-91.93634, 27.073059], [-91.93634, 27.075119], [-91.937027, 27.075119], [-91.937027, 27.076492], [-91.9384, 27.076492], [-91.9384, 27.078552], [-91.939087, 27.078552], [-91.939087, 27.079239], [-91.939774, 27.079239], [-91.939774, 27.079926], [-91.94046, 27.079926], [-91.94046, 27.080612], [-91.941147, 27.080612], [-91.941147, 27.081985], [-91.941833, 27.081985], [-91.941833, 27.082672], [-91.94252, 27.082672], [-91.94252, 27.084045]]], [[[-91.902008, 27.046967], [-91.902008, 27.04834], [-91.901321, 27.04834], [-91.901321, 27.046967], [-91.902008, 27.046967]]], [[[-91.869049, 27.036667], [-91.869736, 27.036667], [-91.869736, 27.037354], [-91.871109, 27.037354], [-91.871109, 27.03804], [-91.872482, 27.03804], [-91.872482, 27.038727], [-91.875229, 27.038727], [-91.875229, 27.039413], [-91.877289, 27.039413], [-91.877289, 27.0401], [-91.877975, 27.0401], [-91.877975, 27.039413], [-91.878662, 27.039413], [-91.878662, 27.0401], [-91.880035, 27.0401], [-91.880035, 27.04216], [-91.879349, 27.04216], [-91.879349, 27.041473], [-91.878662, 27.041473], [-91.878662, 27.040787], [-91.874542, 27.040787], [-91.874542, 27.0401], [-91.873169, 27.0401], [-91.873169, 27.040787], [-91.871796, 27.040787], [-91.871796, 27.0401], [-91.871109, 27.0401], [-91.871109, 27.039413], [-91.868362, 27.039413], [-91.868362, 27.038727], [-91.869049, 27.038727], [-91.869049, 27.03804], [-91.868362, 27.03804], [-91.868362, 27.037354], [-91.869049, 27.037354], [-91.869049, 27.036667]]], [[[-91.880035, 27.04216], [-91.880722, 27.04216], [-91.880722, 27.042847], [-91.880035, 27.042847], [-91.880035, 27.04216]]], [[[-91.84227, 27.059326], [-91.84227, 27.057953], [-91.842957, 27.057953], [-91.842957, 27.059326], [-91.84227, 27.059326]]], [[[-91.842957, 27.057953], [-91.842957, 27.05452], [-91.843643, 27.05452], [-91.843643, 27.057953], [-91.842957, 27.057953]]], [[[-91.843643, 27.05452], [-91.843643, 27.051086], [-91.845016, 27.051086], [-91.845016, 27.0504], [-91.845703, 27.0504], [-91.845703, 27.049713], [-91.84639, 27.049713], [-91.84639, 27.049026], [-91.847076, 27.049026], [-91.847076, 27.051086], [-91.84639, 27.051086], [-91.84639, 27.051773], [-91.845703, 27.051773], [-91.845703, 27.05246], [-91.845016, 27.05246], [-91.845016, 27.053833], [-91.84433, 27.053833], [-91.84433, 27.05452], [-91.843643, 27.05452]]], [[[-91.910248, 27.034607], [-91.908875, 27.034607], [-91.908875, 27.03392], [-91.910248, 27.03392], [-91.910248, 27.034607]]], [[[-91.908875, 27.03392], [-91.907501, 27.03392], [-91.907501, 27.033234], [-91.908875, 27.033234], [-91.908875, 27.03392]]], [[[-91.907501, 27.03392], [-91.907501, 27.034607], [-91.906815, 27.034607], [-91.906815, 27.03392], [-91.907501, 27.03392]]], [[[-91.716614, 26.862259], [-91.714554, 26.862259], [-91.714554, 26.861572], [-91.716614, 26.861572], [-91.716614, 26.862259]]], [[[-91.714554, 26.861572], [-91.713867, 26.861572], [-91.713867, 26.860886], [-91.714554, 26.860886], [-91.714554, 26.861572]]], [[[-91.720047, 26.862946], [-91.718674, 26.862946], [-91.718674, 26.862259], [-91.720047, 26.862259], [-91.720047, 26.862946]]], [[[-91.718674, 26.862259], [-91.717987, 26.862259], [-91.717987, 26.861572], [-91.718674, 26.861572], [-91.718674, 26.862259]]], [[[-91.728287, 26.869125], [-91.7276, 26.869125], [-91.7276, 26.868439], [-91.728287, 26.868439], [-91.728287, 26.869125]]], [[[-91.736526, 26.882858], [-91.73584, 26.882858], [-91.73584, 26.882172], [-91.736526, 26.882172], [-91.736526, 26.882858]]], [[[-91.736526, 26.881485], [-91.73584, 26.881485], [-91.73584, 26.880798], [-91.736526, 26.880798], [-91.736526, 26.881485]]], [[[-91.73996, 26.897278], [-91.739273, 26.897278], [-91.739273, 26.895905], [-91.73996, 26.895905], [-91.73996, 26.897278]]], [[[-91.73996, 26.893845], [-91.739273, 26.893845], [-91.739273, 26.893158], [-91.73996, 26.893158], [-91.73996, 26.893845]]], [[[-91.740646, 26.93573], [-91.739273, 26.93573], [-91.739273, 26.935043], [-91.73996, 26.935043], [-91.73996, 26.93367], [-91.740646, 26.93367], [-91.740646, 26.93573]]], [[[-91.740646, 26.899338], [-91.73996, 26.899338], [-91.73996, 26.898651], [-91.740646, 26.898651], [-91.740646, 26.899338]]], [[[-91.756439, 26.879425], [-91.755753, 26.879425], [-91.755753, 26.877365], [-91.755066, 26.877365], [-91.755066, 26.875305], [-91.755753, 26.875305], [-91.755753, 26.873245], [-91.755066, 26.873245], [-91.755066, 26.871872], [-91.753693, 26.871872], [-91.753693, 26.870499], [-91.753006, 26.870499], [-91.753006, 26.868439], [-91.755066, 26.868439], [-91.755066, 26.869125], [-91.755753, 26.869125], [-91.755753, 26.869812], [-91.756439, 26.869812], [-91.756439, 26.870499], [-91.757126, 26.870499], [-91.757126, 26.871185], [-91.756439, 26.871185], [-91.756439, 26.871872], [-91.757813, 26.871872], [-91.757813, 26.873245], [-91.758499, 26.873245], [-91.758499, 26.871872], [-91.759186, 26.871872], [-91.759186, 26.871185], [-91.760559, 26.871185], [-91.760559, 26.873245], [-91.759186, 26.873245], [-91.759186, 26.873932], [-91.757813, 26.873932], [-91.757813, 26.875305], [-91.757126, 26.875305], [-91.757126, 26.876678], [-91.756439, 26.876678], [-91.756439, 26.877365], [-91.757126, 26.877365], [-91.757126, 26.878052], [-91.756439, 26.878052], [-91.756439, 26.879425]]], [[[-91.762619, 26.784668], [-91.761246, 26.784668], [-91.761246, 26.783981], [-91.760559, 26.783981], [-91.760559, 26.783295], [-91.759872, 26.783295], [-91.759872, 26.782608], [-91.759186, 26.782608], [-91.759186, 26.781921], [-91.758499, 26.781921], [-91.758499, 26.779175], [-91.757813, 26.779175], [-91.757813, 26.777115], [-91.758499, 26.777115], [-91.758499, 26.778488], [-91.759872, 26.778488], [-91.759872, 26.781921], [-91.760559, 26.781921], [-91.760559, 26.782608], [-91.761932, 26.782608], [-91.761932, 26.783295], [-91.762619, 26.783295], [-91.762619, 26.784668]]], [[[-91.763306, 26.913071], [-91.762619, 26.913071], [-91.762619, 26.911011], [-91.761932, 26.911011], [-91.761932, 26.909637], [-91.762619, 26.909637], [-91.762619, 26.908951], [-91.763306, 26.908951], [-91.763306, 26.911697], [-91.763992, 26.911697], [-91.763992, 26.912384], [-91.763306, 26.912384], [-91.763306, 26.913071]]], [[[-91.763306, 26.786041], [-91.762619, 26.786041], [-91.762619, 26.785355], [-91.763306, 26.785355], [-91.763306, 26.786041]]], [[[-91.768112, 26.779861], [-91.766739, 26.779861], [-91.766739, 26.778488], [-91.766052, 26.778488], [-91.766052, 26.777115], [-91.766739, 26.777115], [-91.766739, 26.777802], [-91.767426, 26.777802], [-91.767426, 26.778488], [-91.768112, 26.778488], [-91.768112, 26.779861]]], [[[-91.766052, 26.777115], [-91.764679, 26.777115], [-91.764679, 26.774368], [-91.765366, 26.774368], [-91.765366, 26.776428], [-91.766052, 26.776428], [-91.766052, 26.777115]]], [[[-91.764679, 26.774368], [-91.763306, 26.774368], [-91.763306, 26.772308], [-91.763992, 26.772308], [-91.763992, 26.772995], [-91.764679, 26.772995], [-91.764679, 26.774368]]], [[[-91.769485, 26.911011], [-91.766052, 26.911011], [-91.766052, 26.910324], [-91.764679, 26.910324], [-91.764679, 26.909637], [-91.766739, 26.909637], [-91.766739, 26.910324], [-91.768112, 26.910324], [-91.768112, 26.908951], [-91.768799, 26.908951], [-91.768799, 26.910324], [-91.769485, 26.910324], [-91.769485, 26.911011]]], [[[-91.774979, 26.963882], [-91.772919, 26.963882], [-91.772919, 26.962509], [-91.774292, 26.962509], [-91.774292, 26.963196], [-91.774979, 26.963196], [-91.774979, 26.963882]]], [[[-91.774979, 26.913071], [-91.773605, 26.913071], [-91.773605, 26.912384], [-91.772919, 26.912384], [-91.772919, 26.911697], [-91.774979, 26.911697], [-91.774979, 26.911011], [-91.775665, 26.911011], [-91.775665, 26.911697], [-91.776352, 26.911697], [-91.776352, 26.912384], [-91.774979, 26.912384], [-91.774979, 26.913071]]], [[[-91.784592, 26.974182], [-91.783905, 26.974182], [-91.783905, 26.973495], [-91.784592, 26.973495], [-91.784592, 26.974182]]], [[[-91.783905, 26.973495], [-91.783218, 26.973495], [-91.783218, 26.972809], [-91.783905, 26.972809], [-91.783905, 26.973495]]], [[[-91.789398, 26.915131], [-91.788712, 26.915131], [-91.788712, 26.914444], [-91.789398, 26.914444], [-91.789398, 26.915131]]], [[[-91.790085, 26.916504], [-91.789398, 26.916504], [-91.789398, 26.915817], [-91.790085, 26.915817], [-91.790085, 26.916504]]], [[[-91.814117, 27.03804], [-91.813431, 27.03804], [-91.813431, 27.036667], [-91.812744, 27.036667], [-91.812744, 27.035294], [-91.811371, 27.035294], [-91.811371, 27.034607], [-91.810684, 27.034607], [-91.810684, 27.033234], [-91.804504, 27.033234], [-91.804504, 27.032547], [-91.803818, 27.032547], [-91.803818, 27.03186], [-91.803131, 27.03186], [-91.803131, 27.032547], [-91.802444, 27.032547], [-91.802444, 27.033234], [-91.801758, 27.033234], [-91.801758, 27.03186], [-91.801071, 27.03186], [-91.801071, 27.031174], [-91.799698, 27.031174], [-91.799698, 27.030487], [-91.799011, 27.030487], [-91.799011, 27.027054], [-91.798325, 27.027054], [-91.798325, 27.025681], [-91.797638, 27.025681], [-91.797638, 27.024307], [-91.796951, 27.024307], [-91.796951, 27.021561], [-91.796265, 27.021561], [-91.796265, 27.020874], [-91.795578, 27.020874], [-91.795578, 27.015381], [-91.796265, 27.015381], [-91.796265, 27.016754], [-91.796951, 27.016754], [-91.796951, 27.020187], [-91.799011, 27.020187], [-91.799011, 27.021561], [-91.798325, 27.021561], [-91.798325, 27.022934], [-91.799011, 27.022934], [-91.799011, 27.023621], [-91.799698, 27.023621], [-91.799698, 27.024307], [-91.800385, 27.024307], [-91.800385, 27.025681], [-91.799698, 27.025681], [-91.799698, 27.026367], [-91.801071, 27.026367], [-91.801071, 27.027054], [-91.801758, 27.027054], [-91.801758, 27.0298], [-91.802444, 27.0298], [-91.802444, 27.030487], [-91.803131, 27.030487], [-91.803131, 27.0298], [-91.803818, 27.0298], [-91.803818, 27.030487], [-91.805878, 27.030487], [-91.805878, 27.031174], [-91.810684, 27.031174], [-91.810684, 27.03186], [-91.812057, 27.03186], [-91.812057, 27.032547], [-91.812744, 27.032547], [-91.812744, 27.033234], [-91.813431, 27.033234], [-91.813431, 27.03392], [-91.814117, 27.03392], [-91.814117, 27.03804]]], [[[-91.805191, 26.959076], [-91.803818, 26.959076], [-91.803818, 26.957016], [-91.805191, 26.957016], [-91.805191, 26.959076]]], [[[-91.807251, 26.957016], [-91.806564, 26.957016], [-91.806564, 26.956329], [-91.807251, 26.956329], [-91.807251, 26.957016]]], [[[-91.811371, 26.970062], [-91.809998, 26.970062], [-91.809998, 26.969376], [-91.809311, 26.969376], [-91.809311, 26.968689], [-91.809998, 26.968689], [-91.809998, 26.965942], [-91.810684, 26.965942], [-91.810684, 26.969376], [-91.811371, 26.969376], [-91.811371, 26.970062]]], [[[-91.820984, 27.055206], [-91.820297, 27.055206], [-91.820297, 27.053146], [-91.819611, 27.053146], [-91.819611, 27.05246], [-91.818924, 27.05246], [-91.818924, 27.051773], [-91.817551, 27.051773], [-91.817551, 27.0504], [-91.816864, 27.0504], [-91.816864, 27.049713], [-91.815491, 27.049713], [-91.815491, 27.047653], [-91.814804, 27.047653], [-91.814804, 27.04628], [-91.814117, 27.04628], [-91.814117, 27.044907], [-91.813431, 27.044907], [-91.813431, 27.04422], [-91.814117, 27.04422], [-91.814117, 27.042847], [-91.814804, 27.042847], [-91.814804, 27.040787], [-91.816177, 27.040787], [-91.816177, 27.042847], [-91.815491, 27.042847], [-91.815491, 27.04628], [-91.816864, 27.04628], [-91.816864, 27.045593], [-91.818237, 27.045593], [-91.818237, 27.04628], [-91.818924, 27.04628], [-91.818924, 27.046967], [-91.817551, 27.046967], [-91.817551, 27.049026], [-91.818924, 27.049026], [-91.818924, 27.049713], [-91.820297, 27.049713], [-91.820297, 27.051086], [-91.820984, 27.051086], [-91.820984, 27.051773], [-91.82373, 27.051773], [-91.82373, 27.053146], [-91.820984, 27.053146], [-91.820984, 27.055206]]], [[[-91.814804, 27.0401], [-91.814117, 27.0401], [-91.814117, 27.038727], [-91.814804, 27.038727], [-91.814804, 27.0401]]], [[[-91.816177, 26.972122], [-91.814804, 26.972122], [-91.814804, 26.970749], [-91.814117, 26.970749], [-91.814117, 26.968002], [-91.814804, 26.968002], [-91.814804, 26.968689], [-91.815491, 26.968689], [-91.815491, 26.971436], [-91.816177, 26.971436], [-91.816177, 26.972122]]], [[[-91.816177, 26.976242], [-91.815491, 26.976242], [-91.815491, 26.975555], [-91.816177, 26.975555], [-91.816177, 26.976242]]], [[[-91.816864, 26.974182], [-91.816177, 26.974182], [-91.816177, 26.973495], [-91.816864, 26.973495], [-91.816864, 26.974182]]], [[[-91.820297, 26.985855], [-91.818924, 26.985855], [-91.818924, 26.985168], [-91.820297, 26.985168], [-91.820297, 26.985855]]], [[[-91.829224, 27.067566], [-91.828537, 27.067566], [-91.828537, 27.066879], [-91.82785, 27.066879], [-91.82785, 27.066193], [-91.827164, 27.066193], [-91.827164, 27.064819], [-91.82785, 27.064819], [-91.82785, 27.065506], [-91.829224, 27.065506], [-91.829224, 27.067566]]], [[[-91.827164, 27.064819], [-91.82579, 27.064819], [-91.82579, 27.065506], [-91.824417, 27.065506], [-91.824417, 27.062759], [-91.82373, 27.062759], [-91.82373, 27.062073], [-91.823044, 27.062073], [-91.823044, 27.060699], [-91.824417, 27.060699], [-91.824417, 27.061386], [-91.825104, 27.061386], [-91.825104, 27.062073], [-91.82579, 27.062073], [-91.82579, 27.062759], [-91.826477, 27.062759], [-91.826477, 27.064133], [-91.827164, 27.064133], [-91.827164, 27.064819]]], [[[-91.82991, 26.973495], [-91.828537, 26.973495], [-91.828537, 26.972809], [-91.82785, 26.972809], [-91.82785, 26.972122], [-91.829224, 26.972122], [-91.829224, 26.972809], [-91.82991, 26.972809], [-91.82991, 26.973495]]], [[[-91.838837, 26.976929], [-91.836777, 26.976929], [-91.836777, 26.975555], [-91.83815, 26.975555], [-91.83815, 26.976242], [-91.838837, 26.976242], [-91.838837, 26.976929]]], [[[-91.836777, 26.975555], [-91.83609, 26.975555], [-91.83609, 26.974869], [-91.835403, 26.974869], [-91.835403, 26.974182], [-91.836777, 26.974182], [-91.836777, 26.975555]]], [[[-91.84021, 26.877365], [-91.839523, 26.877365], [-91.839523, 26.876678], [-91.83815, 26.876678], [-91.83815, 26.874619], [-91.836777, 26.874619], [-91.836777, 26.871185], [-91.835403, 26.871185], [-91.835403, 26.867752], [-91.836777, 26.867752], [-91.836777, 26.866379], [-91.83609, 26.866379], [-91.83609, 26.865692], [-91.837463, 26.865692], [-91.837463, 26.867065], [-91.83815, 26.867065], [-91.83815, 26.867752], [-91.838837, 26.867752], [-91.838837, 26.869812], [-91.83815, 26.869812], [-91.83815, 26.871185], [-91.838837, 26.871185], [-91.838837, 26.874619], [-91.839523, 26.874619], [-91.839523, 26.875305], [-91.84021, 26.875305], [-91.84021, 26.877365]]], [[[-91.836777, 26.865005], [-91.83609, 26.865005], [-91.83609, 26.864319], [-91.836777, 26.864319], [-91.836777, 26.865005]]], [[[-91.837463, 26.858139], [-91.836777, 26.858139], [-91.836777, 26.857452], [-91.837463, 26.857452], [-91.837463, 26.858139]]], [[[-91.855316, 26.871185], [-91.85463, 26.871185], [-91.85463, 26.870499], [-91.855316, 26.870499], [-91.855316, 26.871185]]], [[[-91.85463, 26.870499], [-91.853943, 26.870499], [-91.853943, 26.871185], [-91.85257, 26.871185], [-91.85257, 26.868439], [-91.851883, 26.868439], [-91.851883, 26.867065], [-91.851196, 26.867065], [-91.851196, 26.866379], [-91.849823, 26.866379], [-91.849823, 26.871185], [-91.85051, 26.871185], [-91.85051, 26.871872], [-91.851196, 26.871872], [-91.851196, 26.873245], [-91.851883, 26.873245], [-91.851883, 26.872559], [-91.853256, 26.872559], [-91.853256, 26.873932], [-91.853943, 26.873932], [-91.853943, 26.875305], [-91.85463, 26.875305], [-91.85463, 26.875992], [-91.855316, 26.875992], [-91.855316, 26.874619], [-91.856003, 26.874619], [-91.856003, 26.873932], [-91.855316, 26.873932], [-91.855316, 26.871872], [-91.857376, 26.871872], [-91.857376, 26.871185], [-91.858063, 26.871185], [-91.858063, 26.867752], [-91.857376, 26.867752], [-91.857376, 26.867065], [-91.858063, 26.867065], [-91.858063, 26.866379], [-91.858749, 26.866379], [-91.858749, 26.865005], [-91.859436, 26.865005], [-91.859436, 26.864319], [-91.860123, 26.864319], [-91.860123, 26.863632], [-91.861496, 26.863632], [-91.861496, 26.862946], [-91.862183, 26.862946], [-91.862183, 26.861572], [-91.862869, 26.861572], [-91.862869, 26.860886], [-91.864243, 26.860886], [-91.864243, 26.861572], [-91.865616, 26.861572], [-91.865616, 26.860886], [-91.866302, 26.860886], [-91.866302, 26.860199], [-91.866989, 26.860199], [-91.866989, 26.862259], [-91.868362, 26.862259], [-91.868362, 26.862946], [-91.864929, 26.862946], [-91.864929, 26.862259], [-91.864243, 26.862259], [-91.864243, 26.862946], [-91.862869, 26.862946], [-91.862869, 26.863632], [-91.862183, 26.863632], [-91.862183, 26.865005], [-91.861496, 26.865005], [-91.861496, 26.867065], [-91.860809, 26.867065], [-91.860809, 26.867752], [-91.861496, 26.867752], [-91.861496, 26.868439], [-91.860809, 26.868439], [-91.860809, 26.869125], [-91.861496, 26.869125], [-91.861496, 26.869812], [-91.862869, 26.869812], [-91.862869, 26.871872], [-91.863556, 26.871872], [-91.863556, 26.872559], [-91.860123, 26.872559], [-91.860123, 26.873245], [-91.859436, 26.873245], [-91.859436, 26.873932], [-91.858749, 26.873932], [-91.858749, 26.874619], [-91.858063, 26.874619], [-91.858063, 26.875992], [-91.857376, 26.875992], [-91.857376, 26.878738], [-91.856689, 26.878738], [-91.856689, 26.880112], [-91.857376, 26.880112], [-91.857376, 26.880798], [-91.858063, 26.880798], [-91.858063, 26.884232], [-91.858749, 26.884232], [-91.858749, 26.886292], [-91.859436, 26.886292], [-91.859436, 26.886978], [-91.860123, 26.886978], [-91.860123, 26.889038], [-91.860809, 26.889038], [-91.860809, 26.890411], [-91.861496, 26.890411], [-91.861496, 26.891785], [-91.862183, 26.891785], [-91.862183, 26.892471], [-91.862869, 26.892471], [-91.862869, 26.893158], [-91.863556, 26.893158], [-91.863556, 26.893845], [-91.864243, 26.893845], [-91.864243, 26.894531], [-91.864929, 26.894531], [-91.864929, 26.897278], [-91.865616, 26.897278], [-91.865616, 26.898651], [-91.862869, 26.898651], [-91.862869, 26.897964], [-91.860123, 26.897964], [-91.860123, 26.897278], [-91.855316, 26.897278], [-91.855316, 26.896591], [-91.85463, 26.896591], [-91.85463, 26.895905], [-91.853256, 26.895905], [-91.853256, 26.899338], [-91.851883, 26.899338], [-91.851883, 26.898651], [-91.84845, 26.898651], [-91.84845, 26.899338], [-91.847076, 26.899338], [-91.847076, 26.898651], [-91.84639, 26.898651], [-91.84639, 26.897278], [-91.84845, 26.897278], [-91.84845, 26.895905], [-91.849136, 26.895905], [-91.849136, 26.893845], [-91.84845, 26.893845], [-91.84845, 26.891098], [-91.847763, 26.891098], [-91.847763, 26.889725], [-91.847076, 26.889725], [-91.847076, 26.888351], [-91.84639, 26.888351], [-91.84639, 26.887665], [-91.845703, 26.887665], [-91.845703, 26.886978], [-91.845016, 26.886978], [-91.845016, 26.886292], [-91.845703, 26.886292], [-91.845703, 26.884918], [-91.845016, 26.884918], [-91.845016, 26.882172], [-91.843643, 26.882172], [-91.843643, 26.880798], [-91.842957, 26.880798], [-91.842957, 26.880112], [-91.84227, 26.880112], [-91.84227, 26.878738], [-91.842957, 26.878738], [-91.842957, 26.877365], [-91.84227, 26.877365], [-91.84227, 26.875305], [-91.841583, 26.875305], [-91.841583, 26.873932], [-91.840897, 26.873932], [-91.840897, 26.872559], [-91.841583, 26.872559], [-91.841583, 26.871185], [-91.84227, 26.871185], [-91.84227, 26.872559], [-91.842957, 26.872559], [-91.842957, 26.873245], [-91.843643, 26.873245], [-91.843643, 26.871872], [-91.84433, 26.871872], [-91.84433, 26.872559], [-91.845016, 26.872559], [-91.845016, 26.873245], [-91.845703, 26.873245], [-91.845703, 26.871872], [-91.845016, 26.871872], [-91.845016, 26.870499], [-91.845703, 26.870499], [-91.845703, 26.868439], [-91.845016, 26.868439], [-91.845016, 26.866379], [-91.845703, 26.866379], [-91.845703, 26.865692], [-91.845016, 26.865692], [-91.845016, 26.864319], [-91.84433, 26.864319], [-91.84433, 26.862259], [-91.845016, 26.862259], [-91.845016, 26.859512], [-91.845703, 26.859512], [-91.845703, 26.860886], [-91.84639, 26.860886], [-91.84639, 26.865005], [-91.84845, 26.865005], [-91.84845, 26.864319], [-91.849136, 26.864319], [-91.849136, 26.863632], [-91.849823, 26.863632], [-91.849823, 26.862946], [-91.851196, 26.862946], [-91.851196, 26.861572], [-91.851883, 26.861572], [-91.851883, 26.860886], [-91.85463, 26.860886], [-91.85463, 26.860199], [-91.855316, 26.860199], [-91.855316, 26.859512], [-91.857376, 26.859512], [-91.857376, 26.858826], [-91.858063, 26.858826], [-91.858063, 26.858139], [-91.860123, 26.858139], [-91.860123, 26.857452], [-91.861496, 26.857452], [-91.861496, 26.858139], [-91.862183, 26.858139], [-91.862183, 26.858826], [-91.859436, 26.858826], [-91.859436, 26.859512], [-91.858749, 26.859512], [-91.858749, 26.861572], [-91.858063, 26.861572], [-91.858063, 26.862946], [-91.85463, 26.862946], [-91.85463, 26.864319], [-91.853943, 26.864319], [-91.853943, 26.865692], [-91.853256, 26.865692], [-91.853256, 26.866379], [-91.853943, 26.866379], [-91.853943, 26.867065], [-91.85463, 26.867065], [-91.85463, 26.870499]], [[-91.847763, 26.882858], [-91.847763, 26.882172], [-91.84845, 26.882172], [-91.84845, 26.880112], [-91.847763, 26.880112], [-91.847763, 26.878738], [-91.847076, 26.878738], [-91.847076, 26.877365], [-91.84639, 26.877365], [-91.84639, 26.876678], [-91.845703, 26.876678], [-91.845703, 26.875992], [-91.845016, 26.875992], [-91.845016, 26.874619], [-91.843643, 26.874619], [-91.843643, 26.876678], [-91.845016, 26.876678], [-91.845016, 26.877365], [-91.845703, 26.877365], [-91.845703, 26.880112], [-91.84639, 26.880112], [-91.84639, 26.880798], [-91.847076, 26.880798], [-91.847076, 26.881485], [-91.84639, 26.881485], [-91.84639, 26.882172], [-91.847076, 26.882172], [-91.847076, 26.882858], [-91.847763, 26.882858]], [[-91.849823, 26.875992], [-91.849823, 26.874619], [-91.84845, 26.874619], [-91.84845, 26.875992], [-91.849823, 26.875992]], [[-91.861496, 26.897278], [-91.861496, 26.896591], [-91.862869, 26.896591], [-91.862869, 26.895218], [-91.861496, 26.895218], [-91.861496, 26.893158], [-91.860809, 26.893158], [-91.860809, 26.891785], [-91.860123, 26.891785], [-91.860123, 26.891098], [-91.859436, 26.891098], [-91.859436, 26.890411], [-91.858749, 26.890411], [-91.858749, 26.889725], [-91.858063, 26.889725], [-91.858063, 26.889038], [-91.856003, 26.889038], [-91.856003, 26.886978], [-91.855316, 26.886978], [-91.855316, 26.886292], [-91.853256, 26.886292], [-91.853256, 26.885605], [-91.85257, 26.885605], [-91.85257, 26.884918], [-91.85051, 26.884918], [-91.85051, 26.885605], [-91.849823, 26.885605], [-91.849823, 26.888351], [-91.85051, 26.888351], [-91.85051, 26.889725], [-91.851196, 26.889725], [-91.851196, 26.890411], [-91.851883, 26.890411], [-91.851883, 26.891785], [-91.851196, 26.891785], [-91.851196, 26.892471], [-91.851883, 26.892471], [-91.851883, 26.893845], [-91.855316, 26.893845], [-91.855316, 26.895218], [-91.856003, 26.895218], [-91.856003, 26.895905], [-91.860123, 26.895905], [-91.860123, 26.896591], [-91.860809, 26.896591], [-91.860809, 26.897278], [-91.861496, 26.897278]], [[-91.85257, 26.882172], [-91.85257, 26.878738], [-91.85051, 26.878738], [-91.85051, 26.879425], [-91.851196, 26.879425], [-91.851196, 26.882172], [-91.85257, 26.882172]], [[-91.85051, 26.878738], [-91.85051, 26.878052], [-91.849823, 26.878052], [-91.849823, 26.878738], [-91.85051, 26.878738]], [[-91.853256, 26.884232], [-91.853256, 26.883545], [-91.853943, 26.883545], [-91.853943, 26.882858], [-91.851883, 26.882858], [-91.851883, 26.883545], [-91.85257, 26.883545], [-91.85257, 26.884232], [-91.853256, 26.884232]], [[-91.853256, 26.863632], [-91.853256, 26.862946], [-91.85257, 26.862946], [-91.85257, 26.863632], [-91.853256, 26.863632]]], [[[-91.843643, 26.871872], [-91.842957, 26.871872], [-91.842957, 26.870499], [-91.841583, 26.870499], [-91.841583, 26.869812], [-91.840897, 26.869812], [-91.840897, 26.867752], [-91.84021, 26.867752], [-91.84021, 26.866379], [-91.838837, 26.866379], [-91.838837, 26.865005], [-91.839523, 26.865005], [-91.839523, 26.864319], [-91.838837, 26.864319], [-91.838837, 26.863632], [-91.83815, 26.863632], [-91.83815, 26.860886], [-91.837463, 26.860886], [-91.837463, 26.859512], [-91.836777, 26.859512], [-91.836777, 26.858826], [-91.83815, 26.858826], [-91.83815, 26.860199], [-91.838837, 26.860199], [-91.838837, 26.860886], [-91.839523, 26.860886], [-91.839523, 26.862946], [-91.84021, 26.862946], [-91.84021, 26.863632], [-91.840897, 26.863632], [-91.840897, 26.865005], [-91.841583, 26.865005], [-91.841583, 26.865692], [-91.84227, 26.865692], [-91.84227, 26.869125], [-91.842957, 26.869125], [-91.842957, 26.869812], [-91.843643, 26.869812], [-91.843643, 26.871872]]], [[[-91.84227, 26.878738], [-91.841583, 26.878738], [-91.841583, 26.878052], [-91.84227, 26.878052], [-91.84227, 26.878738]]], [[[-92.027664, 26.847153], [-92.024918, 26.847153], [-92.024918, 26.846466], [-92.024231, 26.846466], [-92.024231, 26.845093], [-92.020111, 26.845093], [-92.020111, 26.842346], [-92.015305, 26.842346], [-92.015305, 26.840286], [-92.014618, 26.840286], [-92.014618, 26.8396], [-92.013931, 26.8396], [-92.013931, 26.838913], [-92.013245, 26.838913], [-92.013245, 26.838226], [-92.012558, 26.838226], [-92.012558, 26.83754], [-92.013245, 26.83754], [-92.013245, 26.836166], [-92.012558, 26.836166], [-92.012558, 26.83548], [-92.011871, 26.83548], [-92.011871, 26.83342], [-92.011185, 26.83342], [-92.011185, 26.832733], [-92.009125, 26.832733], [-92.009125, 26.830673], [-92.008438, 26.830673], [-92.008438, 26.829987], [-92.007751, 26.829987], [-92.007751, 26.8293], [-92.005692, 26.8293], [-92.005692, 26.82724], [-92.005005, 26.82724], [-92.005005, 26.826553], [-92.004318, 26.826553], [-92.004318, 26.82312], [-92.002258, 26.82312], [-92.002258, 26.82106], [-92.001572, 26.82106], [-92.001572, 26.820374], [-91.999512, 26.820374], [-91.999512, 26.819687], [-91.998138, 26.819687], [-91.998138, 26.81694], [-91.996765, 26.81694], [-91.996765, 26.816254], [-91.994705, 26.816254], [-91.994705, 26.81488], [-91.994019, 26.81488], [-91.994019, 26.814194], [-91.993332, 26.814194], [-91.993332, 26.813507], [-91.991959, 26.813507], [-91.991959, 26.81282], [-91.990585, 26.81282], [-91.990585, 26.812134], [-91.989899, 26.812134], [-91.989899, 26.81282], [-91.989212, 26.81282], [-91.989212, 26.812134], [-91.988525, 26.812134], [-91.988525, 26.81076], [-91.987839, 26.81076], [-91.987839, 26.810074], [-91.987152, 26.810074], [-91.987152, 26.809387], [-91.988525, 26.809387], [-91.988525, 26.808701], [-91.987839, 26.808701], [-91.987839, 26.806641], [-91.987152, 26.806641], [-91.987152, 26.805954], [-91.987839, 26.805954], [-91.987839, 26.804581], [-91.987152, 26.804581], [-91.987152, 26.803894], [-91.986465, 26.803894], [-91.986465, 26.801834], [-91.985779, 26.801834], [-91.985779, 26.801147], [-91.985092, 26.801147], [-91.985092, 26.800461], [-91.984406, 26.800461], [-91.984406, 26.799774], [-91.983719, 26.799774], [-91.983719, 26.799088], [-91.983032, 26.799088], [-91.983032, 26.795654], [-91.980972, 26.795654], [-91.980972, 26.794968], [-91.981659, 26.794968], [-91.981659, 26.794281], [-91.982346, 26.794281], [-91.982346, 26.793594], [-91.981659, 26.793594], [-91.981659, 26.789474], [-91.980972, 26.789474], [-91.980972, 26.788101], [-91.980286, 26.788101], [-91.980286, 26.786728], [-91.979599, 26.786728], [-91.979599, 26.784668], [-91.978912, 26.784668], [-91.978912, 26.782608], [-91.978226, 26.782608], [-91.978226, 26.781235], [-91.976852, 26.781235], [-91.976852, 26.779861], [-91.976166, 26.779861], [-91.976166, 26.777802], [-91.974792, 26.777802], [-91.974792, 26.777115], [-91.974106, 26.777115], [-91.974106, 26.775055], [-91.973419, 26.775055], [-91.973419, 26.773682], [-91.972733, 26.773682], [-91.972733, 26.771622], [-91.970673, 26.771622], [-91.970673, 26.770248], [-91.969986, 26.770248], [-91.969986, 26.768188], [-91.969299, 26.768188], [-91.969299, 26.767502], [-91.968613, 26.767502], [-91.968613, 26.766129], [-91.967926, 26.766129], [-91.967926, 26.764755], [-91.967239, 26.764755], [-91.967239, 26.764069], [-91.966553, 26.764069], [-91.966553, 26.763382], [-91.965179, 26.763382], [-91.965179, 26.762695], [-91.957626, 26.762695], [-91.957626, 26.762009], [-91.95694, 26.762009], [-91.95694, 26.762695], [-91.956253, 26.762695], [-91.956253, 26.762009], [-91.95488, 26.762009], [-91.95488, 26.764069], [-91.953506, 26.764069], [-91.953506, 26.764755], [-91.952133, 26.764755], [-91.952133, 26.764069], [-91.951447, 26.764069], [-91.951447, 26.764755], [-91.95076, 26.764755], [-91.95076, 26.764069], [-91.950073, 26.764069], [-91.950073, 26.765442], [-91.9487, 26.765442], [-91.9487, 26.764755], [-91.947327, 26.764755], [-91.947327, 26.763382], [-91.94664, 26.763382], [-91.94664, 26.762695], [-91.945267, 26.762695], [-91.945267, 26.762009], [-91.94458, 26.762009], [-91.94458, 26.761322], [-91.943893, 26.761322], [-91.943893, 26.762009], [-91.943207, 26.762009], [-91.943207, 26.762695], [-91.941833, 26.762695], [-91.941833, 26.764069], [-91.941147, 26.764069], [-91.941147, 26.764755], [-91.939774, 26.764755], [-91.939774, 26.764069], [-91.937027, 26.764069], [-91.937027, 26.763382], [-91.935654, 26.763382], [-91.935654, 26.762695], [-91.93222, 26.762695], [-91.93222, 26.761322], [-91.931534, 26.761322], [-91.931534, 26.762695], [-91.930847, 26.762695], [-91.930847, 26.762009], [-91.928787, 26.762009], [-91.928787, 26.759949], [-91.926727, 26.759949], [-91.926727, 26.758575], [-91.925354, 26.758575], [-91.925354, 26.759949], [-91.924667, 26.759949], [-91.924667, 26.761322], [-91.923981, 26.761322], [-91.923981, 26.759949], [-91.923294, 26.759949], [-91.923294, 26.759262], [-91.919861, 26.759262], [-91.919861, 26.759949], [-91.918488, 26.759949], [-91.918488, 26.759262], [-91.917801, 26.759262], [-91.917801, 26.757889], [-91.916428, 26.757889], [-91.916428, 26.758575], [-91.915741, 26.758575], [-91.915741, 26.759262], [-91.914368, 26.759262], [-91.914368, 26.758575], [-91.911621, 26.758575], [-91.911621, 26.757889], [-91.910248, 26.757889], [-91.910248, 26.757202], [-91.909561, 26.757202], [-91.909561, 26.756516], [-91.908875, 26.756516], [-91.908875, 26.757202], [-91.907501, 26.757202], [-91.907501, 26.757889], [-91.906128, 26.757889], [-91.906128, 26.757202], [-91.905441, 26.757202], [-91.905441, 26.757889], [-91.904755, 26.757889], [-91.904755, 26.757202], [-91.904068, 26.757202], [-91.904068, 26.756516], [-91.902008, 26.756516], [-91.902008, 26.757202], [-91.903381, 26.757202], [-91.903381, 26.760635], [-91.904068, 26.760635], [-91.904068, 26.761322], [-91.905441, 26.761322], [-91.905441, 26.762009], [-91.906128, 26.762009], [-91.906128, 26.761322], [-91.907501, 26.761322], [-91.907501, 26.760635], [-91.908875, 26.760635], [-91.908875, 26.762695], [-91.910248, 26.762695], [-91.910248, 26.763382], [-91.912308, 26.763382], [-91.912308, 26.764069], [-91.908875, 26.764069], [-91.908875, 26.763382], [-91.907501, 26.763382], [-91.907501, 26.762695], [-91.906815, 26.762695], [-91.906815, 26.763382], [-91.906128, 26.763382], [-91.906128, 26.762695], [-91.901321, 26.762695], [-91.901321, 26.762009], [-91.899948, 26.762009], [-91.899948, 26.761322], [-91.899261, 26.761322], [-91.899261, 26.759949], [-91.897888, 26.759949], [-91.897888, 26.759262], [-91.897202, 26.759262], [-91.897202, 26.758575], [-91.896515, 26.758575], [-91.896515, 26.757889], [-91.895142, 26.757889], [-91.895142, 26.757202], [-91.893768, 26.757202], [-91.893768, 26.756516], [-91.895828, 26.756516], [-91.895828, 26.757202], [-91.897202, 26.757202], [-91.897202, 26.757889], [-91.897888, 26.757889], [-91.897888, 26.758575], [-91.899948, 26.758575], [-91.899948, 26.755829], [-91.899261, 26.755829], [-91.899261, 26.755142], [-91.897888, 26.755142], [-91.897888, 26.755829], [-91.897202, 26.755829], [-91.897202, 26.753769], [-91.896515, 26.753769], [-91.896515, 26.753082], [-91.894455, 26.753082], [-91.894455, 26.752396], [-91.893082, 26.752396], [-91.893082, 26.751022], [-91.891022, 26.751022], [-91.891022, 26.750336], [-91.888275, 26.750336], [-91.888275, 26.749649], [-91.886902, 26.749649], [-91.886902, 26.750336], [-91.884842, 26.750336], [-91.884842, 26.749649], [-91.884155, 26.749649], [-91.884155, 26.748962], [-91.883469, 26.748962], [-91.883469, 26.749649], [-91.881409, 26.749649], [-91.881409, 26.748962], [-91.877975, 26.748962], [-91.877975, 26.748276], [-91.877289, 26.748276], [-91.877289, 26.746902], [-91.873856, 26.746902], [-91.873856, 26.746216], [-91.871796, 26.746216], [-91.871796, 26.745529], [-91.870422, 26.745529], [-91.870422, 26.744843], [-91.865616, 26.744843], [-91.865616, 26.744156], [-91.863556, 26.744156], [-91.863556, 26.743469], [-91.861496, 26.743469], [-91.861496, 26.744156], [-91.860809, 26.744156], [-91.860809, 26.745529], [-91.860123, 26.745529], [-91.860123, 26.744843], [-91.859436, 26.744843], [-91.859436, 26.744156], [-91.858749, 26.744156], [-91.858749, 26.742783], [-91.857376, 26.742783], [-91.857376, 26.742096], [-91.855316, 26.742096], [-91.855316, 26.740036], [-91.85463, 26.740036], [-91.85463, 26.739349], [-91.853256, 26.739349], [-91.853256, 26.738663], [-91.851196, 26.738663], [-91.851196, 26.737289], [-91.85051, 26.737289], [-91.85051, 26.736603], [-91.849823, 26.736603], [-91.849823, 26.737289], [-91.849136, 26.737289], [-91.849136, 26.737976], [-91.849823, 26.737976], [-91.849823, 26.738663], [-91.84845, 26.738663], [-91.84845, 26.737289], [-91.847763, 26.737289], [-91.847763, 26.736603], [-91.84433, 26.736603], [-91.84433, 26.734543], [-91.84639, 26.734543], [-91.84639, 26.733856], [-91.847763, 26.733856], [-91.847763, 26.735229], [-91.849823, 26.735229], [-91.849823, 26.735916], [-91.85463, 26.735916], [-91.85463, 26.736603], [-91.856689, 26.736603], [-91.856689, 26.737289], [-91.857376, 26.737289], [-91.857376, 26.736603], [-91.858063, 26.736603], [-91.858063, 26.737289], [-91.858749, 26.737289], [-91.858749, 26.736603], [-91.859436, 26.736603], [-91.859436, 26.737289], [-91.860809, 26.737289], [-91.860809, 26.737976], [-91.864929, 26.737976], [-91.864929, 26.738663], [-91.865616, 26.738663], [-91.865616, 26.739349], [-91.868362, 26.739349], [-91.868362, 26.740036], [-91.870422, 26.740036], [-91.870422, 26.740723], [-91.871109, 26.740723], [-91.871109, 26.740036], [-91.873169, 26.740036], [-91.873169, 26.740723], [-91.873856, 26.740723], [-91.873856, 26.742096], [-91.878662, 26.742096], [-91.878662, 26.742783], [-91.880722, 26.742783], [-91.880722, 26.743469], [-91.881409, 26.743469], [-91.881409, 26.744156], [-91.882095, 26.744156], [-91.882095, 26.744843], [-91.888275, 26.744843], [-91.888275, 26.745529], [-91.889648, 26.745529], [-91.889648, 26.746216], [-91.891708, 26.746216], [-91.891708, 26.746902], [-91.892395, 26.746902], [-91.892395, 26.746216], [-91.893082, 26.746216], [-91.893082, 26.746902], [-91.893768, 26.746902], [-91.893768, 26.747589], [-91.894455, 26.747589], [-91.894455, 26.748276], [-91.898575, 26.748276], [-91.898575, 26.748962], [-91.899261, 26.748962], [-91.899261, 26.749649], [-91.900635, 26.749649], [-91.900635, 26.750336], [-91.903381, 26.750336], [-91.903381, 26.751022], [-91.904068, 26.751022], [-91.904068, 26.751709], [-91.906128, 26.751709], [-91.906128, 26.752396], [-91.910248, 26.752396], [-91.910248, 26.753082], [-91.910934, 26.753082], [-91.910934, 26.753769], [-91.911621, 26.753769], [-91.911621, 26.754456], [-91.915054, 26.754456], [-91.915054, 26.755142], [-91.916428, 26.755142], [-91.916428, 26.755829], [-91.918488, 26.755829], [-91.918488, 26.756516], [-91.919861, 26.756516], [-91.919861, 26.757202], [-91.921921, 26.757202], [-91.921921, 26.756516], [-91.922607, 26.756516], [-91.922607, 26.757202], [-91.926727, 26.757202], [-91.926727, 26.757889], [-91.931534, 26.757889], [-91.931534, 26.758575], [-91.932907, 26.758575], [-91.932907, 26.759262], [-91.93428, 26.759262], [-91.93428, 26.758575], [-91.934967, 26.758575], [-91.934967, 26.757889], [-91.937027, 26.757889], [-91.937027, 26.758575], [-91.94046, 26.758575], [-91.94046, 26.757202], [-91.941833, 26.757202], [-91.941833, 26.757889], [-91.943893, 26.757889], [-91.943893, 26.757202], [-91.947327, 26.757202], [-91.947327, 26.756516], [-91.948013, 26.756516], [-91.948013, 26.755829], [-91.950073, 26.755829], [-91.950073, 26.756516], [-91.952133, 26.756516], [-91.952133, 26.755829], [-91.95282, 26.755829], [-91.95282, 26.756516], [-91.953506, 26.756516], [-91.953506, 26.755829], [-91.955566, 26.755829], [-91.955566, 26.756516], [-91.957626, 26.756516], [-91.957626, 26.757889], [-91.959, 26.757889], [-91.959, 26.758575], [-91.962433, 26.758575], [-91.962433, 26.759262], [-91.96312, 26.759262], [-91.96312, 26.759949], [-91.963806, 26.759949], [-91.963806, 26.761322], [-91.965179, 26.761322], [-91.965179, 26.762009], [-91.967239, 26.762009], [-91.967239, 26.762695], [-91.967926, 26.762695], [-91.967926, 26.764069], [-91.968613, 26.764069], [-91.968613, 26.764755], [-91.969299, 26.764755], [-91.969299, 26.765442], [-91.969986, 26.765442], [-91.969986, 26.767502], [-91.970673, 26.767502], [-91.970673, 26.768875], [-91.971359, 26.768875], [-91.971359, 26.769562], [-91.972733, 26.769562], [-91.972733, 26.770935], [-91.973419, 26.770935], [-91.973419, 26.771622], [-91.974106, 26.771622], [-91.974106, 26.773682], [-91.974792, 26.773682], [-91.974792, 26.774368], [-91.976166, 26.774368], [-91.976166, 26.775742], [-91.976852, 26.775742], [-91.976852, 26.776428], [-91.977539, 26.776428], [-91.977539, 26.777115], [-91.978912, 26.777115], [-91.978912, 26.778488], [-91.979599, 26.778488], [-91.979599, 26.779861], [-91.980286, 26.779861], [-91.980286, 26.780548], [-91.980972, 26.780548], [-91.980972, 26.781921], [-91.981659, 26.781921], [-91.981659, 26.783981], [-91.982346, 26.783981], [-91.982346, 26.786041], [-91.983032, 26.786041], [-91.983032, 26.788101], [-91.983719, 26.788101], [-91.983719, 26.790848], [-91.985092, 26.790848], [-91.985092, 26.794968], [-91.985779, 26.794968], [-91.985779, 26.796341], [-91.985092, 26.796341], [-91.985092, 26.797714], [-91.985779, 26.797714], [-91.985779, 26.799088], [-91.986465, 26.799088], [-91.986465, 26.801147], [-91.987839, 26.801147], [-91.987839, 26.801834], [-91.988525, 26.801834], [-91.988525, 26.803207], [-91.989212, 26.803207], [-91.989212, 26.803894], [-91.989899, 26.803894], [-91.989899, 26.805954], [-91.990585, 26.805954], [-91.990585, 26.806641], [-91.991272, 26.806641], [-91.991272, 26.807327], [-91.991959, 26.807327], [-91.991959, 26.808014], [-91.992645, 26.808014], [-91.992645, 26.81076], [-91.993332, 26.81076], [-91.993332, 26.812134], [-91.994019, 26.812134], [-91.994019, 26.813507], [-91.994705, 26.813507], [-91.994705, 26.814194], [-91.996078, 26.814194], [-91.996078, 26.81488], [-91.997452, 26.81488], [-91.997452, 26.815567], [-91.998138, 26.815567], [-91.998138, 26.816254], [-92.000885, 26.816254], [-92.000885, 26.817627], [-92.001572, 26.817627], [-92.001572, 26.819], [-92.002258, 26.819], [-92.002258, 26.819687], [-92.004318, 26.819687], [-92.004318, 26.820374], [-92.005005, 26.820374], [-92.005005, 26.822433], [-92.005692, 26.822433], [-92.005692, 26.824493], [-92.006378, 26.824493], [-92.006378, 26.82518], [-92.007065, 26.82518], [-92.007065, 26.826553], [-92.007751, 26.826553], [-92.007751, 26.828613], [-92.008438, 26.828613], [-92.008438, 26.8293], [-92.009811, 26.8293], [-92.009811, 26.829987], [-92.010498, 26.829987], [-92.010498, 26.83136], [-92.011185, 26.83136], [-92.011185, 26.832047], [-92.011871, 26.832047], [-92.011871, 26.832733], [-92.012558, 26.832733], [-92.012558, 26.834106], [-92.013245, 26.834106], [-92.013245, 26.83548], [-92.014618, 26.83548], [-92.014618, 26.836853], [-92.015305, 26.836853], [-92.015305, 26.83754], [-92.017365, 26.83754], [-92.017365, 26.838226], [-92.018051, 26.838226], [-92.018051, 26.838913], [-92.018738, 26.838913], [-92.018738, 26.840286], [-92.019424, 26.840286], [-92.019424, 26.840973], [-92.020798, 26.840973], [-92.020798, 26.84166], [-92.021484, 26.84166], [-92.021484, 26.843033], [-92.022858, 26.843033], [-92.022858, 26.843719], [-92.023544, 26.843719], [-92.023544, 26.844406], [-92.024918, 26.844406], [-92.024918, 26.845093], [-92.025604, 26.845093], [-92.025604, 26.845779], [-92.027664, 26.845779], [-92.027664, 26.847153]], [[-91.939774, 26.762695], [-91.939774, 26.762009], [-91.939087, 26.762009], [-91.939087, 26.762695], [-91.939774, 26.762695]]], [[[-91.893768, 26.756516], [-91.892395, 26.756516], [-91.892395, 26.755829], [-91.886902, 26.755829], [-91.886902, 26.755142], [-91.886215, 26.755142], [-91.886215, 26.755829], [-91.884842, 26.755829], [-91.884842, 26.755142], [-91.883469, 26.755142], [-91.883469, 26.754456], [-91.880035, 26.754456], [-91.880035, 26.753082], [-91.878662, 26.753082], [-91.878662, 26.752396], [-91.877975, 26.752396], [-91.877975, 26.753082], [-91.877289, 26.753082], [-91.877289, 26.752396], [-91.876602, 26.752396], [-91.876602, 26.751709], [-91.873856, 26.751709], [-91.873856, 26.752396], [-91.873169, 26.752396], [-91.873169, 26.751709], [-91.869049, 26.751709], [-91.869049, 26.751022], [-91.867676, 26.751022], [-91.867676, 26.750336], [-91.866989, 26.750336], [-91.866989, 26.749649], [-91.865616, 26.749649], [-91.865616, 26.748962], [-91.867676, 26.748962], [-91.867676, 26.749649], [-91.871109, 26.749649], [-91.871109, 26.750336], [-91.874542, 26.750336], [-91.874542, 26.751022], [-91.878662, 26.751022], [-91.878662, 26.751709], [-91.880035, 26.751709], [-91.880035, 26.752396], [-91.880722, 26.752396], [-91.880722, 26.753082], [-91.882095, 26.753082], [-91.882095, 26.752396], [-91.884155, 26.752396], [-91.884155, 26.753082], [-91.888962, 26.753082], [-91.888962, 26.753769], [-91.889648, 26.753769], [-91.889648, 26.754456], [-91.891708, 26.754456], [-91.891708, 26.755142], [-91.893082, 26.755142], [-91.893082, 26.755829], [-91.893768, 26.755829], [-91.893768, 26.756516]]], [[[-91.912308, 26.764069], [-91.913681, 26.764069], [-91.913681, 26.764755], [-91.916428, 26.764755], [-91.916428, 26.764069], [-91.917801, 26.764069], [-91.917801, 26.764755], [-91.919174, 26.764755], [-91.919174, 26.765442], [-91.919861, 26.765442], [-91.919861, 26.764755], [-91.921921, 26.764755], [-91.921921, 26.765442], [-91.923981, 26.765442], [-91.923981, 26.764755], [-91.926041, 26.764755], [-91.926041, 26.765442], [-91.924667, 26.765442], [-91.924667, 26.766129], [-91.921921, 26.766129], [-91.921921, 26.766815], [-91.921234, 26.766815], [-91.921234, 26.766129], [-91.918488, 26.766129], [-91.918488, 26.765442], [-91.912994, 26.765442], [-91.912994, 26.764755], [-91.912308, 26.764755], [-91.912308, 26.764069]]], [[[-91.925354, 26.759949], [-91.926727, 26.759949], [-91.926727, 26.760635], [-91.925354, 26.760635], [-91.925354, 26.759949]]], [[[-91.950073, 26.765442], [-91.95076, 26.765442], [-91.95076, 26.766129], [-91.950073, 26.766129], [-91.950073, 26.765442]]], [[[-91.926041, 26.765442], [-91.927414, 26.765442], [-91.927414, 26.766129], [-91.926041, 26.766129], [-91.926041, 26.765442]]], [[[-91.84639, 26.895218], [-91.845703, 26.895218], [-91.845703, 26.894531], [-91.84639, 26.894531], [-91.84639, 26.895218]]], [[[-91.855316, 27.042847], [-91.85463, 27.042847], [-91.85463, 27.041473], [-91.855316, 27.041473], [-91.855316, 27.040787], [-91.859436, 27.040787], [-91.859436, 27.039413], [-91.863556, 27.039413], [-91.863556, 27.038727], [-91.867676, 27.038727], [-91.867676, 27.0401], [-91.864243, 27.0401], [-91.864243, 27.040787], [-91.860123, 27.040787], [-91.860123, 27.041473], [-91.859436, 27.041473], [-91.859436, 27.04216], [-91.855316, 27.04216], [-91.855316, 27.042847]]], [[[-91.85463, 27.042847], [-91.85463, 27.043533], [-91.853943, 27.043533], [-91.853943, 27.042847], [-91.85463, 27.042847]]], [[[-91.853943, 27.043533], [-91.853943, 27.04422], [-91.853256, 27.04422], [-91.853256, 27.045593], [-91.851196, 27.045593], [-91.851196, 27.04628], [-91.849823, 27.04628], [-91.849823, 27.046967], [-91.849136, 27.046967], [-91.849136, 27.045593], [-91.849823, 27.045593], [-91.849823, 27.044907], [-91.851196, 27.044907], [-91.851196, 27.04422], [-91.851883, 27.04422], [-91.851883, 27.043533], [-91.853943, 27.043533]]], [[[-91.849136, 27.046967], [-91.849136, 27.04834], [-91.847763, 27.04834], [-91.847763, 27.047653], [-91.84845, 27.047653], [-91.84845, 27.046967], [-91.849136, 27.046967]]], [[[-91.880722, 26.978989], [-91.877975, 26.978989], [-91.877975, 26.978302], [-91.878662, 26.978302], [-91.878662, 26.976242], [-91.879349, 26.976242], [-91.879349, 26.976929], [-91.880035, 26.976929], [-91.880035, 26.978302], [-91.880722, 26.978302], [-91.880722, 26.978989]]], [[[-91.878662, 26.976242], [-91.877975, 26.976242], [-91.877975, 26.975555], [-91.876602, 26.975555], [-91.876602, 26.974869], [-91.873856, 26.974869], [-91.873856, 26.974182], [-91.872482, 26.974182], [-91.872482, 26.973495], [-91.873169, 26.973495], [-91.873169, 26.972809], [-91.872482, 26.972809], [-91.872482, 26.972122], [-91.871796, 26.972122], [-91.871796, 26.973495], [-91.871109, 26.973495], [-91.871109, 26.974182], [-91.867676, 26.974182], [-91.867676, 26.972809], [-91.865616, 26.972809], [-91.865616, 26.971436], [-91.864929, 26.971436], [-91.864929, 26.970749], [-91.862869, 26.970749], [-91.862869, 26.972122], [-91.863556, 26.972122], [-91.863556, 26.972809], [-91.862183, 26.972809], [-91.862183, 26.973495], [-91.859436, 26.973495], [-91.859436, 26.972809], [-91.858063, 26.972809], [-91.858063, 26.973495], [-91.856689, 26.973495], [-91.856689, 26.972809], [-91.85463, 26.972809], [-91.85463, 26.971436], [-91.853943, 26.971436], [-91.853943, 26.970749], [-91.85257, 26.970749], [-91.85257, 26.970062], [-91.85051, 26.970062], [-91.85051, 26.970749], [-91.849823, 26.970749], [-91.849823, 26.970062], [-91.849136, 26.970062], [-91.849136, 26.969376], [-91.853943, 26.969376], [-91.853943, 26.968002], [-91.855316, 26.968002], [-91.855316, 26.968689], [-91.857376, 26.968689], [-91.857376, 26.969376], [-91.860123, 26.969376], [-91.860123, 26.970062], [-91.860809, 26.970062], [-91.860809, 26.970749], [-91.861496, 26.970749], [-91.861496, 26.972122], [-91.862183, 26.972122], [-91.862183, 26.970062], [-91.864929, 26.970062], [-91.864929, 26.969376], [-91.865616, 26.969376], [-91.865616, 26.970062], [-91.866989, 26.970062], [-91.866989, 26.969376], [-91.868362, 26.969376], [-91.868362, 26.970062], [-91.871796, 26.970062], [-91.871796, 26.969376], [-91.873169, 26.969376], [-91.873169, 26.970062], [-91.873856, 26.970062], [-91.873856, 26.971436], [-91.874542, 26.971436], [-91.874542, 26.972809], [-91.876602, 26.972809], [-91.876602, 26.973495], [-91.877289, 26.973495], [-91.877289, 26.974869], [-91.878662, 26.974869], [-91.878662, 26.976242]], [[-91.868362, 26.971436], [-91.868362, 26.970749], [-91.866989, 26.970749], [-91.866989, 26.971436], [-91.868362, 26.971436]], [[-91.870422, 26.973495], [-91.870422, 26.972809], [-91.869736, 26.972809], [-91.869736, 26.973495], [-91.870422, 26.973495]]], [[[-91.851196, 26.908951], [-91.849823, 26.908951], [-91.849823, 26.906891], [-91.85051, 26.906891], [-91.85051, 26.908264], [-91.851196, 26.908264], [-91.851196, 26.908951]]], [[[-91.853256, 27.020187], [-91.85257, 27.020187], [-91.85257, 27.019501], [-91.853256, 27.019501], [-91.853256, 27.020187]]], [[[-91.858063, 27.024307], [-91.855316, 27.024307], [-91.855316, 27.023621], [-91.853943, 27.023621], [-91.853943, 27.021561], [-91.855316, 27.021561], [-91.855316, 27.022934], [-91.856689, 27.022934], [-91.856689, 27.023621], [-91.858063, 27.023621], [-91.858063, 27.024307]]], [[[-91.859436, 27.021561], [-91.857376, 27.021561], [-91.857376, 27.020874], [-91.855316, 27.020874], [-91.855316, 27.020187], [-91.85463, 27.020187], [-91.85463, 27.019501], [-91.853943, 27.019501], [-91.853943, 27.018127], [-91.857376, 27.018127], [-91.857376, 27.019501], [-91.858749, 27.019501], [-91.858749, 27.020187], [-91.860123, 27.020187], [-91.860123, 27.020874], [-91.859436, 27.020874], [-91.859436, 27.021561]]], [[[-91.862183, 26.748962], [-91.859436, 26.748962], [-91.859436, 26.748276], [-91.858749, 26.748276], [-91.858749, 26.747589], [-91.858063, 26.747589], [-91.858063, 26.746902], [-91.860123, 26.746902], [-91.860123, 26.746216], [-91.860809, 26.746216], [-91.860809, 26.746902], [-91.861496, 26.746902], [-91.861496, 26.748276], [-91.862183, 26.748276], [-91.862183, 26.748962]]], [[[-91.864243, 27.016754], [-91.863556, 27.016754], [-91.863556, 27.016068], [-91.862869, 27.016068], [-91.862869, 27.014694], [-91.862183, 27.014694], [-91.862183, 27.013321], [-91.862869, 27.013321], [-91.862869, 27.014008], [-91.864243, 27.014008], [-91.864243, 27.013321], [-91.866302, 27.013321], [-91.866302, 27.014008], [-91.864929, 27.014008], [-91.864929, 27.014694], [-91.864243, 27.014694], [-91.864243, 27.016754]]], [[[-91.864243, 26.737289], [-91.863556, 26.737289], [-91.863556, 26.736603], [-91.864243, 26.736603], [-91.864243, 26.737289]]], [[[-91.866989, 26.747589], [-91.866302, 26.747589], [-91.866302, 26.746902], [-91.866989, 26.746902], [-91.866989, 26.747589]]], [[[-91.872482, 26.866379], [-91.871796, 26.866379], [-91.871796, 26.865692], [-91.872482, 26.865692], [-91.872482, 26.866379]]], [[[-91.877975, 26.874619], [-91.877289, 26.874619], [-91.877289, 26.873932], [-91.875916, 26.873932], [-91.875916, 26.872559], [-91.875229, 26.872559], [-91.875229, 26.871185], [-91.876602, 26.871185], [-91.876602, 26.871872], [-91.877289, 26.871872], [-91.877289, 26.873245], [-91.877975, 26.873245], [-91.877975, 26.874619]]], [[[-91.882095, 27.022934], [-91.881409, 27.022934], [-91.881409, 27.020874], [-91.882095, 27.020874], [-91.882095, 27.022934]]], [[[-91.884842, 27.020874], [-91.883469, 27.020874], [-91.883469, 27.020187], [-91.884842, 27.020187], [-91.884842, 27.020874]]], [[[-91.892395, 27.0504], [-91.891022, 27.0504], [-91.891022, 27.049713], [-91.890335, 27.049713], [-91.890335, 27.04834], [-91.889648, 27.04834], [-91.889648, 27.046967], [-91.888275, 27.046967], [-91.888275, 27.045593], [-91.886902, 27.045593], [-91.886902, 27.044907], [-91.886215, 27.044907], [-91.886215, 27.043533], [-91.885529, 27.043533], [-91.885529, 27.042847], [-91.886902, 27.042847], [-91.886902, 27.043533], [-91.887589, 27.043533], [-91.887589, 27.04422], [-91.888275, 27.04422], [-91.888275, 27.044907], [-91.890335, 27.044907], [-91.890335, 27.045593], [-91.891022, 27.045593], [-91.891022, 27.04628], [-91.891708, 27.04628], [-91.891708, 27.047653], [-91.892395, 27.047653], [-91.892395, 27.04834], [-91.893082, 27.04834], [-91.893082, 27.049713], [-91.892395, 27.049713], [-91.892395, 27.0504]]], [[[-92.019424, 26.882172], [-92.018738, 26.882172], [-92.018738, 26.880798], [-92.018051, 26.880798], [-92.018051, 26.880112], [-92.016678, 26.880112], [-92.016678, 26.879425], [-92.015991, 26.879425], [-92.015991, 26.878052], [-92.014618, 26.878052], [-92.014618, 26.877365], [-92.013931, 26.877365], [-92.013931, 26.875992], [-92.013245, 26.875992], [-92.013245, 26.873932], [-92.012558, 26.873932], [-92.012558, 26.873245], [-92.011871, 26.873245], [-92.011871, 26.871872], [-92.011185, 26.871872], [-92.011185, 26.871185], [-92.010498, 26.871185], [-92.010498, 26.870499], [-92.009811, 26.870499], [-92.009811, 26.867752], [-92.009125, 26.867752], [-92.009125, 26.867065], [-92.008438, 26.867065], [-92.008438, 26.866379], [-92.007751, 26.866379], [-92.007751, 26.865005], [-92.006378, 26.865005], [-92.006378, 26.864319], [-92.005692, 26.864319], [-92.005692, 26.863632], [-92.005005, 26.863632], [-92.005005, 26.864319], [-92.003632, 26.864319], [-92.003632, 26.863632], [-92.002945, 26.863632], [-92.002945, 26.862946], [-92.002258, 26.862946], [-92.002258, 26.862259], [-92.001572, 26.862259], [-92.001572, 26.860886], [-92.000885, 26.860886], [-92.000885, 26.860199], [-91.999512, 26.860199], [-91.999512, 26.859512], [-91.998825, 26.859512], [-91.998825, 26.858826], [-91.998138, 26.858826], [-91.998138, 26.858139], [-91.996078, 26.858139], [-91.996078, 26.857452], [-91.994019, 26.857452], [-91.994019, 26.856766], [-91.991959, 26.856766], [-91.991959, 26.856079], [-91.990585, 26.856079], [-91.990585, 26.856766], [-91.989899, 26.856766], [-91.989899, 26.855392], [-91.987839, 26.855392], [-91.987839, 26.856766], [-91.986465, 26.856766], [-91.986465, 26.857452], [-91.983719, 26.857452], [-91.983719, 26.858139], [-91.983032, 26.858139], [-91.983032, 26.857452], [-91.981659, 26.857452], [-91.981659, 26.856766], [-91.980972, 26.856766], [-91.980972, 26.856079], [-91.980286, 26.856079], [-91.980286, 26.857452], [-91.979599, 26.857452], [-91.979599, 26.858139], [-91.978912, 26.858139], [-91.978912, 26.857452], [-91.978226, 26.857452], [-91.978226, 26.856766], [-91.977539, 26.856766], [-91.977539, 26.855392], [-91.976852, 26.855392], [-91.976852, 26.854706], [-91.975479, 26.854706], [-91.975479, 26.853333], [-91.974792, 26.853333], [-91.974792, 26.852646], [-91.974106, 26.852646], [-91.974106, 26.851959], [-91.972733, 26.851959], [-91.972733, 26.850586], [-91.972046, 26.850586], [-91.972046, 26.849213], [-91.971359, 26.849213], [-91.971359, 26.850586], [-91.970673, 26.850586], [-91.970673, 26.849213], [-91.969299, 26.849213], [-91.969299, 26.849899], [-91.968613, 26.849899], [-91.968613, 26.848526], [-91.967239, 26.848526], [-91.967239, 26.847839], [-91.966553, 26.847839], [-91.966553, 26.847153], [-91.964493, 26.847153], [-91.964493, 26.846466], [-91.963806, 26.846466], [-91.963806, 26.845779], [-91.96312, 26.845779], [-91.96312, 26.845093], [-91.957626, 26.845093], [-91.957626, 26.844406], [-91.956253, 26.844406], [-91.956253, 26.843719], [-91.955566, 26.843719], [-91.955566, 26.844406], [-91.954193, 26.844406], [-91.954193, 26.843033], [-91.953506, 26.843033], [-91.953506, 26.842346], [-91.949387, 26.842346], [-91.949387, 26.84166], [-91.948013, 26.84166], [-91.948013, 26.840973], [-91.947327, 26.840973], [-91.947327, 26.84166], [-91.945267, 26.84166], [-91.945267, 26.840973], [-91.941147, 26.840973], [-91.941147, 26.840286], [-91.94046, 26.840286], [-91.94046, 26.8396], [-91.937714, 26.8396], [-91.937714, 26.840286], [-91.93634, 26.840286], [-91.93634, 26.8396], [-91.935654, 26.8396], [-91.935654, 26.838913], [-91.932907, 26.838913], [-91.932907, 26.838226], [-91.930847, 26.838226], [-91.930847, 26.836853], [-91.930161, 26.836853], [-91.930161, 26.836166], [-91.928787, 26.836166], [-91.928787, 26.83548], [-91.926041, 26.83548], [-91.926041, 26.834793], [-91.924667, 26.834793], [-91.924667, 26.834106], [-91.923981, 26.834106], [-91.923981, 26.83342], [-91.923294, 26.83342], [-91.923294, 26.832733], [-91.924667, 26.832733], [-91.924667, 26.832047], [-91.925354, 26.832047], [-91.925354, 26.832733], [-91.926727, 26.832733], [-91.926727, 26.83342], [-91.928101, 26.83342], [-91.928101, 26.834106], [-91.929474, 26.834106], [-91.929474, 26.834793], [-91.930161, 26.834793], [-91.930161, 26.834106], [-91.930847, 26.834106], [-91.930847, 26.834793], [-91.931534, 26.834793], [-91.931534, 26.83548], [-91.93222, 26.83548], [-91.93222, 26.836166], [-91.934967, 26.836166], [-91.934967, 26.836853], [-91.93634, 26.836853], [-91.93634, 26.838226], [-91.937714, 26.838226], [-91.937714, 26.83754], [-91.939087, 26.83754], [-91.939087, 26.838226], [-91.94046, 26.838226], [-91.94046, 26.838913], [-91.945953, 26.838913], [-91.945953, 26.8396], [-91.947327, 26.8396], [-91.947327, 26.838913], [-91.9487, 26.838913], [-91.9487, 26.8396], [-91.949387, 26.8396], [-91.949387, 26.838913], [-91.950073, 26.838913], [-91.950073, 26.8396], [-91.95282, 26.8396], [-91.95282, 26.840286], [-91.953506, 26.840286], [-91.953506, 26.8396], [-91.955566, 26.8396], [-91.955566, 26.840286], [-91.956253, 26.840286], [-91.956253, 26.840973], [-91.95694, 26.840973], [-91.95694, 26.84166], [-91.958313, 26.84166], [-91.958313, 26.840286], [-91.959686, 26.840286], [-91.959686, 26.8396], [-91.96106, 26.8396], [-91.96106, 26.840286], [-91.961746, 26.840286], [-91.961746, 26.840973], [-91.962433, 26.840973], [-91.962433, 26.842346], [-91.96312, 26.842346], [-91.96312, 26.843033], [-91.963806, 26.843033], [-91.963806, 26.843719], [-91.964493, 26.843719], [-91.964493, 26.844406], [-91.965179, 26.844406], [-91.965179, 26.845093], [-91.969299, 26.845093], [-91.969299, 26.844406], [-91.967926, 26.844406], [-91.967926, 26.843033], [-91.969986, 26.843033], [-91.969986, 26.844406], [-91.970673, 26.844406], [-91.970673, 26.845093], [-91.971359, 26.845093], [-91.971359, 26.847153], [-91.972733, 26.847153], [-91.972733, 26.847839], [-91.974106, 26.847839], [-91.974106, 26.849213], [-91.974792, 26.849213], [-91.974792, 26.849899], [-91.975479, 26.849899], [-91.975479, 26.851273], [-91.976852, 26.851273], [-91.976852, 26.851959], [-91.977539, 26.851959], [-91.977539, 26.854019], [-91.980286, 26.854019], [-91.980286, 26.853333], [-91.980972, 26.853333], [-91.980972, 26.852646], [-91.983032, 26.852646], [-91.983032, 26.853333], [-91.985092, 26.853333], [-91.985092, 26.854019], [-91.985779, 26.854019], [-91.985779, 26.853333], [-91.988525, 26.853333], [-91.988525, 26.851273], [-91.989899, 26.851273], [-91.989899, 26.851959], [-91.991272, 26.851959], [-91.991272, 26.852646], [-91.991959, 26.852646], [-91.991959, 26.851273], [-91.993332, 26.851273], [-91.993332, 26.851959], [-91.994019, 26.851959], [-91.994019, 26.852646], [-91.995392, 26.852646], [-91.995392, 26.853333], [-91.996765, 26.853333], [-91.996765, 26.854019], [-91.998138, 26.854019], [-91.998138, 26.852646], [-91.998825, 26.852646], [-91.998825, 26.853333], [-91.999512, 26.853333], [-91.999512, 26.854019], [-92.000198, 26.854019], [-92.000198, 26.854706], [-92.002258, 26.854706], [-92.002258, 26.855392], [-92.002945, 26.855392], [-92.002945, 26.857452], [-92.002258, 26.857452], [-92.002258, 26.856766], [-92.000885, 26.856766], [-92.000885, 26.856079], [-92.000198, 26.856079], [-92.000198, 26.856766], [-91.999512, 26.856766], [-91.999512, 26.857452], [-92.000198, 26.857452], [-92.000198, 26.858139], [-92.000885, 26.858139], [-92.000885, 26.858826], [-92.002945, 26.858826], [-92.002945, 26.859512], [-92.004318, 26.859512], [-92.004318, 26.860199], [-92.006378, 26.860199], [-92.006378, 26.860886], [-92.007751, 26.860886], [-92.007751, 26.861572], [-92.009125, 26.861572], [-92.009125, 26.864319], [-92.009811, 26.864319], [-92.009811, 26.865692], [-92.010498, 26.865692], [-92.010498, 26.866379], [-92.011185, 26.866379], [-92.011185, 26.867065], [-92.011871, 26.867065], [-92.011871, 26.868439], [-92.011185, 26.868439], [-92.011185, 26.869125], [-92.012558, 26.869125], [-92.012558, 26.869812], [-92.013931, 26.869812], [-92.013931, 26.868439], [-92.014618, 26.868439], [-92.014618, 26.869812], [-92.015305, 26.869812], [-92.015305, 26.871872], [-92.015991, 26.871872], [-92.015991, 26.872559], [-92.015305, 26.872559], [-92.015305, 26.873245], [-92.015991, 26.873245], [-92.015991, 26.873932], [-92.016678, 26.873932], [-92.016678, 26.875305], [-92.017365, 26.875305], [-92.017365, 26.875992], [-92.018051, 26.875992], [-92.018051, 26.878738], [-92.018738, 26.878738], [-92.018738, 26.879425], [-92.019424, 26.879425], [-92.019424, 26.882172]], [[-91.96106, 26.840286], [-91.960373, 26.840286], [-91.960373, 26.84166], [-91.96106, 26.84166], [-91.96106, 26.840286]], [[-91.980972, 26.855392], [-91.980972, 26.854706], [-91.979599, 26.854706], [-91.979599, 26.855392], [-91.980972, 26.855392]], [[-91.982346, 26.854019], [-91.982346, 26.853333], [-91.981659, 26.853333], [-91.981659, 26.854019], [-91.982346, 26.854019]], [[-92.008438, 26.863632], [-92.008438, 26.862946], [-92.007751, 26.862946], [-92.007751, 26.863632], [-92.008438, 26.863632]]], [[[-92.002945, 26.857452], [-92.005692, 26.857452], [-92.005692, 26.859512], [-92.005005, 26.859512], [-92.005005, 26.858139], [-92.002945, 26.858139], [-92.002945, 26.857452]]], [[[-91.969299, 26.849899], [-91.969986, 26.849899], [-91.969986, 26.850586], [-91.969299, 26.850586], [-91.969299, 26.849899]]], [[[-91.931534, 26.767502], [-91.930847, 26.767502], [-91.930847, 26.766815], [-91.931534, 26.766815], [-91.931534, 26.767502]]], [[[-91.93428, 26.768188], [-91.933594, 26.768188], [-91.933594, 26.767502], [-91.93428, 26.767502], [-91.93428, 26.768188]]], [[[-91.937027, 26.768875], [-91.934967, 26.768875], [-91.934967, 26.768188], [-91.937027, 26.768188], [-91.937027, 26.768875]]], [[[-91.951447, 27.082672], [-91.949387, 27.082672], [-91.949387, 27.081299], [-91.948013, 27.081299], [-91.948013, 27.080612], [-91.947327, 27.080612], [-91.947327, 27.079239], [-91.945953, 27.079239], [-91.945953, 27.077866], [-91.945267, 27.077866], [-91.945267, 27.077179], [-91.94458, 27.077179], [-91.94458, 27.076492], [-91.943893, 27.076492], [-91.943893, 27.075806], [-91.943207, 27.075806], [-91.943207, 27.075119], [-91.94252, 27.075119], [-91.94252, 27.076492], [-91.941833, 27.076492], [-91.941833, 27.075119], [-91.941147, 27.075119], [-91.941147, 27.073059], [-91.94046, 27.073059], [-91.94046, 27.072372], [-91.939774, 27.072372], [-91.939774, 27.071686], [-91.937027, 27.071686], [-91.937027, 27.070313], [-91.943893, 27.070313], [-91.943893, 27.071686], [-91.945953, 27.071686], [-91.945953, 27.073059], [-91.947327, 27.073059], [-91.947327, 27.073746], [-91.948013, 27.073746], [-91.948013, 27.075119], [-91.9487, 27.075119], [-91.9487, 27.075806], [-91.950073, 27.075806], [-91.950073, 27.076492], [-91.95076, 27.076492], [-91.95076, 27.075806], [-91.951447, 27.075806], [-91.951447, 27.076492], [-91.952133, 27.076492], [-91.952133, 27.077179], [-91.951447, 27.077179], [-91.951447, 27.079239], [-91.952133, 27.079239], [-91.952133, 27.081299], [-91.951447, 27.081299], [-91.951447, 27.082672]]], [[[-91.94046, 26.770248], [-91.9384, 26.770248], [-91.9384, 26.769562], [-91.94046, 26.769562], [-91.94046, 26.770248]]], [[[-91.953506, 26.768875], [-91.951447, 26.768875], [-91.951447, 26.767502], [-91.952133, 26.767502], [-91.952133, 26.768188], [-91.953506, 26.768188], [-91.953506, 26.768875]]], [[[-91.957626, 26.840286], [-91.95694, 26.840286], [-91.95694, 26.8396], [-91.957626, 26.8396], [-91.957626, 26.840286]]], [[[-91.960373, 27.125244], [-91.959686, 27.125244], [-91.959686, 27.123871], [-91.959, 27.123871], [-91.959, 27.123184], [-91.957626, 27.123184], [-91.957626, 27.121811], [-91.95694, 27.121811], [-91.95694, 27.119751], [-91.957626, 27.119751], [-91.957626, 27.120438], [-91.958313, 27.120438], [-91.958313, 27.122498], [-91.960373, 27.122498], [-91.960373, 27.125244]]], [[[-91.963806, 27.129364], [-91.962433, 27.129364], [-91.962433, 27.127991], [-91.961746, 27.127991], [-91.961746, 27.127304], [-91.96312, 27.127304], [-91.96312, 27.127991], [-91.963806, 27.127991], [-91.963806, 27.129364]]], [[[-91.965179, 26.768188], [-91.963806, 26.768188], [-91.963806, 26.767502], [-91.96312, 26.767502], [-91.96312, 26.766815], [-91.964493, 26.766815], [-91.964493, 26.767502], [-91.965179, 26.767502], [-91.965179, 26.768188]]], [[[-91.965179, 27.132111], [-91.964493, 27.132111], [-91.964493, 27.131424], [-91.965179, 27.131424], [-91.965179, 27.132111]]], [[[-91.965179, 26.842346], [-91.964493, 26.842346], [-91.964493, 26.84166], [-91.965179, 26.84166], [-91.965179, 26.842346]]], [[[-91.966553, 27.134171], [-91.965179, 27.134171], [-91.965179, 27.133484], [-91.966553, 27.133484], [-91.966553, 27.134171]]], [[[-92.036591, 27.174683], [-92.034531, 27.174683], [-92.034531, 27.173309], [-92.036591, 27.173309], [-92.036591, 27.174683]]], [[[-92.034531, 27.173309], [-92.033157, 27.173309], [-92.033157, 27.175369], [-92.031784, 27.175369], [-92.031784, 27.174683], [-92.032471, 27.174683], [-92.032471, 27.173309], [-92.031784, 27.173309], [-92.031784, 27.171936], [-92.030411, 27.171936], [-92.030411, 27.173996], [-92.029724, 27.173996], [-92.029724, 27.177429], [-92.028351, 27.177429], [-92.028351, 27.178802], [-92.026291, 27.178802], [-92.026291, 27.178116], [-92.024918, 27.178116], [-92.024918, 27.178802], [-92.024231, 27.178802], [-92.024231, 27.179489], [-92.022171, 27.179489], [-92.022171, 27.180176], [-92.021484, 27.180176], [-92.021484, 27.180862], [-92.020111, 27.180862], [-92.020111, 27.179489], [-92.019424, 27.179489], [-92.019424, 27.178116], [-92.018738, 27.178116], [-92.018738, 27.178802], [-92.018051, 27.178802], [-92.018051, 27.181549], [-92.016678, 27.181549], [-92.016678, 27.180862], [-92.013245, 27.180862], [-92.013245, 27.181549], [-92.012558, 27.181549], [-92.012558, 27.178802], [-92.011871, 27.178802], [-92.011871, 27.177429], [-92.011185, 27.177429], [-92.011185, 27.178116], [-92.009811, 27.178116], [-92.009811, 27.175369], [-92.011185, 27.175369], [-92.011185, 27.174683], [-92.008438, 27.174683], [-92.008438, 27.175369], [-92.007065, 27.175369], [-92.007065, 27.176056], [-92.006378, 27.176056], [-92.006378, 27.176743], [-92.002945, 27.176743], [-92.002945, 27.175369], [-92.002258, 27.175369], [-92.002258, 27.174683], [-92.000885, 27.174683], [-92.000885, 27.176056], [-91.999512, 27.176056], [-91.999512, 27.176743], [-91.995392, 27.176743], [-91.995392, 27.175369], [-91.994705, 27.175369], [-91.994705, 27.174683], [-91.993332, 27.174683], [-91.993332, 27.173996], [-91.991959, 27.173996], [-91.991959, 27.174683], [-91.989212, 27.174683], [-91.989212, 27.172623], [-91.991959, 27.172623], [-91.991959, 27.173309], [-91.994019, 27.173309], [-91.994019, 27.173996], [-91.995392, 27.173996], [-91.995392, 27.174683], [-91.998138, 27.174683], [-91.998138, 27.173996], [-91.999512, 27.173996], [-91.999512, 27.173309], [-91.998138, 27.173309], [-91.998138, 27.171249], [-91.994019, 27.171249], [-91.994019, 27.170563], [-91.992645, 27.170563], [-91.992645, 27.171249], [-91.991272, 27.171249], [-91.991272, 27.171936], [-91.989899, 27.171936], [-91.989899, 27.171249], [-91.988525, 27.171249], [-91.988525, 27.170563], [-91.987839, 27.170563], [-91.987839, 27.169189], [-91.987152, 27.169189], [-91.987152, 27.167816], [-91.985779, 27.167816], [-91.985779, 27.165756], [-91.985092, 27.165756], [-91.985092, 27.163696], [-91.984406, 27.163696], [-91.984406, 27.161636], [-91.983719, 27.161636], [-91.983719, 27.15889], [-91.983032, 27.15889], [-91.983032, 27.157516], [-91.982346, 27.157516], [-91.982346, 27.155457], [-91.981659, 27.155457], [-91.981659, 27.15477], [-91.980286, 27.15477], [-91.980286, 27.154083], [-91.979599, 27.154083], [-91.979599, 27.15271], [-91.978912, 27.15271], [-91.978912, 27.151337], [-91.979599, 27.151337], [-91.979599, 27.15065], [-91.978912, 27.15065], [-91.978912, 27.149963], [-91.979599, 27.149963], [-91.979599, 27.147217], [-91.980286, 27.147217], [-91.980286, 27.151337], [-91.980972, 27.151337], [-91.980972, 27.152023], [-91.981659, 27.152023], [-91.981659, 27.153397], [-91.982346, 27.153397], [-91.982346, 27.154083], [-91.983032, 27.154083], [-91.983032, 27.15477], [-91.983719, 27.15477], [-91.983719, 27.155457], [-91.985092, 27.155457], [-91.985092, 27.157516], [-91.986465, 27.157516], [-91.986465, 27.15889], [-91.987152, 27.15889], [-91.987152, 27.160263], [-91.987839, 27.160263], [-91.987839, 27.16095], [-91.988525, 27.16095], [-91.988525, 27.162323], [-91.987839, 27.162323], [-91.987839, 27.16301], [-91.988525, 27.16301], [-91.988525, 27.164383], [-91.989212, 27.164383], [-91.989212, 27.165756], [-91.989899, 27.165756], [-91.989899, 27.16713], [-91.991272, 27.16713], [-91.991272, 27.167816], [-91.991959, 27.167816], [-91.991959, 27.168503], [-91.996765, 27.168503], [-91.996765, 27.167816], [-92.000885, 27.167816], [-92.000885, 27.168503], [-92.004318, 27.168503], [-92.004318, 27.169876], [-92.005005, 27.169876], [-92.005005, 27.170563], [-92.006378, 27.170563], [-92.006378, 27.171249], [-92.008438, 27.171249], [-92.008438, 27.169876], [-92.009125, 27.169876], [-92.009125, 27.169189], [-92.009811, 27.169189], [-92.009811, 27.167816], [-92.009125, 27.167816], [-92.009125, 27.16713], [-92.006378, 27.16713], [-92.006378, 27.166443], [-92.005692, 27.166443], [-92.005692, 27.165756], [-92.005005, 27.165756], [-92.005005, 27.162323], [-92.002945, 27.162323], [-92.002945, 27.161636], [-92.002258, 27.161636], [-92.002258, 27.159576], [-92.001572, 27.159576], [-92.001572, 27.15889], [-92.000885, 27.15889], [-92.000885, 27.158203], [-91.999512, 27.158203], [-91.999512, 27.157516], [-91.998825, 27.157516], [-91.998825, 27.154083], [-91.998138, 27.154083], [-91.998138, 27.153397], [-91.996765, 27.153397], [-91.996765, 27.15271], [-91.996078, 27.15271], [-91.996078, 27.15065], [-91.995392, 27.15065], [-91.995392, 27.14653], [-91.996078, 27.14653], [-91.996078, 27.147903], [-91.996765, 27.147903], [-91.996765, 27.149277], [-91.998138, 27.149277], [-91.998138, 27.15065], [-91.998825, 27.15065], [-91.998825, 27.151337], [-91.999512, 27.151337], [-91.999512, 27.15271], [-92.000198, 27.15271], [-92.000198, 27.155457], [-92.000885, 27.155457], [-92.000885, 27.156143], [-92.001572, 27.156143], [-92.001572, 27.15683], [-92.002258, 27.15683], [-92.002258, 27.158203], [-92.002945, 27.158203], [-92.002945, 27.15889], [-92.003632, 27.15889], [-92.003632, 27.159576], [-92.004318, 27.159576], [-92.004318, 27.15889], [-92.005005, 27.15889], [-92.005005, 27.160263], [-92.005692, 27.160263], [-92.005692, 27.16095], [-92.006378, 27.16095], [-92.006378, 27.161636], [-92.007751, 27.161636], [-92.007751, 27.163696], [-92.008438, 27.163696], [-92.008438, 27.161636], [-92.011185, 27.161636], [-92.011185, 27.162323], [-92.011871, 27.162323], [-92.011871, 27.163696], [-92.010498, 27.163696], [-92.010498, 27.164383], [-92.009125, 27.164383], [-92.009125, 27.16507], [-92.009811, 27.16507], [-92.009811, 27.166443], [-92.011871, 27.166443], [-92.011871, 27.16713], [-92.013931, 27.16713], [-92.013931, 27.166443], [-92.015305, 27.166443], [-92.015305, 27.16713], [-92.015991, 27.16713], [-92.015991, 27.166443], [-92.016678, 27.166443], [-92.016678, 27.16713], [-92.018738, 27.16713], [-92.018738, 27.16507], [-92.020111, 27.16507], [-92.020111, 27.167816], [-92.024231, 27.167816], [-92.024231, 27.16713], [-92.028351, 27.16713], [-92.028351, 27.165756], [-92.029037, 27.165756], [-92.029037, 27.166443], [-92.031097, 27.166443], [-92.031097, 27.16713], [-92.031784, 27.16713], [-92.031784, 27.168503], [-92.033844, 27.168503], [-92.033844, 27.169876], [-92.034531, 27.169876], [-92.034531, 27.171936], [-92.033844, 27.171936], [-92.033844, 27.172623], [-92.034531, 27.172623], [-92.034531, 27.173309]], [[-92.003632, 27.173309], [-92.003632, 27.171936], [-92.002945, 27.171936], [-92.002945, 27.171249], [-92.001572, 27.171249], [-92.001572, 27.170563], [-92.000885, 27.170563], [-92.000885, 27.171936], [-92.002258, 27.171936], [-92.002258, 27.172623], [-92.002945, 27.172623], [-92.002945, 27.173309], [-92.003632, 27.173309]], [[-92.005005, 27.173996], [-92.005005, 27.173309], [-92.005692, 27.173309], [-92.005692, 27.172623], [-92.004318, 27.172623], [-92.004318, 27.173996], [-92.005005, 27.173996]], [[-92.018051, 27.178116], [-92.018051, 27.177429], [-92.017365, 27.177429], [-92.017365, 27.176743], [-92.015991, 27.176743], [-92.015991, 27.176056], [-92.015305, 27.176056], [-92.015305, 27.175369], [-92.013931, 27.175369], [-92.013931, 27.177429], [-92.014618, 27.177429], [-92.014618, 27.178116], [-92.018051, 27.178116]], [[-92.021484, 27.175369], [-92.021484, 27.174683], [-92.023544, 27.174683], [-92.023544, 27.172623], [-92.021484, 27.172623], [-92.021484, 27.171936], [-92.020111, 27.171936], [-92.020111, 27.170563], [-92.019424, 27.170563], [-92.019424, 27.171249], [-92.018738, 27.171249], [-92.018738, 27.171936], [-92.018051, 27.171936], [-92.018051, 27.172623], [-92.016678, 27.172623], [-92.016678, 27.171936], [-92.015991, 27.171936], [-92.015991, 27.173309], [-92.017365, 27.173309], [-92.017365, 27.173996], [-92.018738, 27.173996], [-92.018738, 27.172623], [-92.019424, 27.172623], [-92.019424, 27.173309], [-92.020111, 27.173309], [-92.020111, 27.173996], [-92.019424, 27.173996], [-92.019424, 27.175369], [-92.021484, 27.175369]], [[-92.017365, 27.173996], [-92.014618, 27.173996], [-92.014618, 27.173309], [-92.013931, 27.173309], [-92.013931, 27.174683], [-92.015991, 27.174683], [-92.015991, 27.175369], [-92.017365, 27.175369], [-92.017365, 27.176056], [-92.018051, 27.176056], [-92.018051, 27.176743], [-92.018738, 27.176743], [-92.018738, 27.175369], [-92.018051, 27.175369], [-92.018051, 27.174683], [-92.017365, 27.174683], [-92.017365, 27.173996]], [[-92.023544, 27.178802], [-92.023544, 27.177429], [-92.022171, 27.177429], [-92.022171, 27.178802], [-92.023544, 27.178802]], [[-92.026978, 27.169876], [-92.026978, 27.169189], [-92.026291, 27.169189], [-92.026291, 27.169876], [-92.026978, 27.169876]]], [[[-92.020111, 27.16507], [-92.020111, 27.164383], [-92.024231, 27.164383], [-92.024231, 27.16507], [-92.020111, 27.16507]]], [[[-92.024231, 27.164383], [-92.024231, 27.16301], [-92.024918, 27.16301], [-92.024918, 27.164383], [-92.024231, 27.164383]]], [[[-91.995392, 27.14653], [-91.994705, 27.14653], [-91.994705, 27.14241], [-91.995392, 27.14241], [-91.995392, 27.14653]]], [[[-91.994705, 27.14241], [-91.994019, 27.14241], [-91.994019, 27.141037], [-91.993332, 27.141037], [-91.993332, 27.139664], [-91.992645, 27.139664], [-91.992645, 27.138977], [-91.991959, 27.138977], [-91.991959, 27.136917], [-91.991272, 27.136917], [-91.991272, 27.13623], [-91.989899, 27.13623], [-91.989899, 27.135544], [-91.989212, 27.135544], [-91.989212, 27.133484], [-91.988525, 27.133484], [-91.988525, 27.129364], [-91.987839, 27.129364], [-91.987839, 27.127991], [-91.987152, 27.127991], [-91.987152, 27.125931], [-91.985779, 27.125931], [-91.985779, 27.122498], [-91.985092, 27.122498], [-91.985092, 27.119064], [-91.984406, 27.119064], [-91.984406, 27.117004], [-91.983719, 27.117004], [-91.983719, 27.115631], [-91.983032, 27.115631], [-91.983032, 27.114258], [-91.982346, 27.114258], [-91.982346, 27.111511], [-91.981659, 27.111511], [-91.981659, 27.110138], [-91.980972, 27.110138], [-91.980972, 27.108765], [-91.979599, 27.108765], [-91.979599, 27.108078], [-91.978912, 27.108078], [-91.978912, 27.107391], [-91.977539, 27.107391], [-91.977539, 27.106018], [-91.976852, 27.106018], [-91.976852, 27.109451], [-91.977539, 27.109451], [-91.977539, 27.110138], [-91.978226, 27.110138], [-91.978226, 27.110825], [-91.978912, 27.110825], [-91.978912, 27.113571], [-91.979599, 27.113571], [-91.979599, 27.114258], [-91.980286, 27.114258], [-91.980286, 27.119751], [-91.979599, 27.119751], [-91.979599, 27.120438], [-91.980286, 27.120438], [-91.980286, 27.123871], [-91.980972, 27.123871], [-91.980972, 27.126617], [-91.981659, 27.126617], [-91.981659, 27.127991], [-91.982346, 27.127991], [-91.982346, 27.129364], [-91.980972, 27.129364], [-91.980972, 27.130051], [-91.980286, 27.130051], [-91.980286, 27.129364], [-91.979599, 27.129364], [-91.979599, 27.128677], [-91.978226, 27.128677], [-91.978226, 27.126617], [-91.978912, 27.126617], [-91.978912, 27.125244], [-91.977539, 27.125244], [-91.977539, 27.121811], [-91.976852, 27.121811], [-91.976852, 27.120438], [-91.976166, 27.120438], [-91.976166, 27.119751], [-91.976852, 27.119751], [-91.976852, 27.117691], [-91.976166, 27.117691], [-91.976166, 27.116318], [-91.976852, 27.116318], [-91.976852, 27.115631], [-91.977539, 27.115631], [-91.977539, 27.114944], [-91.976852, 27.114944], [-91.976852, 27.114258], [-91.976166, 27.114258], [-91.976166, 27.112885], [-91.975479, 27.112885], [-91.975479, 27.110138], [-91.974792, 27.110138], [-91.974792, 27.108765], [-91.974106, 27.108765], [-91.974106, 27.108078], [-91.972733, 27.108078], [-91.972733, 27.103958], [-91.970673, 27.103958], [-91.970673, 27.103271], [-91.969986, 27.103271], [-91.969986, 27.101898], [-91.969299, 27.101898], [-91.969299, 27.101212], [-91.967239, 27.101212], [-91.967239, 27.100525], [-91.966553, 27.100525], [-91.966553, 27.098465], [-91.968613, 27.098465], [-91.968613, 27.097092], [-91.969299, 27.097092], [-91.969299, 27.097778], [-91.969986, 27.097778], [-91.969986, 27.098465], [-91.970673, 27.098465], [-91.970673, 27.099838], [-91.972733, 27.099838], [-91.972733, 27.100525], [-91.973419, 27.100525], [-91.973419, 27.101212], [-91.974792, 27.101212], [-91.974792, 27.102585], [-91.975479, 27.102585], [-91.975479, 27.103271], [-91.976852, 27.103271], [-91.976852, 27.103958], [-91.977539, 27.103958], [-91.977539, 27.104645], [-91.978226, 27.104645], [-91.978226, 27.105331], [-91.978912, 27.105331], [-91.978912, 27.106018], [-91.979599, 27.106018], [-91.979599, 27.106705], [-91.980286, 27.106705], [-91.980286, 27.107391], [-91.981659, 27.107391], [-91.981659, 27.108078], [-91.982346, 27.108078], [-91.982346, 27.110825], [-91.983032, 27.110825], [-91.983032, 27.112885], [-91.983719, 27.112885], [-91.983719, 27.114944], [-91.985092, 27.114944], [-91.985092, 27.116318], [-91.985779, 27.116318], [-91.985779, 27.119064], [-91.986465, 27.119064], [-91.986465, 27.121124], [-91.987152, 27.121124], [-91.987152, 27.125244], [-91.987839, 27.125244], [-91.987839, 27.125931], [-91.988525, 27.125931], [-91.988525, 27.127304], [-91.989212, 27.127304], [-91.989212, 27.128677], [-91.989899, 27.128677], [-91.989899, 27.130051], [-91.989212, 27.130051], [-91.989212, 27.130737], [-91.989899, 27.130737], [-91.989899, 27.132797], [-91.990585, 27.132797], [-91.990585, 27.134857], [-91.991272, 27.134857], [-91.991272, 27.135544], [-91.992645, 27.135544], [-91.992645, 27.137604], [-91.993332, 27.137604], [-91.993332, 27.138977], [-91.994019, 27.138977], [-91.994019, 27.139664], [-91.994705, 27.139664], [-91.994705, 27.14241]]], [[[-91.989212, 27.172623], [-91.988525, 27.172623], [-91.988525, 27.171936], [-91.989212, 27.171936], [-91.989212, 27.172623]]], [[[-91.968613, 27.176743], [-91.967926, 27.176743], [-91.967926, 27.176056], [-91.968613, 27.176056], [-91.968613, 27.176743]]], [[[-92.000198, 27.190475], [-91.996765, 27.190475], [-91.996765, 27.189789], [-91.996078, 27.189789], [-91.996078, 27.189102], [-91.994705, 27.189102], [-91.994705, 27.187729], [-91.994019, 27.187729], [-91.994019, 27.185669], [-91.987839, 27.185669], [-91.987839, 27.184982], [-91.986465, 27.184982], [-91.986465, 27.182922], [-91.985779, 27.182922], [-91.985779, 27.182236], [-91.985092, 27.182236], [-91.985092, 27.181549], [-91.984406, 27.181549], [-91.984406, 27.180862], [-91.983032, 27.180862], [-91.983032, 27.180176], [-91.985092, 27.180176], [-91.985092, 27.180862], [-91.987152, 27.180862], [-91.987152, 27.181549], [-91.987839, 27.181549], [-91.987839, 27.182236], [-91.988525, 27.182236], [-91.988525, 27.182922], [-91.989212, 27.182922], [-91.989212, 27.183609], [-91.989899, 27.183609], [-91.989899, 27.182922], [-91.991272, 27.182922], [-91.991272, 27.183609], [-91.992645, 27.183609], [-91.992645, 27.184296], [-91.993332, 27.184296], [-91.993332, 27.184982], [-91.996765, 27.184982], [-91.996765, 27.185669], [-91.997452, 27.185669], [-91.997452, 27.186356], [-91.998138, 27.186356], [-91.998138, 27.187729], [-91.998825, 27.187729], [-91.998825, 27.188416], [-91.999512, 27.188416], [-91.999512, 27.189789], [-92.000198, 27.189789], [-92.000198, 27.190475]]], [[[-91.983032, 27.180176], [-91.980972, 27.180176], [-91.980972, 27.180862], [-91.981659, 27.180862], [-91.981659, 27.181549], [-91.982346, 27.181549], [-91.982346, 27.182236], [-91.984406, 27.182236], [-91.984406, 27.183609], [-91.985092, 27.183609], [-91.985092, 27.184982], [-91.984406, 27.184982], [-91.984406, 27.184296], [-91.983032, 27.184296], [-91.983032, 27.183609], [-91.982346, 27.183609], [-91.982346, 27.182922], [-91.981659, 27.182922], [-91.981659, 27.183609], [-91.980972, 27.183609], [-91.980972, 27.182922], [-91.980286, 27.182922], [-91.980286, 27.182236], [-91.979599, 27.182236], [-91.979599, 27.180176], [-91.978912, 27.180176], [-91.978912, 27.178802], [-91.977539, 27.178802], [-91.977539, 27.179489], [-91.976166, 27.179489], [-91.976166, 27.178802], [-91.973419, 27.178802], [-91.973419, 27.179489], [-91.972733, 27.179489], [-91.972733, 27.177429], [-91.970673, 27.177429], [-91.970673, 27.176743], [-91.969299, 27.176743], [-91.969299, 27.175369], [-91.971359, 27.175369], [-91.971359, 27.176743], [-91.973419, 27.176743], [-91.973419, 27.176056], [-91.974106, 27.176056], [-91.974106, 27.175369], [-91.974792, 27.175369], [-91.974792, 27.176056], [-91.975479, 27.176056], [-91.975479, 27.176743], [-91.976166, 27.176743], [-91.976166, 27.177429], [-91.976852, 27.177429], [-91.976852, 27.178116], [-91.979599, 27.178116], [-91.979599, 27.178802], [-91.982346, 27.178802], [-91.982346, 27.179489], [-91.983032, 27.179489], [-91.983032, 27.180176]]], [[[-91.970673, 27.05658], [-91.969986, 27.05658], [-91.969986, 27.055893], [-91.970673, 27.055893], [-91.970673, 27.05658]]], [[[-91.972733, 27.055893], [-91.971359, 27.055893], [-91.971359, 27.053833], [-91.970673, 27.053833], [-91.970673, 27.053146], [-91.972046, 27.053146], [-91.972046, 27.053833], [-91.972733, 27.053833], [-91.972733, 27.05452], [-91.973419, 27.05452], [-91.973419, 27.055206], [-91.972733, 27.055206], [-91.972733, 27.055893]]], [[[-92.013931, 27.15065], [-92.013245, 27.15065], [-92.013245, 27.149277], [-92.009811, 27.149277], [-92.009811, 27.147903], [-92.009125, 27.147903], [-92.009125, 27.14653], [-92.008438, 27.14653], [-92.008438, 27.145844], [-92.007751, 27.145844], [-92.007751, 27.143784], [-92.007065, 27.143784], [-92.007065, 27.14241], [-92.006378, 27.14241], [-92.006378, 27.14035], [-92.005692, 27.14035], [-92.005692, 27.139664], [-92.005005, 27.139664], [-92.005005, 27.13623], [-92.004318, 27.13623], [-92.004318, 27.135544], [-92.002945, 27.135544], [-92.002945, 27.133484], [-92.002258, 27.133484], [-92.002258, 27.132797], [-92.001572, 27.132797], [-92.001572, 27.132111], [-92.000885, 27.132111], [-92.000885, 27.130051], [-92.000198, 27.130051], [-92.000198, 27.129364], [-91.999512, 27.129364], [-91.999512, 27.128677], [-91.998825, 27.128677], [-91.998825, 27.126617], [-91.997452, 27.126617], [-91.997452, 27.125931], [-91.996765, 27.125931], [-91.996765, 27.123184], [-91.995392, 27.123184], [-91.995392, 27.121811], [-91.994705, 27.121811], [-91.994705, 27.120438], [-91.994019, 27.120438], [-91.994019, 27.119751], [-91.993332, 27.119751], [-91.993332, 27.117004], [-91.992645, 27.117004], [-91.992645, 27.116318], [-91.991959, 27.116318], [-91.991959, 27.114944], [-91.991272, 27.114944], [-91.991272, 27.113571], [-91.989899, 27.113571], [-91.989899, 27.110825], [-91.989212, 27.110825], [-91.989212, 27.110138], [-91.988525, 27.110138], [-91.988525, 27.108765], [-91.987839, 27.108765], [-91.987839, 27.107391], [-91.987152, 27.107391], [-91.987152, 27.106018], [-91.986465, 27.106018], [-91.986465, 27.104645], [-91.985779, 27.104645], [-91.985779, 27.103958], [-91.983719, 27.103958], [-91.983719, 27.104645], [-91.983032, 27.104645], [-91.983032, 27.103958], [-91.982346, 27.103958], [-91.982346, 27.102585], [-91.980286, 27.102585], [-91.980286, 27.101212], [-91.979599, 27.101212], [-91.979599, 27.098465], [-91.978226, 27.098465], [-91.978226, 27.099152], [-91.977539, 27.099152], [-91.977539, 27.097778], [-91.978912, 27.097778], [-91.978912, 27.097092], [-91.979599, 27.097092], [-91.979599, 27.097778], [-91.980972, 27.097778], [-91.980972, 27.098465], [-91.981659, 27.098465], [-91.981659, 27.099838], [-91.980972, 27.099838], [-91.980972, 27.100525], [-91.981659, 27.100525], [-91.981659, 27.101212], [-91.984406, 27.101212], [-91.984406, 27.101898], [-91.985092, 27.101898], [-91.985092, 27.102585], [-91.985779, 27.102585], [-91.985779, 27.103271], [-91.986465, 27.103271], [-91.986465, 27.103958], [-91.987152, 27.103958], [-91.987152, 27.104645], [-91.987839, 27.104645], [-91.987839, 27.106018], [-91.989212, 27.106018], [-91.989212, 27.106705], [-91.989899, 27.106705], [-91.989899, 27.107391], [-91.990585, 27.107391], [-91.990585, 27.108078], [-91.991959, 27.108078], [-91.991959, 27.108765], [-91.993332, 27.108765], [-91.993332, 27.109451], [-91.994019, 27.109451], [-91.994019, 27.116318], [-91.994705, 27.116318], [-91.994705, 27.119751], [-91.995392, 27.119751], [-91.995392, 27.120438], [-91.996078, 27.120438], [-91.996078, 27.121124], [-91.996765, 27.121124], [-91.996765, 27.122498], [-91.998138, 27.122498], [-91.998138, 27.123871], [-91.998825, 27.123871], [-91.998825, 27.125931], [-91.999512, 27.125931], [-91.999512, 27.127991], [-92.000198, 27.127991], [-92.000198, 27.128677], [-92.000885, 27.128677], [-92.000885, 27.129364], [-92.001572, 27.129364], [-92.001572, 27.130051], [-92.002258, 27.130051], [-92.002258, 27.131424], [-92.002945, 27.131424], [-92.002945, 27.132797], [-92.004318, 27.132797], [-92.004318, 27.134857], [-92.005005, 27.134857], [-92.005005, 27.135544], [-92.005692, 27.135544], [-92.005692, 27.13829], [-92.006378, 27.13829], [-92.006378, 27.139664], [-92.007065, 27.139664], [-92.007065, 27.141037], [-92.007751, 27.141037], [-92.007751, 27.14241], [-92.008438, 27.14241], [-92.008438, 27.145157], [-92.009125, 27.145157], [-92.009125, 27.145844], [-92.009811, 27.145844], [-92.009811, 27.14653], [-92.011185, 27.14653], [-92.011185, 27.147903], [-92.011871, 27.147903], [-92.011871, 27.14859], [-92.013931, 27.14859], [-92.013931, 27.15065]]], [[[-91.977539, 27.097778], [-91.976852, 27.097778], [-91.976852, 27.097092], [-91.976166, 27.097092], [-91.976166, 27.096405], [-91.975479, 27.096405], [-91.975479, 27.095718], [-91.974792, 27.095718], [-91.974792, 27.095032], [-91.973419, 27.095032], [-91.973419, 27.094345], [-91.972046, 27.094345], [-91.972046, 27.093658], [-91.971359, 27.093658], [-91.971359, 27.092285], [-91.974106, 27.092285], [-91.974106, 27.092972], [-91.974792, 27.092972], [-91.974792, 27.093658], [-91.975479, 27.093658], [-91.975479, 27.094345], [-91.976166, 27.094345], [-91.976166, 27.095032], [-91.976852, 27.095032], [-91.976852, 27.096405], [-91.977539, 27.096405], [-91.977539, 27.097778]]], [[[-91.972733, 27.170563], [-91.972046, 27.170563], [-91.972046, 27.169876], [-91.972733, 27.169876], [-91.972733, 27.170563]]], [[[-91.972733, 27.05864], [-91.972046, 27.05864], [-91.972046, 27.057953], [-91.972733, 27.057953], [-91.972733, 27.05864]]], [[[-91.984406, 27.062073], [-91.982346, 27.062073], [-91.982346, 27.061386], [-91.981659, 27.061386], [-91.981659, 27.060013], [-91.980972, 27.060013], [-91.980972, 27.059326], [-91.980286, 27.059326], [-91.980286, 27.05864], [-91.981659, 27.05864], [-91.981659, 27.059326], [-91.982346, 27.059326], [-91.982346, 27.060013], [-91.983032, 27.060013], [-91.983032, 27.060699], [-91.983719, 27.060699], [-91.983719, 27.061386], [-91.984406, 27.061386], [-91.984406, 27.062073]]], [[[-91.980286, 27.05864], [-91.978912, 27.05864], [-91.978912, 27.057953], [-91.980286, 27.057953], [-91.980286, 27.05864]]], [[[-91.978912, 27.057953], [-91.977539, 27.057953], [-91.977539, 27.057266], [-91.978912, 27.057266], [-91.978912, 27.057953]]], [[[-91.980286, 27.14653], [-91.979599, 27.14653], [-91.979599, 27.145844], [-91.980286, 27.145844], [-91.980286, 27.14653]]], [[[-91.980972, 26.799088], [-91.980286, 26.799088], [-91.980286, 26.798401], [-91.980972, 26.798401], [-91.980972, 26.799088]]], [[[-91.982346, 26.802521], [-91.981659, 26.802521], [-91.981659, 26.800461], [-91.982346, 26.800461], [-91.982346, 26.802521]]], [[[-91.981659, 26.800461], [-91.980972, 26.800461], [-91.980972, 26.799774], [-91.981659, 26.799774], [-91.981659, 26.800461]]], [[[-91.983032, 26.987228], [-91.981659, 26.987228], [-91.981659, 26.986542], [-91.983032, 26.986542], [-91.983032, 26.987228]]], [[[-91.983719, 26.805954], [-91.983032, 26.805954], [-91.983032, 26.803894], [-91.982346, 26.803894], [-91.982346, 26.803207], [-91.983719, 26.803207], [-91.983719, 26.802521], [-91.984406, 26.802521], [-91.984406, 26.803894], [-91.983719, 26.803894], [-91.983719, 26.805954]]], [[[-91.988525, 27.018127], [-91.987152, 27.018127], [-91.987152, 27.017441], [-91.986465, 27.017441], [-91.986465, 27.015381], [-91.985779, 27.015381], [-91.985779, 27.014694], [-91.984406, 27.014694], [-91.984406, 27.013321], [-91.983719, 27.013321], [-91.983719, 27.011948], [-91.983032, 27.011948], [-91.983032, 27.011261], [-91.984406, 27.011261], [-91.984406, 27.010574], [-91.985092, 27.010574], [-91.985092, 27.011261], [-91.985779, 27.011261], [-91.985779, 27.014008], [-91.986465, 27.014008], [-91.986465, 27.014694], [-91.987152, 27.014694], [-91.987152, 27.015381], [-91.987839, 27.015381], [-91.987839, 27.017441], [-91.988525, 27.017441], [-91.988525, 27.018127]]], [[[-91.987839, 26.991348], [-91.987152, 26.991348], [-91.987152, 26.990662], [-91.986465, 26.990662], [-91.986465, 26.989288], [-91.985779, 26.989288], [-91.985779, 26.988602], [-91.985092, 26.988602], [-91.985092, 26.987228], [-91.984406, 26.987228], [-91.984406, 26.986542], [-91.987839, 26.986542], [-91.987839, 26.987228], [-91.988525, 26.987228], [-91.988525, 26.989288], [-91.989212, 26.989288], [-91.989212, 26.989975], [-91.988525, 26.989975], [-91.988525, 26.990662], [-91.987839, 26.990662], [-91.987839, 26.991348]]], [[[-91.985092, 26.806641], [-91.984406, 26.806641], [-91.984406, 26.805954], [-91.985092, 26.805954], [-91.985092, 26.806641]]], [[[-91.986465, 27.063446], [-91.985779, 27.063446], [-91.985779, 27.062759], [-91.986465, 27.062759], [-91.986465, 27.063446]]], [[[-91.985779, 27.062759], [-91.985092, 27.062759], [-91.985092, 27.062073], [-91.985779, 27.062073], [-91.985779, 27.062759]]], [[[-91.986465, 26.808014], [-91.985779, 26.808014], [-91.985779, 26.806641], [-91.986465, 26.806641], [-91.986465, 26.808014]]], [[[-91.986465, 26.852646], [-91.985779, 26.852646], [-91.985779, 26.851273], [-91.986465, 26.851273], [-91.986465, 26.850586], [-91.987839, 26.850586], [-91.987839, 26.851273], [-91.987152, 26.851273], [-91.987152, 26.851959], [-91.986465, 26.851959], [-91.986465, 26.852646]]], [[[-91.989212, 27.020187], [-91.988525, 27.020187], [-91.988525, 27.019501], [-91.989212, 27.019501], [-91.989212, 27.020187]]], [[[-92.000198, 27.031174], [-91.999512, 27.031174], [-91.999512, 27.030487], [-91.995392, 27.030487], [-91.995392, 27.029114], [-91.994019, 27.029114], [-91.994019, 27.02774], [-91.993332, 27.02774], [-91.993332, 27.026367], [-91.992645, 27.026367], [-91.992645, 27.024994], [-91.991959, 27.024994], [-91.991959, 27.024307], [-91.990585, 27.024307], [-91.990585, 27.023621], [-91.989899, 27.023621], [-91.989899, 27.020874], [-91.990585, 27.020874], [-91.990585, 27.022934], [-91.992645, 27.022934], [-91.992645, 27.024307], [-91.993332, 27.024307], [-91.993332, 27.025681], [-91.994019, 27.025681], [-91.994019, 27.026367], [-91.995392, 27.026367], [-91.995392, 27.027054], [-91.996078, 27.027054], [-91.996078, 27.02774], [-91.997452, 27.02774], [-91.997452, 27.028427], [-91.998138, 27.028427], [-91.998138, 27.0298], [-92.000198, 27.0298], [-92.000198, 27.031174]]], [[[-91.991272, 27.070313], [-91.990585, 27.070313], [-91.990585, 27.068939], [-91.991959, 27.068939], [-91.991959, 27.069626], [-91.991272, 27.069626], [-91.991272, 27.070313]]], [[[-91.993332, 26.992035], [-91.992645, 26.992035], [-91.992645, 26.991348], [-91.991959, 26.991348], [-91.991959, 26.990662], [-91.991272, 26.990662], [-91.991272, 26.989975], [-91.990585, 26.989975], [-91.990585, 26.985168], [-91.991272, 26.985168], [-91.991272, 26.984482], [-91.991959, 26.984482], [-91.991959, 26.985168], [-91.992645, 26.985168], [-91.992645, 26.985855], [-91.991959, 26.985855], [-91.991959, 26.988602], [-91.992645, 26.988602], [-91.992645, 26.989975], [-91.993332, 26.989975], [-91.993332, 26.992035]]], [[[-92.013245, 27.094345], [-92.012558, 27.094345], [-92.012558, 27.093658], [-92.011871, 27.093658], [-92.011871, 27.092972], [-92.010498, 27.092972], [-92.010498, 27.093658], [-92.009811, 27.093658], [-92.009811, 27.092972], [-92.009125, 27.092972], [-92.009125, 27.091599], [-92.008438, 27.091599], [-92.008438, 27.090912], [-92.007751, 27.090912], [-92.007751, 27.089539], [-92.008438, 27.089539], [-92.008438, 27.087479], [-92.007751, 27.087479], [-92.007751, 27.086792], [-92.006378, 27.086792], [-92.006378, 27.085419], [-92.005692, 27.085419], [-92.005692, 27.084045], [-92.005005, 27.084045], [-92.005005, 27.082672], [-92.004318, 27.082672], [-92.004318, 27.081985], [-92.002945, 27.081985], [-92.002945, 27.081299], [-92.002258, 27.081299], [-92.002258, 27.081985], [-92.001572, 27.081985], [-92.001572, 27.079926], [-92.000885, 27.079926], [-92.000885, 27.078552], [-92.000198, 27.078552], [-92.000198, 27.077866], [-91.999512, 27.077866], [-91.999512, 27.076492], [-91.998138, 27.076492], [-91.998138, 27.075806], [-91.997452, 27.075806], [-91.997452, 27.075119], [-91.996765, 27.075119], [-91.996765, 27.073059], [-91.997452, 27.073059], [-91.997452, 27.072372], [-91.998138, 27.072372], [-91.998138, 27.073059], [-91.998825, 27.073059], [-91.998825, 27.075119], [-91.999512, 27.075119], [-91.999512, 27.075806], [-92.000885, 27.075806], [-92.000885, 27.076492], [-92.001572, 27.076492], [-92.001572, 27.077179], [-92.002258, 27.077179], [-92.002258, 27.077866], [-92.003632, 27.077866], [-92.003632, 27.079926], [-92.004318, 27.079926], [-92.004318, 27.080612], [-92.005005, 27.080612], [-92.005005, 27.081299], [-92.005692, 27.081299], [-92.005692, 27.081985], [-92.006378, 27.081985], [-92.006378, 27.082672], [-92.007751, 27.082672], [-92.007751, 27.083359], [-92.008438, 27.083359], [-92.008438, 27.084045], [-92.009125, 27.084045], [-92.009125, 27.087479], [-92.010498, 27.087479], [-92.010498, 27.088165], [-92.011185, 27.088165], [-92.011185, 27.089539], [-92.011871, 27.089539], [-92.011871, 27.090912], [-92.012558, 27.090912], [-92.012558, 27.092285], [-92.013245, 27.092285], [-92.013245, 27.094345]]], [[[-91.996765, 27.073059], [-91.994019, 27.073059], [-91.994019, 27.072372], [-91.993332, 27.072372], [-91.993332, 27.071686], [-91.991959, 27.071686], [-91.991959, 27.070999], [-91.992645, 27.070999], [-91.992645, 27.070313], [-91.994705, 27.070313], [-91.994705, 27.071686], [-91.995392, 27.071686], [-91.995392, 27.072372], [-91.996765, 27.072372], [-91.996765, 27.073059]]], [[[-91.993332, 26.819], [-91.992645, 26.819], [-91.992645, 26.818314], [-91.993332, 26.818314], [-91.993332, 26.819]]], [[[-91.995392, 26.821747], [-91.994705, 26.821747], [-91.994705, 26.820374], [-91.995392, 26.820374], [-91.995392, 26.821747]]], [[[-91.994705, 26.820374], [-91.994019, 26.820374], [-91.994019, 26.819687], [-91.994705, 26.819687], [-91.994705, 26.820374]]], [[[-92.000198, 27.001648], [-91.998825, 27.001648], [-91.998825, 26.999588], [-91.998138, 26.999588], [-91.998138, 26.998215], [-91.995392, 26.998215], [-91.995392, 26.997528], [-91.994705, 26.997528], [-91.994705, 26.994781], [-91.995392, 26.994781], [-91.995392, 26.993408], [-91.996078, 26.993408], [-91.996078, 26.991348], [-91.996765, 26.991348], [-91.996765, 26.992035], [-91.998138, 26.992035], [-91.998138, 26.993408], [-91.996765, 26.993408], [-91.996765, 26.994095], [-91.997452, 26.994095], [-91.997452, 26.994781], [-91.998138, 26.994781], [-91.998138, 26.996155], [-91.998825, 26.996155], [-91.998825, 26.998215], [-91.999512, 26.998215], [-91.999512, 26.999588], [-92.001572, 26.999588], [-92.001572, 27.000961], [-92.000198, 27.000961], [-92.000198, 27.001648]], [[-91.998138, 26.996155], [-91.997452, 26.996155], [-91.997452, 26.995468], [-91.996765, 26.995468], [-91.996765, 26.994781], [-91.996078, 26.994781], [-91.996078, 26.996155], [-91.996765, 26.996155], [-91.996765, 26.997528], [-91.998138, 26.997528], [-91.998138, 26.996155]]], [[[-92.024231, 27.014008], [-92.021484, 27.014008], [-92.021484, 27.013321], [-92.020798, 27.013321], [-92.020798, 27.011948], [-92.020111, 27.011948], [-92.020111, 27.011261], [-92.018738, 27.011261], [-92.018738, 27.009201], [-92.018051, 27.009201], [-92.018051, 27.007828], [-92.016678, 27.007828], [-92.016678, 27.007141], [-92.015305, 27.007141], [-92.015305, 27.006454], [-92.013931, 27.006454], [-92.013931, 27.005768], [-92.012558, 27.005768], [-92.012558, 27.005081], [-92.011871, 27.005081], [-92.011871, 27.004395], [-92.009811, 27.004395], [-92.009811, 27.003708], [-92.009125, 27.003708], [-92.009125, 27.002335], [-92.007751, 27.002335], [-92.007751, 27.001648], [-92.007065, 27.001648], [-92.007065, 27.000961], [-92.006378, 27.000961], [-92.006378, 27.000275], [-92.005692, 27.000275], [-92.005692, 26.998901], [-92.005005, 26.998901], [-92.005005, 26.997528], [-92.004318, 26.997528], [-92.004318, 26.996841], [-92.003632, 26.996841], [-92.003632, 26.997528], [-92.002945, 26.997528], [-92.002945, 26.993408], [-92.003632, 26.993408], [-92.003632, 26.994095], [-92.004318, 26.994095], [-92.004318, 26.993408], [-92.005005, 26.993408], [-92.005005, 26.992722], [-92.004318, 26.992722], [-92.004318, 26.992035], [-92.002945, 26.992035], [-92.002945, 26.989288], [-92.003632, 26.989288], [-92.003632, 26.989975], [-92.005005, 26.989975], [-92.005005, 26.988602], [-92.006378, 26.988602], [-92.006378, 26.986542], [-92.005692, 26.986542], [-92.005692, 26.985855], [-92.005005, 26.985855], [-92.005005, 26.984482], [-92.004318, 26.984482], [-92.004318, 26.983109], [-92.003632, 26.983109], [-92.003632, 26.982422], [-92.001572, 26.982422], [-92.001572, 26.981735], [-92.000885, 26.981735], [-92.000885, 26.979675], [-92.000198, 26.979675], [-92.000198, 26.980362], [-91.998825, 26.980362], [-91.998825, 26.979675], [-91.998138, 26.979675], [-91.998138, 26.977615], [-91.997452, 26.977615], [-91.997452, 26.976929], [-91.996765, 26.976929], [-91.996765, 26.975555], [-91.996078, 26.975555], [-91.996078, 26.974182], [-91.998138, 26.974182], [-91.998138, 26.975555], [-91.998825, 26.975555], [-91.998825, 26.977615], [-91.999512, 26.977615], [-91.999512, 26.976242], [-92.000198, 26.976242], [-92.000198, 26.975555], [-92.002258, 26.975555], [-92.002258, 26.974869], [-92.001572, 26.974869], [-92.001572, 26.973495], [-92.000885, 26.973495], [-92.000885, 26.972809], [-92.000198, 26.972809], [-92.000198, 26.970749], [-91.999512, 26.970749], [-91.999512, 26.968689], [-92.000198, 26.968689], [-92.000198, 26.969376], [-92.000885, 26.969376], [-92.000885, 26.970062], [-92.001572, 26.970062], [-92.001572, 26.972122], [-92.002258, 26.972122], [-92.002258, 26.973495], [-92.002945, 26.973495], [-92.002945, 26.974182], [-92.004318, 26.974182], [-92.004318, 26.974869], [-92.005005, 26.974869], [-92.005005, 26.974182], [-92.005692, 26.974182], [-92.005692, 26.972809], [-92.006378, 26.972809], [-92.006378, 26.970749], [-92.007065, 26.970749], [-92.007065, 26.970062], [-92.007751, 26.970062], [-92.007751, 26.969376], [-92.009125, 26.969376], [-92.009125, 26.970749], [-92.008438, 26.970749], [-92.008438, 26.971436], [-92.009125, 26.971436], [-92.009125, 26.974869], [-92.010498, 26.974869], [-92.010498, 26.975555], [-92.009811, 26.975555], [-92.009811, 26.976242], [-92.009125, 26.976242], [-92.009125, 26.977615], [-92.008438, 26.977615], [-92.008438, 26.979675], [-92.009125, 26.979675], [-92.009125, 26.981049], [-92.009811, 26.981049], [-92.009811, 26.981735], [-92.009125, 26.981735], [-92.009125, 26.983109], [-92.009811, 26.983109], [-92.009811, 26.984482], [-92.010498, 26.984482], [-92.010498, 26.985168], [-92.011185, 26.985168], [-92.011185, 26.987228], [-92.011871, 26.987228], [-92.011871, 26.988602], [-92.013245, 26.988602], [-92.013245, 26.987915], [-92.015305, 26.987915], [-92.015305, 26.989975], [-92.015991, 26.989975], [-92.015991, 26.991348], [-92.016678, 26.991348], [-92.016678, 26.992035], [-92.015305, 26.992035], [-92.015305, 26.993408], [-92.018051, 26.993408], [-92.018051, 26.998901], [-92.017365, 26.998901], [-92.017365, 26.999588], [-92.015305, 26.999588], [-92.015305, 26.995468], [-92.011871, 26.995468], [-92.011871, 26.996155], [-92.011185, 26.996155], [-92.011185, 26.998215], [-92.009811, 26.998215], [-92.009811, 26.997528], [-92.009125, 26.997528], [-92.009125, 26.998215], [-92.008438, 26.998215], [-92.008438, 26.998901], [-92.009125, 26.998901], [-92.009125, 27.000961], [-92.009811, 27.000961], [-92.009811, 27.002335], [-92.011871, 27.002335], [-92.011871, 27.003708], [-92.012558, 27.003708], [-92.012558, 27.004395], [-92.013931, 27.004395], [-92.013931, 27.005081], [-92.015305, 27.005081], [-92.015305, 27.005768], [-92.018051, 27.005768], [-92.018051, 27.006454], [-92.018738, 27.006454], [-92.018738, 27.007141], [-92.019424, 27.007141], [-92.019424, 27.007828], [-92.020111, 27.007828], [-92.020111, 27.008514], [-92.020798, 27.008514], [-92.020798, 27.010574], [-92.021484, 27.010574], [-92.021484, 27.011948], [-92.022171, 27.011948], [-92.022171, 27.013321], [-92.024231, 27.013321], [-92.024231, 27.014008]], [[-92.008438, 26.989288], [-92.008438, 26.988602], [-92.007751, 26.988602], [-92.007751, 26.989288], [-92.008438, 26.989288]]], [[[-92.005005, 26.988602], [-92.004318, 26.988602], [-92.004318, 26.987915], [-92.005005, 26.987915], [-92.005005, 26.988602]]], [[[-92.002945, 26.989288], [-92.002258, 26.989288], [-92.002258, 26.987915], [-92.002945, 26.987915], [-92.002945, 26.989288]]], [[[-92.002945, 26.987915], [-92.002945, 26.987228], [-92.002258, 26.987228], [-92.002258, 26.986542], [-92.000885, 26.986542], [-92.000885, 26.984482], [-92.000198, 26.984482], [-92.000198, 26.983109], [-91.999512, 26.983109], [-91.999512, 26.982422], [-91.998825, 26.982422], [-91.998825, 26.981049], [-92.000198, 26.981049], [-92.000198, 26.982422], [-92.000885, 26.982422], [-92.000885, 26.983109], [-92.002945, 26.983109], [-92.002945, 26.984482], [-92.002258, 26.984482], [-92.002258, 26.985855], [-92.002945, 26.985855], [-92.002945, 26.986542], [-92.003632, 26.986542], [-92.003632, 26.987915], [-92.002945, 26.987915]]], [[[-92.002945, 26.993408], [-92.002258, 26.993408], [-92.002258, 26.992722], [-92.002945, 26.992722], [-92.002945, 26.993408]]], [[[-91.998138, 26.824493], [-91.996765, 26.824493], [-91.996765, 26.82312], [-91.998138, 26.82312], [-91.998138, 26.824493]]], [[[-92.004318, 27.0298], [-92.002945, 27.0298], [-92.002945, 27.02774], [-92.004318, 27.02774], [-92.004318, 27.0298]]], [[[-92.004318, 26.999588], [-92.003632, 26.999588], [-92.003632, 26.998901], [-92.004318, 26.998901], [-92.004318, 26.999588]]], [[[-92.009125, 27.077866], [-92.007065, 27.077866], [-92.007065, 27.077179], [-92.005692, 27.077179], [-92.005692, 27.075119], [-92.007065, 27.075119], [-92.007065, 27.075806], [-92.007751, 27.075806], [-92.007751, 27.074432], [-92.008438, 27.074432], [-92.008438, 27.073059], [-92.009125, 27.073059], [-92.009125, 27.075119], [-92.009811, 27.075119], [-92.009811, 27.075806], [-92.011185, 27.075806], [-92.011185, 27.077179], [-92.009125, 27.077179], [-92.009125, 27.077866]]], [[[-92.007065, 27.080612], [-92.006378, 27.080612], [-92.006378, 27.079926], [-92.007065, 27.079926], [-92.007065, 27.080612]]], [[[-92.012558, 26.974869], [-92.011185, 26.974869], [-92.011185, 26.974182], [-92.012558, 26.974182], [-92.012558, 26.974869]]], [[[-92.018738, 26.896591], [-92.015991, 26.896591], [-92.015991, 26.895905], [-92.013931, 26.895905], [-92.013931, 26.895218], [-92.012558, 26.895218], [-92.012558, 26.894531], [-92.011871, 26.894531], [-92.011871, 26.893158], [-92.013931, 26.893158], [-92.013931, 26.889725], [-92.015305, 26.889725], [-92.015305, 26.891785], [-92.015991, 26.891785], [-92.015991, 26.892471], [-92.016678, 26.892471], [-92.016678, 26.893158], [-92.017365, 26.893158], [-92.017365, 26.893845], [-92.018738, 26.893845], [-92.018738, 26.896591]], [[-92.013931, 26.893158], [-92.013931, 26.893845], [-92.014618, 26.893845], [-92.014618, 26.895218], [-92.015991, 26.895218], [-92.015991, 26.894531], [-92.015305, 26.894531], [-92.015305, 26.893158], [-92.013931, 26.893158]]], [[[-92.114868, 26.961823], [-92.114868, 26.963196], [-92.113495, 26.963196], [-92.113495, 26.962509], [-92.112122, 26.962509], [-92.112122, 26.963882], [-92.111435, 26.963882], [-92.111435, 26.964569], [-92.110748, 26.964569], [-92.110748, 26.963882], [-92.110062, 26.963882], [-92.110062, 26.963196], [-92.109375, 26.963196], [-92.109375, 26.961136], [-92.105255, 26.961136], [-92.105255, 26.963196], [-92.106628, 26.963196], [-92.106628, 26.963882], [-92.108002, 26.963882], [-92.108002, 26.968002], [-92.109375, 26.968002], [-92.109375, 26.969376], [-92.110062, 26.969376], [-92.110062, 26.970062], [-92.111435, 26.970062], [-92.111435, 26.970749], [-92.112122, 26.970749], [-92.112122, 26.972122], [-92.113495, 26.972122], [-92.113495, 26.972809], [-92.114868, 26.972809], [-92.114868, 26.973495], [-92.116928, 26.973495], [-92.116928, 26.974182], [-92.117615, 26.974182], [-92.117615, 26.974869], [-92.118301, 26.974869], [-92.118301, 26.974182], [-92.118988, 26.974182], [-92.118988, 26.974869], [-92.120361, 26.974869], [-92.120361, 26.975555], [-92.121048, 26.975555], [-92.121048, 26.976242], [-92.121735, 26.976242], [-92.121735, 26.979675], [-92.123108, 26.979675], [-92.123108, 26.980362], [-92.123795, 26.980362], [-92.123795, 26.981049], [-92.125854, 26.981049], [-92.125854, 26.981735], [-92.123795, 26.981735], [-92.123795, 26.982422], [-92.123108, 26.982422], [-92.123108, 26.984482], [-92.122421, 26.984482], [-92.122421, 26.985855], [-92.123108, 26.985855], [-92.123108, 26.986542], [-92.123795, 26.986542], [-92.123795, 26.987228], [-92.125854, 26.987228], [-92.125854, 26.987915], [-92.125168, 26.987915], [-92.125168, 26.988602], [-92.124481, 26.988602], [-92.124481, 26.989288], [-92.121735, 26.989288], [-92.121735, 26.989975], [-92.121048, 26.989975], [-92.121048, 26.989288], [-92.119675, 26.989288], [-92.119675, 26.988602], [-92.118301, 26.988602], [-92.118301, 26.987915], [-92.116928, 26.987915], [-92.116928, 26.987228], [-92.114182, 26.987228], [-92.114182, 26.985855], [-92.114868, 26.985855], [-92.114868, 26.986542], [-92.116241, 26.986542], [-92.116241, 26.984482], [-92.118301, 26.984482], [-92.118301, 26.983109], [-92.117615, 26.983109], [-92.117615, 26.982422], [-92.116241, 26.982422], [-92.116241, 26.983109], [-92.115555, 26.983109], [-92.115555, 26.984482], [-92.113495, 26.984482], [-92.113495, 26.985855], [-92.110062, 26.985855], [-92.110062, 26.985168], [-92.109375, 26.985168], [-92.109375, 26.979675], [-92.108002, 26.979675], [-92.108002, 26.978989], [-92.107315, 26.978989], [-92.107315, 26.978302], [-92.106628, 26.978302], [-92.106628, 26.976929], [-92.104568, 26.976929], [-92.104568, 26.976242], [-92.103195, 26.976242], [-92.103195, 26.975555], [-92.100449, 26.975555], [-92.100449, 26.974869], [-92.099075, 26.974869], [-92.099075, 26.974182], [-92.097015, 26.974182], [-92.097015, 26.974869], [-92.094955, 26.974869], [-92.094955, 26.974182], [-92.092896, 26.974182], [-92.092896, 26.973495], [-92.092209, 26.973495], [-92.092209, 26.974182], [-92.091522, 26.974182], [-92.091522, 26.973495], [-92.090149, 26.973495], [-92.090149, 26.972809], [-92.089462, 26.972809], [-92.089462, 26.972122], [-92.088089, 26.972122], [-92.088089, 26.971436], [-92.087402, 26.971436], [-92.087402, 26.970062], [-92.084656, 26.970062], [-92.084656, 26.970749], [-92.082596, 26.970749], [-92.082596, 26.970062], [-92.079849, 26.970062], [-92.079849, 26.970749], [-92.077789, 26.970749], [-92.077789, 26.970062], [-92.077103, 26.970062], [-92.077103, 26.969376], [-92.076416, 26.969376], [-92.076416, 26.968002], [-92.073669, 26.968002], [-92.073669, 26.968689], [-92.072296, 26.968689], [-92.072296, 26.969376], [-92.071609, 26.969376], [-92.071609, 26.970749], [-92.070923, 26.970749], [-92.070923, 26.972809], [-92.070236, 26.972809], [-92.070236, 26.972122], [-92.068863, 26.972122], [-92.068863, 26.970749], [-92.066803, 26.970749], [-92.066803, 26.971436], [-92.066116, 26.971436], [-92.066116, 26.970062], [-92.066803, 26.970062], [-92.066803, 26.969376], [-92.06749, 26.969376], [-92.06749, 26.970062], [-92.068863, 26.970062], [-92.068863, 26.969376], [-92.068176, 26.969376], [-92.068176, 26.968689], [-92.066803, 26.968689], [-92.066803, 26.967316], [-92.066116, 26.967316], [-92.066116, 26.965942], [-92.06543, 26.965942], [-92.06543, 26.965256], [-92.064743, 26.965256], [-92.064743, 26.963882], [-92.06337, 26.963882], [-92.06337, 26.965256], [-92.062683, 26.965256], [-92.062683, 26.965942], [-92.06131, 26.965942], [-92.06131, 26.965256], [-92.060623, 26.965256], [-92.060623, 26.965942], [-92.059937, 26.965942], [-92.059937, 26.966629], [-92.060623, 26.966629], [-92.060623, 26.967316], [-92.061996, 26.967316], [-92.061996, 26.968002], [-92.062683, 26.968002], [-92.062683, 26.970062], [-92.06337, 26.970062], [-92.06337, 26.971436], [-92.062683, 26.971436], [-92.062683, 26.973495], [-92.061996, 26.973495], [-92.061996, 26.970749], [-92.06131, 26.970749], [-92.06131, 26.970062], [-92.060623, 26.970062], [-92.060623, 26.968002], [-92.059937, 26.968002], [-92.059937, 26.967316], [-92.058563, 26.967316], [-92.058563, 26.966629], [-92.057877, 26.966629], [-92.057877, 26.965942], [-92.05719, 26.965942], [-92.05719, 26.965256], [-92.055817, 26.965256], [-92.055817, 26.964569], [-92.05513, 26.964569], [-92.05513, 26.965256], [-92.054443, 26.965256], [-92.054443, 26.963196], [-92.05513, 26.963196], [-92.05513, 26.962509], [-92.055817, 26.962509], [-92.055817, 26.961823], [-92.05719, 26.961823], [-92.05719, 26.962509], [-92.057877, 26.962509], [-92.057877, 26.963196], [-92.059937, 26.963196], [-92.059937, 26.961136], [-92.060623, 26.961136], [-92.060623, 26.959763], [-92.059937, 26.959763], [-92.059937, 26.959076], [-92.058563, 26.959076], [-92.058563, 26.959763], [-92.056503, 26.959763], [-92.056503, 26.960449], [-92.05307, 26.960449], [-92.05307, 26.959763], [-92.052383, 26.959763], [-92.052383, 26.959076], [-92.05101, 26.959076], [-92.05101, 26.957016], [-92.050323, 26.957016], [-92.050323, 26.956329], [-92.04689, 26.956329], [-92.04689, 26.957703], [-92.047577, 26.957703], [-92.047577, 26.958389], [-92.04689, 26.958389], [-92.04689, 26.959076], [-92.047577, 26.959076], [-92.047577, 26.961823], [-92.048264, 26.961823], [-92.048264, 26.963196], [-92.04895, 26.963196], [-92.04895, 26.963882], [-92.049637, 26.963882], [-92.049637, 26.964569], [-92.050323, 26.964569], [-92.050323, 26.963882], [-92.05101, 26.963882], [-92.05101, 26.961136], [-92.051697, 26.961136], [-92.051697, 26.962509], [-92.052383, 26.962509], [-92.052383, 26.963882], [-92.051697, 26.963882], [-92.051697, 26.965256], [-92.049637, 26.965256], [-92.049637, 26.967316], [-92.050323, 26.967316], [-92.050323, 26.968689], [-92.049637, 26.968689], [-92.049637, 26.969376], [-92.048264, 26.969376], [-92.048264, 26.970062], [-92.045517, 26.970062], [-92.045517, 26.972809], [-92.043457, 26.972809], [-92.043457, 26.970749], [-92.041397, 26.970749], [-92.041397, 26.974182], [-92.04071, 26.974182], [-92.04071, 26.973495], [-92.040024, 26.973495], [-92.040024, 26.974869], [-92.039337, 26.974869], [-92.039337, 26.975555], [-92.037964, 26.975555], [-92.037964, 26.978302], [-92.037277, 26.978302], [-92.037277, 26.978989], [-92.037964, 26.978989], [-92.037964, 26.979675], [-92.037277, 26.979675], [-92.037277, 26.980362], [-92.036591, 26.980362], [-92.036591, 26.982422], [-92.037964, 26.982422], [-92.037964, 26.985168], [-92.037277, 26.985168], [-92.037277, 26.986542], [-92.038651, 26.986542], [-92.038651, 26.987228], [-92.039337, 26.987228], [-92.039337, 26.988602], [-92.040024, 26.988602], [-92.040024, 26.987915], [-92.041397, 26.987915], [-92.041397, 26.989975], [-92.04071, 26.989975], [-92.04071, 26.993408], [-92.041397, 26.993408], [-92.041397, 26.994781], [-92.042084, 26.994781], [-92.042084, 26.995468], [-92.04277, 26.995468], [-92.04277, 26.996155], [-92.043457, 26.996155], [-92.043457, 26.997528], [-92.04277, 26.997528], [-92.04277, 26.999588], [-92.043457, 26.999588], [-92.043457, 27.006454], [-92.044144, 27.006454], [-92.044144, 27.007141], [-92.04483, 27.007141], [-92.04483, 27.011261], [-92.043457, 27.011261], [-92.043457, 27.007828], [-92.04277, 27.007828], [-92.04277, 27.007141], [-92.042084, 27.007141], [-92.042084, 27.005768], [-92.041397, 27.005768], [-92.041397, 27.005081], [-92.04071, 27.005081], [-92.04071, 27.001648], [-92.040024, 27.001648], [-92.040024, 27.000961], [-92.038651, 27.000961], [-92.038651, 26.999588], [-92.037964, 26.999588], [-92.037964, 27.000275], [-92.036591, 27.000275], [-92.036591, 27.000961], [-92.037277, 27.000961], [-92.037277, 27.001648], [-92.035904, 27.001648], [-92.035904, 27.000961], [-92.035217, 27.000961], [-92.035217, 26.998901], [-92.036591, 26.998901], [-92.036591, 26.999588], [-92.037277, 26.999588], [-92.037277, 26.998901], [-92.037964, 26.998901], [-92.037964, 26.998215], [-92.035904, 26.998215], [-92.035904, 26.997528], [-92.036591, 26.997528], [-92.036591, 26.995468], [-92.035904, 26.995468], [-92.035904, 26.994781], [-92.036591, 26.994781], [-92.036591, 26.994095], [-92.035217, 26.994095], [-92.035217, 26.993408], [-92.034531, 26.993408], [-92.034531, 26.991348], [-92.033844, 26.991348], [-92.033844, 26.989288], [-92.033157, 26.989288], [-92.033157, 26.987915], [-92.032471, 26.987915], [-92.032471, 26.987228], [-92.031784, 26.987228], [-92.031784, 26.985855], [-92.031097, 26.985855], [-92.031097, 26.985168], [-92.029724, 26.985168], [-92.029724, 26.984482], [-92.030411, 26.984482], [-92.030411, 26.983109], [-92.029724, 26.983109], [-92.029724, 26.982422], [-92.031097, 26.982422], [-92.031097, 26.983109], [-92.031784, 26.983109], [-92.031784, 26.980362], [-92.031097, 26.980362], [-92.031097, 26.978302], [-92.031784, 26.978302], [-92.031784, 26.979675], [-92.032471, 26.979675], [-92.032471, 26.980362], [-92.033844, 26.980362], [-92.033844, 26.975555], [-92.033157, 26.975555], [-92.033157, 26.973495], [-92.033844, 26.973495], [-92.033844, 26.972809], [-92.034531, 26.972809], [-92.034531, 26.972122], [-92.033844, 26.972122], [-92.033844, 26.970749], [-92.034531, 26.970749], [-92.034531, 26.971436], [-92.035217, 26.971436], [-92.035217, 26.970749], [-92.036591, 26.970749], [-92.036591, 26.973495], [-92.037277, 26.973495], [-92.037277, 26.972809], [-92.037964, 26.972809], [-92.037964, 26.970749], [-92.037277, 26.970749], [-92.037277, 26.968689], [-92.036591, 26.968689], [-92.036591, 26.968002], [-92.034531, 26.968002], [-92.034531, 26.967316], [-92.033844, 26.967316], [-92.033844, 26.965942], [-92.034531, 26.965942], [-92.034531, 26.963882], [-92.033844, 26.963882], [-92.033844, 26.962509], [-92.034531, 26.962509], [-92.034531, 26.961823], [-92.035217, 26.961823], [-92.035217, 26.961136], [-92.035904, 26.961136], [-92.035904, 26.960449], [-92.036591, 26.960449], [-92.036591, 26.957703], [-92.037277, 26.957703], [-92.037277, 26.957016], [-92.037964, 26.957016], [-92.037964, 26.956329], [-92.038651, 26.956329], [-92.038651, 26.951523], [-92.037964, 26.951523], [-92.037964, 26.950836], [-92.037277, 26.950836], [-92.037277, 26.948776], [-92.036591, 26.948776], [-92.036591, 26.94809], [-92.035217, 26.94809], [-92.035217, 26.947403], [-92.033844, 26.947403], [-92.033844, 26.94809], [-92.033157, 26.94809], [-92.033157, 26.948776], [-92.033844, 26.948776], [-92.033844, 26.949463], [-92.032471, 26.949463], [-92.032471, 26.948776], [-92.031784, 26.948776], [-92.031784, 26.946716], [-92.029037, 26.946716], [-92.029037, 26.94397], [-92.028351, 26.94397], [-92.028351, 26.941223], [-92.027664, 26.941223], [-92.027664, 26.940536], [-92.028351, 26.940536], [-92.028351, 26.938477], [-92.027664, 26.938477], [-92.027664, 26.934357], [-92.025604, 26.934357], [-92.025604, 26.93367], [-92.024231, 26.93367], [-92.024231, 26.935043], [-92.023544, 26.935043], [-92.023544, 26.93573], [-92.022858, 26.93573], [-92.022858, 26.936417], [-92.022171, 26.936417], [-92.022171, 26.939163], [-92.021484, 26.939163], [-92.021484, 26.940536], [-92.020798, 26.940536], [-92.020798, 26.938477], [-92.020111, 26.938477], [-92.020111, 26.93779], [-92.018738, 26.93779], [-92.018738, 26.939163], [-92.018051, 26.939163], [-92.018051, 26.93985], [-92.015991, 26.93985], [-92.015991, 26.939163], [-92.015305, 26.939163], [-92.015305, 26.937103], [-92.014618, 26.937103], [-92.014618, 26.935043], [-92.015305, 26.935043], [-92.015305, 26.93573], [-92.015991, 26.93573], [-92.015991, 26.936417], [-92.016678, 26.936417], [-92.016678, 26.937103], [-92.017365, 26.937103], [-92.017365, 26.93779], [-92.018051, 26.93779], [-92.018051, 26.93573], [-92.018738, 26.93573], [-92.018738, 26.936417], [-92.019424, 26.936417], [-92.019424, 26.93367], [-92.020798, 26.93367], [-92.020798, 26.934357], [-92.021484, 26.934357], [-92.021484, 26.935043], [-92.022171, 26.935043], [-92.022171, 26.932983], [-92.022858, 26.932983], [-92.022858, 26.934357], [-92.023544, 26.934357], [-92.023544, 26.93161], [-92.022171, 26.93161], [-92.022171, 26.932297], [-92.021484, 26.932297], [-92.021484, 26.928864], [-92.022171, 26.928864], [-92.022171, 26.92955], [-92.022858, 26.92955], [-92.022858, 26.928864], [-92.024918, 26.928864], [-92.024918, 26.928177], [-92.025604, 26.928177], [-92.025604, 26.924744], [-92.024918, 26.924744], [-92.024918, 26.924057], [-92.024231, 26.924057], [-92.024231, 26.921997], [-92.023544, 26.921997], [-92.023544, 26.92131], [-92.022171, 26.92131], [-92.022171, 26.920624], [-92.021484, 26.920624], [-92.021484, 26.919937], [-92.020798, 26.919937], [-92.020798, 26.918564], [-92.020111, 26.918564], [-92.020111, 26.917877], [-92.020798, 26.917877], [-92.020798, 26.917191], [-92.020111, 26.917191], [-92.020111, 26.915817], [-92.020798, 26.915817], [-92.020798, 26.916504], [-92.022171, 26.916504], [-92.022171, 26.914444], [-92.021484, 26.914444], [-92.021484, 26.913757], [-92.020798, 26.913757], [-92.020798, 26.913071], [-92.021484, 26.913071], [-92.021484, 26.912384], [-92.022858, 26.912384], [-92.022858, 26.911011], [-92.022171, 26.911011], [-92.022171, 26.910324], [-92.021484, 26.910324], [-92.021484, 26.909637], [-92.020798, 26.909637], [-92.020798, 26.908264], [-92.020111, 26.908264], [-92.020111, 26.906891], [-92.018738, 26.906891], [-92.018738, 26.909637], [-92.019424, 26.909637], [-92.019424, 26.910324], [-92.018051, 26.910324], [-92.018051, 26.909637], [-92.017365, 26.909637], [-92.017365, 26.908264], [-92.014618, 26.908264], [-92.014618, 26.906891], [-92.015305, 26.906891], [-92.015305, 26.903458], [-92.014618, 26.903458], [-92.014618, 26.902084], [-92.013931, 26.902084], [-92.013931, 26.901398], [-92.013245, 26.901398], [-92.013245, 26.900024], [-92.012558, 26.900024], [-92.012558, 26.897964], [-92.013245, 26.897964], [-92.013245, 26.897278], [-92.013931, 26.897278], [-92.013931, 26.897964], [-92.015305, 26.897964], [-92.015305, 26.898651], [-92.016678, 26.898651], [-92.016678, 26.899338], [-92.019424, 26.899338], [-92.019424, 26.900024], [-92.020111, 26.900024], [-92.020111, 26.902084], [-92.020798, 26.902084], [-92.020798, 26.902771], [-92.021484, 26.902771], [-92.021484, 26.904144], [-92.022171, 26.904144], [-92.022171, 26.905518], [-92.023544, 26.905518], [-92.023544, 26.906204], [-92.024231, 26.906204], [-92.024231, 26.908951], [-92.025604, 26.908951], [-92.025604, 26.911011], [-92.027664, 26.911011], [-92.027664, 26.910324], [-92.029037, 26.910324], [-92.029037, 26.911011], [-92.030411, 26.911011], [-92.030411, 26.911697], [-92.031784, 26.911697], [-92.031784, 26.912384], [-92.033844, 26.912384], [-92.033844, 26.911697], [-92.034531, 26.911697], [-92.034531, 26.913071], [-92.036591, 26.913071], [-92.036591, 26.911697], [-92.037277, 26.911697], [-92.037277, 26.910324], [-92.037964, 26.910324], [-92.037964, 26.907578], [-92.038651, 26.907578], [-92.038651, 26.905518], [-92.039337, 26.905518], [-92.039337, 26.906204], [-92.04071, 26.906204], [-92.04071, 26.907578], [-92.041397, 26.907578], [-92.041397, 26.908264], [-92.044144, 26.908264], [-92.044144, 26.909637], [-92.04483, 26.909637], [-92.04483, 26.910324], [-92.048264, 26.910324], [-92.048264, 26.911011], [-92.051697, 26.911011], [-92.051697, 26.911697], [-92.052383, 26.911697], [-92.052383, 26.912384], [-92.05307, 26.912384], [-92.05307, 26.913071], [-92.053757, 26.913071], [-92.053757, 26.914444], [-92.05513, 26.914444], [-92.05513, 26.913757], [-92.055817, 26.913757], [-92.055817, 26.913071], [-92.05719, 26.913071], [-92.05719, 26.913757], [-92.057877, 26.913757], [-92.057877, 26.915817], [-92.056503, 26.915817], [-92.056503, 26.917191], [-92.05719, 26.917191], [-92.05719, 26.917877], [-92.059937, 26.917877], [-92.059937, 26.918564], [-92.05925, 26.918564], [-92.05925, 26.91925], [-92.059937, 26.91925], [-92.059937, 26.920624], [-92.060623, 26.920624], [-92.060623, 26.92131], [-92.05719, 26.92131], [-92.05719, 26.920624], [-92.056503, 26.920624], [-92.056503, 26.91925], [-92.05513, 26.91925], [-92.05513, 26.918564], [-92.053757, 26.918564], [-92.053757, 26.917877], [-92.052383, 26.917877], [-92.052383, 26.917191], [-92.051697, 26.917191], [-92.051697, 26.916504], [-92.050323, 26.916504], [-92.050323, 26.915817], [-92.049637, 26.915817], [-92.049637, 26.915131], [-92.048264, 26.915131], [-92.048264, 26.914444], [-92.046204, 26.914444], [-92.046204, 26.913757], [-92.044144, 26.913757], [-92.044144, 26.911697], [-92.043457, 26.911697], [-92.043457, 26.911011], [-92.04277, 26.911011], [-92.04277, 26.910324], [-92.040024, 26.910324], [-92.040024, 26.911697], [-92.04071, 26.911697], [-92.04071, 26.914444], [-92.040024, 26.914444], [-92.040024, 26.918564], [-92.04071, 26.918564], [-92.04071, 26.91925], [-92.041397, 26.91925], [-92.041397, 26.920624], [-92.04277, 26.920624], [-92.04277, 26.92131], [-92.043457, 26.92131], [-92.043457, 26.921997], [-92.04483, 26.921997], [-92.04483, 26.92131], [-92.045517, 26.92131], [-92.045517, 26.91925], [-92.046204, 26.91925], [-92.046204, 26.920624], [-92.04689, 26.920624], [-92.04689, 26.92131], [-92.047577, 26.92131], [-92.047577, 26.921997], [-92.048264, 26.921997], [-92.048264, 26.922684], [-92.04895, 26.922684], [-92.04895, 26.92337], [-92.04689, 26.92337], [-92.04689, 26.924744], [-92.048264, 26.924744], [-92.048264, 26.92543], [-92.04895, 26.92543], [-92.04895, 26.926117], [-92.049637, 26.926117], [-92.049637, 26.928177], [-92.050323, 26.928177], [-92.050323, 26.928864], [-92.05101, 26.928864], [-92.05101, 26.92955], [-92.051697, 26.92955], [-92.051697, 26.930923], [-92.05307, 26.930923], [-92.05307, 26.930237], [-92.053757, 26.930237], [-92.053757, 26.930923], [-92.055817, 26.930923], [-92.055817, 26.93161], [-92.056503, 26.93161], [-92.056503, 26.930923], [-92.05719, 26.930923], [-92.05719, 26.930237], [-92.058563, 26.930237], [-92.058563, 26.928177], [-92.060623, 26.928177], [-92.060623, 26.928864], [-92.062683, 26.928864], [-92.062683, 26.92955], [-92.06543, 26.92955], [-92.06543, 26.928177], [-92.064056, 26.928177], [-92.064056, 26.926117], [-92.06337, 26.926117], [-92.06337, 26.924057], [-92.062683, 26.924057], [-92.062683, 26.920624], [-92.064056, 26.920624], [-92.064056, 26.919937], [-92.06337, 26.919937], [-92.06337, 26.91925], [-92.064743, 26.91925], [-92.064743, 26.919937], [-92.06543, 26.919937], [-92.06543, 26.92131], [-92.066116, 26.92131], [-92.066116, 26.92337], [-92.068863, 26.92337], [-92.068863, 26.924744], [-92.070923, 26.924744], [-92.070923, 26.92543], [-92.071609, 26.92543], [-92.071609, 26.926117], [-92.072296, 26.926117], [-92.072296, 26.92749], [-92.072983, 26.92749], [-92.072983, 26.928864], [-92.075043, 26.928864], [-92.075043, 26.928177], [-92.074356, 26.928177], [-92.074356, 26.92749], [-92.073669, 26.92749], [-92.073669, 26.926117], [-92.075043, 26.926117], [-92.075043, 26.926804], [-92.076416, 26.926804], [-92.076416, 26.92749], [-92.077789, 26.92749], [-92.077789, 26.928177], [-92.078476, 26.928177], [-92.078476, 26.928864], [-92.077103, 26.928864], [-92.077103, 26.92955], [-92.075729, 26.92955], [-92.075729, 26.93161], [-92.076416, 26.93161], [-92.076416, 26.932983], [-92.077103, 26.932983], [-92.077103, 26.93367], [-92.077789, 26.93367], [-92.077789, 26.934357], [-92.078476, 26.934357], [-92.078476, 26.936417], [-92.079849, 26.936417], [-92.079849, 26.93573], [-92.081223, 26.93573], [-92.081223, 26.937103], [-92.081909, 26.937103], [-92.081909, 26.93779], [-92.086029, 26.93779], [-92.086029, 26.939163], [-92.086716, 26.939163], [-92.086716, 26.93985], [-92.087402, 26.93985], [-92.087402, 26.940536], [-92.088776, 26.940536], [-92.088776, 26.941223], [-92.089462, 26.941223], [-92.089462, 26.94191], [-92.090149, 26.94191], [-92.090149, 26.942596], [-92.092209, 26.942596], [-92.092209, 26.939163], [-92.092896, 26.939163], [-92.092896, 26.938477], [-92.092209, 26.938477], [-92.092209, 26.936417], [-92.091522, 26.936417], [-92.091522, 26.935043], [-92.090836, 26.935043], [-92.090836, 26.934357], [-92.090149, 26.934357], [-92.090149, 26.932297], [-92.090836, 26.932297], [-92.090836, 26.93367], [-92.091522, 26.93367], [-92.091522, 26.934357], [-92.092209, 26.934357], [-92.092209, 26.93573], [-92.092896, 26.93573], [-92.092896, 26.937103], [-92.093582, 26.937103], [-92.093582, 26.93779], [-92.094269, 26.93779], [-92.094269, 26.937103], [-92.094955, 26.937103], [-92.094955, 26.93779], [-92.095642, 26.93779], [-92.095642, 26.938477], [-92.096329, 26.938477], [-92.096329, 26.93985], [-92.097015, 26.93985], [-92.097015, 26.940536], [-92.098389, 26.940536], [-92.098389, 26.938477], [-92.099075, 26.938477], [-92.099075, 26.939163], [-92.099762, 26.939163], [-92.099762, 26.93985], [-92.101135, 26.93985], [-92.101135, 26.940536], [-92.102509, 26.940536], [-92.102509, 26.941223], [-92.103195, 26.941223], [-92.103195, 26.94191], [-92.103882, 26.94191], [-92.103882, 26.942596], [-92.099762, 26.942596], [-92.099762, 26.94191], [-92.099075, 26.94191], [-92.099075, 26.941223], [-92.098389, 26.941223], [-92.098389, 26.94191], [-92.096329, 26.94191], [-92.096329, 26.941223], [-92.095642, 26.941223], [-92.095642, 26.940536], [-92.094955, 26.940536], [-92.094955, 26.93985], [-92.094269, 26.93985], [-92.094269, 26.941223], [-92.094955, 26.941223], [-92.094955, 26.94397], [-92.095642, 26.94397], [-92.095642, 26.944656], [-92.096329, 26.944656], [-92.096329, 26.94603], [-92.097015, 26.94603], [-92.097015, 26.945343], [-92.098389, 26.945343], [-92.098389, 26.94603], [-92.099075, 26.94603], [-92.099075, 26.946716], [-92.099762, 26.946716], [-92.099762, 26.947403], [-92.101135, 26.947403], [-92.101135, 26.946716], [-92.102509, 26.946716], [-92.102509, 26.94809], [-92.103195, 26.94809], [-92.103195, 26.949463], [-92.103882, 26.949463], [-92.103882, 26.95015], [-92.105255, 26.95015], [-92.105255, 26.951523], [-92.104568, 26.951523], [-92.104568, 26.952209], [-92.105255, 26.952209], [-92.105255, 26.954269], [-92.105942, 26.954269], [-92.105942, 26.954956], [-92.106628, 26.954956], [-92.106628, 26.955643], [-92.109375, 26.955643], [-92.109375, 26.956329], [-92.108002, 26.956329], [-92.108002, 26.957703], [-92.108688, 26.957703], [-92.108688, 26.958389], [-92.109375, 26.958389], [-92.109375, 26.959076], [-92.111435, 26.959076], [-92.111435, 26.956329], [-92.113495, 26.956329], [-92.113495, 26.957016], [-92.114182, 26.957016], [-92.114182, 26.956329], [-92.114868, 26.956329], [-92.114868, 26.955643], [-92.115555, 26.955643], [-92.115555, 26.954956], [-92.117615, 26.954956], [-92.117615, 26.957016], [-92.118301, 26.957016], [-92.118301, 26.955643], [-92.118988, 26.955643], [-92.118988, 26.956329], [-92.119675, 26.956329], [-92.119675, 26.957703], [-92.118988, 26.957703], [-92.118988, 26.959076], [-92.119675, 26.959076], [-92.119675, 26.960449], [-92.118301, 26.960449], [-92.118301, 26.961136], [-92.117615, 26.961136], [-92.117615, 26.961823], [-92.114868, 26.961823]], [[-92.017365, 26.908264], [-92.018051, 26.908264], [-92.018051, 26.905518], [-92.017365, 26.905518], [-92.017365, 26.904831], [-92.015991, 26.904831], [-92.015991, 26.905518], [-92.016678, 26.905518], [-92.016678, 26.906204], [-92.017365, 26.906204], [-92.017365, 26.908264]], [[-92.045517, 26.92131], [-92.045517, 26.921997], [-92.046204, 26.921997], [-92.046204, 26.92131], [-92.045517, 26.92131]], [[-92.094269, 26.93985], [-92.094269, 26.939163], [-92.093582, 26.939163], [-92.093582, 26.93985], [-92.094269, 26.93985]], [[-92.114868, 26.961823], [-92.114868, 26.961136], [-92.113495, 26.961136], [-92.113495, 26.961823], [-92.114868, 26.961823]], [[-92.024918, 26.930923], [-92.024918, 26.930237], [-92.023544, 26.930237], [-92.023544, 26.930923], [-92.024918, 26.930923]], [[-92.031784, 26.936417], [-92.031784, 26.934357], [-92.031097, 26.934357], [-92.031097, 26.93367], [-92.029724, 26.93367], [-92.029724, 26.932297], [-92.029037, 26.932297], [-92.029037, 26.93161], [-92.028351, 26.93161], [-92.028351, 26.935043], [-92.029037, 26.935043], [-92.029037, 26.93573], [-92.030411, 26.93573], [-92.030411, 26.936417], [-92.031784, 26.936417]], [[-92.030411, 26.938477], [-92.030411, 26.937103], [-92.029037, 26.937103], [-92.029037, 26.938477], [-92.030411, 26.938477]], [[-92.039337, 26.930923], [-92.039337, 26.930237], [-92.040024, 26.930237], [-92.040024, 26.928177], [-92.039337, 26.928177], [-92.039337, 26.92749], [-92.038651, 26.92749], [-92.038651, 26.924744], [-92.037964, 26.924744], [-92.037964, 26.924057], [-92.037277, 26.924057], [-92.037277, 26.922684], [-92.036591, 26.922684], [-92.036591, 26.921997], [-92.035904, 26.921997], [-92.035904, 26.92131], [-92.033844, 26.92131], [-92.033844, 26.921997], [-92.033157, 26.921997], [-92.033157, 26.920624], [-92.032471, 26.920624], [-92.032471, 26.91925], [-92.030411, 26.91925], [-92.030411, 26.921997], [-92.031097, 26.921997], [-92.031097, 26.922684], [-92.031784, 26.922684], [-92.031784, 26.924057], [-92.032471, 26.924057], [-92.032471, 26.924744], [-92.033157, 26.924744], [-92.033157, 26.92543], [-92.035217, 26.92543], [-92.035217, 26.926117], [-92.036591, 26.926117], [-92.036591, 26.92749], [-92.037277, 26.92749], [-92.037277, 26.928864], [-92.037964, 26.928864], [-92.037964, 26.92955], [-92.038651, 26.92955], [-92.038651, 26.930923], [-92.039337, 26.930923]], [[-92.035217, 26.94603], [-92.035217, 26.945343], [-92.035904, 26.945343], [-92.035904, 26.944656], [-92.034531, 26.944656], [-92.034531, 26.94603], [-92.035217, 26.94603]], [[-92.034531, 26.944656], [-92.034531, 26.94397], [-92.035217, 26.94397], [-92.035217, 26.941223], [-92.034531, 26.941223], [-92.034531, 26.940536], [-92.032471, 26.940536], [-92.032471, 26.93985], [-92.031784, 26.93985], [-92.031784, 26.94191], [-92.032471, 26.94191], [-92.032471, 26.94397], [-92.033844, 26.94397], [-92.033844, 26.944656], [-92.034531, 26.944656]], [[-92.035904, 26.979675], [-92.035904, 26.978302], [-92.034531, 26.978302], [-92.034531, 26.978989], [-92.035217, 26.978989], [-92.035217, 26.979675], [-92.035904, 26.979675]], [[-92.038651, 26.935043], [-92.038651, 26.934357], [-92.037964, 26.934357], [-92.037964, 26.935043], [-92.038651, 26.935043]], [[-92.044144, 26.940536], [-92.044144, 26.93779], [-92.043457, 26.93779], [-92.043457, 26.938477], [-92.042084, 26.938477], [-92.042084, 26.93779], [-92.04277, 26.93779], [-92.04277, 26.93573], [-92.041397, 26.93573], [-92.041397, 26.937103], [-92.04071, 26.937103], [-92.04071, 26.936417], [-92.040024, 26.936417], [-92.040024, 26.93573], [-92.039337, 26.93573], [-92.039337, 26.93779], [-92.040024, 26.93779], [-92.040024, 26.938477], [-92.041397, 26.938477], [-92.041397, 26.93985], [-92.043457, 26.93985], [-92.043457, 26.940536], [-92.044144, 26.940536]], [[-92.047577, 26.969376], [-92.047577, 26.968002], [-92.048264, 26.968002], [-92.048264, 26.965256], [-92.04895, 26.965256], [-92.04895, 26.964569], [-92.048264, 26.964569], [-92.048264, 26.963882], [-92.047577, 26.963882], [-92.047577, 26.962509], [-92.04689, 26.962509], [-92.04689, 26.961823], [-92.046204, 26.961823], [-92.046204, 26.960449], [-92.045517, 26.960449], [-92.045517, 26.959763], [-92.046204, 26.959763], [-92.046204, 26.957703], [-92.045517, 26.957703], [-92.045517, 26.957016], [-92.046204, 26.957016], [-92.046204, 26.956329], [-92.04483, 26.956329], [-92.04483, 26.955643], [-92.04689, 26.955643], [-92.04689, 26.954956], [-92.047577, 26.954956], [-92.047577, 26.952896], [-92.04689, 26.952896], [-92.04689, 26.951523], [-92.045517, 26.951523], [-92.045517, 26.949463], [-92.04483, 26.949463], [-92.04483, 26.947403], [-92.044144, 26.947403], [-92.044144, 26.94809], [-92.041397, 26.94809], [-92.041397, 26.948776], [-92.04071, 26.948776], [-92.04071, 26.949463], [-92.041397, 26.949463], [-92.041397, 26.95015], [-92.042084, 26.95015], [-92.042084, 26.950836], [-92.043457, 26.950836], [-92.043457, 26.951523], [-92.04277, 26.951523], [-92.04277, 26.961136], [-92.043457, 26.961136], [-92.043457, 26.961823], [-92.044144, 26.961823], [-92.044144, 26.963882], [-92.043457, 26.963882], [-92.043457, 26.965256], [-92.044144, 26.965256], [-92.044144, 26.968002], [-92.04483, 26.968002], [-92.04483, 26.968689], [-92.045517, 26.968689], [-92.045517, 26.969376], [-92.047577, 26.969376]], [[-92.043457, 26.946716], [-92.043457, 26.94603], [-92.042084, 26.94603], [-92.042084, 26.946716], [-92.043457, 26.946716]], [[-92.04895, 26.935043], [-92.04895, 26.934357], [-92.047577, 26.934357], [-92.047577, 26.935043], [-92.04895, 26.935043]], [[-92.049637, 26.955643], [-92.049637, 26.954269], [-92.04895, 26.954269], [-92.04895, 26.955643], [-92.049637, 26.955643]], [[-92.051697, 26.913757], [-92.051697, 26.913071], [-92.05101, 26.913071], [-92.05101, 26.913757], [-92.051697, 26.913757]], [[-92.057877, 26.949463], [-92.057877, 26.948776], [-92.05925, 26.948776], [-92.05925, 26.94397], [-92.057877, 26.94397], [-92.057877, 26.943283], [-92.056503, 26.943283], [-92.056503, 26.942596], [-92.054443, 26.942596], [-92.054443, 26.94191], [-92.05307, 26.94191], [-92.05307, 26.941223], [-92.051697, 26.941223], [-92.051697, 26.94191], [-92.052383, 26.94191], [-92.052383, 26.943283], [-92.05307, 26.943283], [-92.05307, 26.94397], [-92.054443, 26.94397], [-92.054443, 26.945343], [-92.053757, 26.945343], [-92.053757, 26.94603], [-92.055817, 26.94603], [-92.055817, 26.949463], [-92.057877, 26.949463]], [[-92.054443, 26.94191], [-92.05513, 26.94191], [-92.05513, 26.940536], [-92.053757, 26.940536], [-92.053757, 26.941223], [-92.054443, 26.941223], [-92.054443, 26.94191]], [[-92.05719, 26.956329], [-92.05719, 26.953583], [-92.054443, 26.953583], [-92.054443, 26.952209], [-92.05307, 26.952209], [-92.05307, 26.951523], [-92.052383, 26.951523], [-92.052383, 26.953583], [-92.05307, 26.953583], [-92.05307, 26.954269], [-92.053757, 26.954269], [-92.053757, 26.954956], [-92.05307, 26.954956], [-92.05307, 26.956329], [-92.05719, 26.956329]], [[-92.06337, 26.945343], [-92.06337, 26.94397], [-92.062683, 26.94397], [-92.062683, 26.943283], [-92.06131, 26.943283], [-92.06131, 26.94397], [-92.060623, 26.94397], [-92.060623, 26.945343], [-92.06337, 26.945343]], [[-92.06543, 26.93161], [-92.06543, 26.930923], [-92.064743, 26.930923], [-92.064743, 26.930237], [-92.064056, 26.930237], [-92.064056, 26.93161], [-92.06543, 26.93161]], [[-92.075729, 26.962509], [-92.075729, 26.959076], [-92.074356, 26.959076], [-92.074356, 26.958389], [-92.073669, 26.958389], [-92.073669, 26.957703], [-92.072983, 26.957703], [-92.072983, 26.959763], [-92.073669, 26.959763], [-92.073669, 26.961823], [-92.075043, 26.961823], [-92.075043, 26.962509], [-92.075729, 26.962509]], [[-92.075043, 26.962509], [-92.071609, 26.962509], [-92.071609, 26.963196], [-92.070236, 26.963196], [-92.070236, 26.961823], [-92.068863, 26.961823], [-92.068863, 26.962509], [-92.068176, 26.962509], [-92.068176, 26.963882], [-92.070236, 26.963882], [-92.070236, 26.965942], [-92.070923, 26.965942], [-92.070923, 26.966629], [-92.071609, 26.966629], [-92.071609, 26.967316], [-92.072296, 26.967316], [-92.072296, 26.966629], [-92.072983, 26.966629], [-92.072983, 26.965256], [-92.072296, 26.965256], [-92.072296, 26.963882], [-92.072983, 26.963882], [-92.072983, 26.964569], [-92.073669, 26.964569], [-92.073669, 26.965256], [-92.076416, 26.965256], [-92.076416, 26.963196], [-92.075043, 26.963196], [-92.075043, 26.962509]], [[-92.073669, 26.957016], [-92.073669, 26.956329], [-92.072983, 26.956329], [-92.072983, 26.957016], [-92.073669, 26.957016]], [[-92.081909, 26.95015], [-92.081909, 26.949463], [-92.082596, 26.949463], [-92.082596, 26.948776], [-92.081909, 26.948776], [-92.081909, 26.94809], [-92.081223, 26.94809], [-92.081223, 26.947403], [-92.079849, 26.947403], [-92.079849, 26.94809], [-92.078476, 26.94809], [-92.078476, 26.95015], [-92.079163, 26.95015], [-92.079163, 26.949463], [-92.081223, 26.949463], [-92.081223, 26.95015], [-92.081909, 26.95015]], [[-92.080536, 26.952896], [-92.080536, 26.952209], [-92.079849, 26.952209], [-92.079849, 26.952896], [-92.080536, 26.952896]], [[-92.089462, 26.95015], [-92.089462, 26.948776], [-92.088776, 26.948776], [-92.088776, 26.94809], [-92.087402, 26.94809], [-92.087402, 26.948776], [-92.088089, 26.948776], [-92.088089, 26.95015], [-92.089462, 26.95015]], [[-92.088776, 26.946716], [-92.088776, 26.94603], [-92.088089, 26.94603], [-92.088089, 26.946716], [-92.088776, 26.946716]], [[-92.090149, 26.954269], [-92.090149, 26.952896], [-92.088776, 26.952896], [-92.088776, 26.954269], [-92.090149, 26.954269]], [[-92.090836, 26.952209], [-92.090836, 26.951523], [-92.090149, 26.951523], [-92.090149, 26.952209], [-92.090836, 26.952209]], [[-92.091522, 26.953583], [-92.091522, 26.952896], [-92.090836, 26.952896], [-92.090836, 26.953583], [-92.091522, 26.953583]], [[-92.096329, 26.972122], [-92.096329, 26.971436], [-92.095642, 26.971436], [-92.095642, 26.972122], [-92.096329, 26.972122]], [[-92.101822, 26.973495], [-92.101822, 26.972809], [-92.102509, 26.972809], [-92.102509, 26.970749], [-92.101135, 26.970749], [-92.101135, 26.972122], [-92.100449, 26.972122], [-92.100449, 26.970749], [-92.099075, 26.970749], [-92.099075, 26.971436], [-92.099762, 26.971436], [-92.099762, 26.972122], [-92.099075, 26.972122], [-92.099075, 26.973495], [-92.101822, 26.973495]]], [[[-92.04071, 26.906204], [-92.04071, 26.905518], [-92.040024, 26.905518], [-92.040024, 26.904831], [-92.039337, 26.904831], [-92.039337, 26.904144], [-92.038651, 26.904144], [-92.038651, 26.902771], [-92.037964, 26.902771], [-92.037964, 26.901398], [-92.037277, 26.901398], [-92.037277, 26.899338], [-92.036591, 26.899338], [-92.036591, 26.898651], [-92.035217, 26.898651], [-92.035217, 26.897278], [-92.031784, 26.897278], [-92.031784, 26.895905], [-92.030411, 26.895905], [-92.030411, 26.895218], [-92.029724, 26.895218], [-92.029724, 26.894531], [-92.029037, 26.894531], [-92.029037, 26.893158], [-92.028351, 26.893158], [-92.028351, 26.892471], [-92.027664, 26.892471], [-92.027664, 26.893158], [-92.026291, 26.893158], [-92.026291, 26.892471], [-92.025604, 26.892471], [-92.025604, 26.891785], [-92.026291, 26.891785], [-92.026291, 26.889725], [-92.025604, 26.889725], [-92.025604, 26.888351], [-92.024918, 26.888351], [-92.024918, 26.886292], [-92.023544, 26.886292], [-92.023544, 26.885605], [-92.022171, 26.885605], [-92.022171, 26.883545], [-92.021484, 26.883545], [-92.021484, 26.882858], [-92.020798, 26.882858], [-92.020798, 26.881485], [-92.020111, 26.881485], [-92.020111, 26.880798], [-92.021484, 26.880798], [-92.021484, 26.880112], [-92.022171, 26.880112], [-92.022171, 26.880798], [-92.023544, 26.880798], [-92.023544, 26.882858], [-92.025604, 26.882858], [-92.025604, 26.883545], [-92.026291, 26.883545], [-92.026291, 26.884232], [-92.026978, 26.884232], [-92.026978, 26.884918], [-92.027664, 26.884918], [-92.027664, 26.887665], [-92.028351, 26.887665], [-92.028351, 26.889725], [-92.029037, 26.889725], [-92.029037, 26.891098], [-92.029724, 26.891098], [-92.029724, 26.891785], [-92.029037, 26.891785], [-92.029037, 26.892471], [-92.030411, 26.892471], [-92.030411, 26.893158], [-92.031097, 26.893158], [-92.031097, 26.893845], [-92.031784, 26.893845], [-92.031784, 26.895218], [-92.033157, 26.895218], [-92.033157, 26.895905], [-92.034531, 26.895905], [-92.034531, 26.894531], [-92.035904, 26.894531], [-92.035904, 26.895218], [-92.036591, 26.895218], [-92.036591, 26.896591], [-92.037277, 26.896591], [-92.037277, 26.897278], [-92.037964, 26.897278], [-92.037964, 26.897964], [-92.038651, 26.897964], [-92.038651, 26.900711], [-92.039337, 26.900711], [-92.039337, 26.901398], [-92.040024, 26.901398], [-92.040024, 26.902084], [-92.04071, 26.902084], [-92.04071, 26.902771], [-92.041397, 26.902771], [-92.041397, 26.902084], [-92.04277, 26.902084], [-92.04277, 26.903458], [-92.04071, 26.903458], [-92.04071, 26.904144], [-92.041397, 26.904144], [-92.041397, 26.906204], [-92.04071, 26.906204]], [[-92.025604, 26.883545], [-92.024918, 26.883545], [-92.024918, 26.884918], [-92.025604, 26.884918], [-92.025604, 26.883545]]], [[[-92.045517, 26.91925], [-92.04483, 26.91925], [-92.04483, 26.917877], [-92.045517, 26.917877], [-92.045517, 26.91925]]], [[[-92.060623, 26.92131], [-92.06131, 26.92131], [-92.06131, 26.921997], [-92.060623, 26.921997], [-92.060623, 26.92131]]], [[[-92.055817, 26.913071], [-92.054443, 26.913071], [-92.054443, 26.912384], [-92.055817, 26.912384], [-92.055817, 26.913071]]], [[[-92.014618, 26.935043], [-92.013931, 26.935043], [-92.013931, 26.934357], [-92.014618, 26.934357], [-92.014618, 26.935043]]], [[[-92.037277, 27.001648], [-92.039337, 27.001648], [-92.039337, 27.004395], [-92.038651, 27.004395], [-92.038651, 27.003708], [-92.037964, 27.003708], [-92.037964, 27.003021], [-92.037277, 27.003021], [-92.037277, 27.001648]]], [[[-92.04483, 27.011261], [-92.046204, 27.011261], [-92.046204, 27.011948], [-92.04689, 27.011948], [-92.04689, 27.013321], [-92.048264, 27.013321], [-92.048264, 27.014008], [-92.04895, 27.014008], [-92.04895, 27.014694], [-92.05101, 27.014694], [-92.05101, 27.016068], [-92.051697, 27.016068], [-92.051697, 27.016754], [-92.052383, 27.016754], [-92.052383, 27.018127], [-92.05307, 27.018127], [-92.05307, 27.018814], [-92.053757, 27.018814], [-92.053757, 27.019501], [-92.05513, 27.019501], [-92.05513, 27.020187], [-92.055817, 27.020187], [-92.055817, 27.020874], [-92.05719, 27.020874], [-92.05719, 27.021561], [-92.057877, 27.021561], [-92.057877, 27.020874], [-92.058563, 27.020874], [-92.058563, 27.021561], [-92.05925, 27.021561], [-92.05925, 27.022934], [-92.060623, 27.022934], [-92.060623, 27.024307], [-92.061996, 27.024307], [-92.061996, 27.023621], [-92.06337, 27.023621], [-92.06337, 27.024307], [-92.064743, 27.024307], [-92.064743, 27.024994], [-92.059937, 27.024994], [-92.059937, 27.024307], [-92.058563, 27.024307], [-92.058563, 27.023621], [-92.05719, 27.023621], [-92.05719, 27.022934], [-92.055817, 27.022934], [-92.055817, 27.022247], [-92.053757, 27.022247], [-92.053757, 27.020187], [-92.05307, 27.020187], [-92.05307, 27.019501], [-92.052383, 27.019501], [-92.052383, 27.018814], [-92.051697, 27.018814], [-92.051697, 27.018127], [-92.05101, 27.018127], [-92.05101, 27.017441], [-92.048264, 27.017441], [-92.048264, 27.016068], [-92.047577, 27.016068], [-92.047577, 27.014694], [-92.04689, 27.014694], [-92.04689, 27.014008], [-92.045517, 27.014008], [-92.045517, 27.012634], [-92.04483, 27.012634], [-92.04483, 27.011261]]], [[[-92.016678, 26.981049], [-92.015991, 26.981049], [-92.015991, 26.980362], [-92.014618, 26.980362], [-92.014618, 26.979675], [-92.015305, 26.979675], [-92.015305, 26.978989], [-92.014618, 26.978989], [-92.014618, 26.974869], [-92.013931, 26.974869], [-92.013931, 26.974182], [-92.014618, 26.974182], [-92.014618, 26.973495], [-92.015305, 26.973495], [-92.015305, 26.972809], [-92.015991, 26.972809], [-92.015991, 26.967316], [-92.016678, 26.967316], [-92.016678, 26.968689], [-92.017365, 26.968689], [-92.017365, 26.970062], [-92.018051, 26.970062], [-92.018051, 26.970749], [-92.017365, 26.970749], [-92.017365, 26.973495], [-92.016678, 26.973495], [-92.016678, 26.974869], [-92.015991, 26.974869], [-92.015991, 26.975555], [-92.015305, 26.975555], [-92.015305, 26.976929], [-92.015991, 26.976929], [-92.015991, 26.978989], [-92.016678, 26.978989], [-92.016678, 26.981049]]], [[[-92.041397, 27.170563], [-92.04071, 27.170563], [-92.04071, 27.169876], [-92.041397, 27.169876], [-92.041397, 27.170563]]], [[[-92.04071, 27.169876], [-92.039337, 27.169876], [-92.039337, 27.167816], [-92.038651, 27.167816], [-92.038651, 27.16713], [-92.034531, 27.16713], [-92.034531, 27.165756], [-92.033844, 27.165756], [-92.033844, 27.16507], [-92.031784, 27.16507], [-92.031784, 27.163696], [-92.032471, 27.163696], [-92.032471, 27.164383], [-92.035217, 27.164383], [-92.035217, 27.16507], [-92.037277, 27.16507], [-92.037277, 27.165756], [-92.039337, 27.165756], [-92.039337, 27.166443], [-92.04071, 27.166443], [-92.04071, 27.168503], [-92.041397, 27.168503], [-92.041397, 27.169189], [-92.04071, 27.169189], [-92.04071, 27.169876]]], [[[-92.031784, 27.163696], [-92.031097, 27.163696], [-92.031097, 27.162323], [-92.028351, 27.162323], [-92.028351, 27.16095], [-92.026978, 27.16095], [-92.026978, 27.160263], [-92.026291, 27.160263], [-92.026291, 27.159576], [-92.025604, 27.159576], [-92.025604, 27.160263], [-92.024918, 27.160263], [-92.024918, 27.159576], [-92.024231, 27.159576], [-92.024231, 27.15889], [-92.020798, 27.15889], [-92.020798, 27.158203], [-92.019424, 27.158203], [-92.019424, 27.157516], [-92.018051, 27.157516], [-92.018051, 27.156143], [-92.017365, 27.156143], [-92.017365, 27.15477], [-92.018738, 27.15477], [-92.018738, 27.155457], [-92.019424, 27.155457], [-92.019424, 27.156143], [-92.020111, 27.156143], [-92.020111, 27.15683], [-92.020798, 27.15683], [-92.020798, 27.157516], [-92.024918, 27.157516], [-92.024918, 27.158203], [-92.025604, 27.158203], [-92.025604, 27.15889], [-92.026978, 27.15889], [-92.026978, 27.158203], [-92.027664, 27.158203], [-92.027664, 27.15889], [-92.031097, 27.15889], [-92.031097, 27.160263], [-92.031784, 27.160263], [-92.031784, 27.16095], [-92.032471, 27.16095], [-92.032471, 27.161636], [-92.031784, 27.161636], [-92.031784, 27.163696]]], [[[-92.017365, 27.15477], [-92.015991, 27.15477], [-92.015991, 27.15271], [-92.017365, 27.15271], [-92.017365, 27.15477]]], [[[-92.026978, 27.16095], [-92.026978, 27.161636], [-92.026291, 27.161636], [-92.026291, 27.16095], [-92.026978, 27.16095]]], [[[-92.026291, 27.161636], [-92.026291, 27.162323], [-92.025604, 27.162323], [-92.025604, 27.161636], [-92.026291, 27.161636]]], [[[-92.020798, 26.932983], [-92.020111, 26.932983], [-92.020111, 26.932297], [-92.020798, 26.932297], [-92.020798, 26.932983]]], [[[-92.022171, 27.097092], [-92.021484, 27.097092], [-92.021484, 27.096405], [-92.022171, 27.096405], [-92.022171, 27.097092]]], [[[-92.034531, 27.003708], [-92.033157, 27.003708], [-92.033157, 27.003021], [-92.032471, 27.003021], [-92.032471, 27.002335], [-92.031784, 27.002335], [-92.031784, 27.003708], [-92.030411, 27.003708], [-92.030411, 27.002335], [-92.029724, 27.002335], [-92.029724, 27.001648], [-92.029037, 27.001648], [-92.029037, 27.000275], [-92.028351, 27.000275], [-92.028351, 26.999588], [-92.030411, 26.999588], [-92.030411, 26.998215], [-92.031097, 26.998215], [-92.031097, 26.998901], [-92.031784, 26.998901], [-92.031784, 26.999588], [-92.032471, 26.999588], [-92.032471, 27.000275], [-92.033157, 27.000275], [-92.033157, 27.002335], [-92.033844, 27.002335], [-92.033844, 27.003021], [-92.034531, 27.003021], [-92.034531, 27.003708]]], [[[-92.028351, 26.999588], [-92.027664, 26.999588], [-92.027664, 26.998215], [-92.026978, 26.998215], [-92.026978, 26.997528], [-92.026291, 26.997528], [-92.026291, 26.995468], [-92.025604, 26.995468], [-92.025604, 26.994095], [-92.024231, 26.994095], [-92.024231, 26.993408], [-92.021484, 26.993408], [-92.021484, 26.992035], [-92.023544, 26.992035], [-92.023544, 26.990662], [-92.024231, 26.990662], [-92.024231, 26.991348], [-92.024918, 26.991348], [-92.024918, 26.992035], [-92.026291, 26.992035], [-92.026291, 26.992722], [-92.026978, 26.992722], [-92.026978, 26.995468], [-92.027664, 26.995468], [-92.027664, 26.996155], [-92.028351, 26.996155], [-92.028351, 26.999588]]], [[[-92.025604, 27.100525], [-92.024918, 27.100525], [-92.024918, 27.099838], [-92.024231, 27.099838], [-92.024231, 27.097092], [-92.024918, 27.097092], [-92.024918, 27.099152], [-92.025604, 27.099152], [-92.025604, 27.100525]]], [[[-92.024231, 27.097092], [-92.022858, 27.097092], [-92.022858, 27.096405], [-92.023544, 27.096405], [-92.023544, 27.095032], [-92.024231, 27.095032], [-92.024231, 27.097092]]], [[[-92.028351, 26.982422], [-92.026978, 26.982422], [-92.026978, 26.981735], [-92.026291, 26.981735], [-92.026291, 26.981049], [-92.025604, 26.981049], [-92.025604, 26.980362], [-92.027664, 26.980362], [-92.027664, 26.981049], [-92.028351, 26.981049], [-92.028351, 26.982422]]], [[[-92.026978, 26.979675], [-92.026291, 26.979675], [-92.026291, 26.978989], [-92.026978, 26.978989], [-92.026978, 26.979675]]], [[[-92.030411, 27.113571], [-92.029037, 27.113571], [-92.029037, 27.112198], [-92.028351, 27.112198], [-92.028351, 27.108765], [-92.029037, 27.108765], [-92.029037, 27.111511], [-92.029724, 27.111511], [-92.029724, 27.112198], [-92.030411, 27.112198], [-92.030411, 27.113571]]], [[[-92.028351, 27.108765], [-92.027664, 27.108765], [-92.027664, 27.104645], [-92.026978, 27.104645], [-92.026978, 27.101898], [-92.027664, 27.101898], [-92.027664, 27.101212], [-92.026978, 27.101212], [-92.026978, 27.096405], [-92.027664, 27.096405], [-92.027664, 27.097092], [-92.028351, 27.097092], [-92.028351, 27.100525], [-92.029037, 27.100525], [-92.029037, 27.101212], [-92.029724, 27.101212], [-92.029724, 27.101898], [-92.030411, 27.101898], [-92.030411, 27.103271], [-92.029037, 27.103271], [-92.029037, 27.103958], [-92.028351, 27.103958], [-92.028351, 27.104645], [-92.029037, 27.104645], [-92.029037, 27.106018], [-92.028351, 27.106018], [-92.028351, 27.108765]]], [[[-92.075043, 27.069626], [-92.074356, 27.069626], [-92.074356, 27.068939], [-92.073669, 27.068939], [-92.073669, 27.068253], [-92.072296, 27.068253], [-92.072296, 27.067566], [-92.071609, 27.067566], [-92.071609, 27.066879], [-92.070923, 27.066879], [-92.070923, 27.065506], [-92.070236, 27.065506], [-92.070236, 27.064819], [-92.068863, 27.064819], [-92.068863, 27.064133], [-92.068176, 27.064133], [-92.068176, 27.063446], [-92.06749, 27.063446], [-92.06749, 27.062759], [-92.066116, 27.062759], [-92.066116, 27.062073], [-92.06543, 27.062073], [-92.06543, 27.061386], [-92.064056, 27.061386], [-92.064056, 27.060013], [-92.06337, 27.060013], [-92.06337, 27.059326], [-92.06131, 27.059326], [-92.06131, 27.05864], [-92.05925, 27.05864], [-92.05925, 27.05246], [-92.05719, 27.05246], [-92.05719, 27.051773], [-92.056503, 27.051773], [-92.056503, 27.051086], [-92.054443, 27.051086], [-92.054443, 27.0504], [-92.05307, 27.0504], [-92.05307, 27.051086], [-92.051697, 27.051086], [-92.051697, 27.0504], [-92.050323, 27.0504], [-92.050323, 27.049713], [-92.049637, 27.049713], [-92.049637, 27.049026], [-92.047577, 27.049026], [-92.047577, 27.047653], [-92.04689, 27.047653], [-92.04689, 27.046967], [-92.046204, 27.046967], [-92.046204, 27.04628], [-92.045517, 27.04628], [-92.045517, 27.045593], [-92.04483, 27.045593], [-92.04483, 27.047653], [-92.043457, 27.047653], [-92.043457, 27.046967], [-92.04277, 27.046967], [-92.04277, 27.045593], [-92.043457, 27.045593], [-92.043457, 27.04422], [-92.04277, 27.04422], [-92.04277, 27.043533], [-92.04071, 27.043533], [-92.04071, 27.04422], [-92.040024, 27.04422], [-92.040024, 27.044907], [-92.039337, 27.044907], [-92.039337, 27.04422], [-92.038651, 27.04422], [-92.038651, 27.043533], [-92.037964, 27.043533], [-92.037964, 27.042847], [-92.038651, 27.042847], [-92.038651, 27.040787], [-92.037964, 27.040787], [-92.037964, 27.0401], [-92.036591, 27.0401], [-92.036591, 27.039413], [-92.035217, 27.039413], [-92.035217, 27.038727], [-92.034531, 27.038727], [-92.034531, 27.03804], [-92.033844, 27.03804], [-92.033844, 27.037354], [-92.032471, 27.037354], [-92.032471, 27.03804], [-92.031784, 27.03804], [-92.031784, 27.036667], [-92.031097, 27.036667], [-92.031097, 27.035294], [-92.031784, 27.035294], [-92.031784, 27.03598], [-92.033844, 27.03598], [-92.033844, 27.036667], [-92.035217, 27.036667], [-92.035217, 27.037354], [-92.035904, 27.037354], [-92.035904, 27.03804], [-92.037277, 27.03804], [-92.037277, 27.038727], [-92.038651, 27.038727], [-92.038651, 27.039413], [-92.039337, 27.039413], [-92.039337, 27.0401], [-92.040024, 27.0401], [-92.040024, 27.040787], [-92.041397, 27.040787], [-92.041397, 27.038727], [-92.04071, 27.038727], [-92.04071, 27.034607], [-92.040024, 27.034607], [-92.040024, 27.03186], [-92.039337, 27.03186], [-92.039337, 27.028427], [-92.038651, 27.028427], [-92.038651, 27.027054], [-92.037964, 27.027054], [-92.037964, 27.025681], [-92.037277, 27.025681], [-92.037277, 27.024307], [-92.036591, 27.024307], [-92.036591, 27.020874], [-92.034531, 27.020874], [-92.034531, 27.018127], [-92.033157, 27.018127], [-92.033157, 27.015381], [-92.032471, 27.015381], [-92.032471, 27.014694], [-92.031784, 27.014694], [-92.031784, 27.013321], [-92.031097, 27.013321], [-92.031097, 27.012634], [-92.030411, 27.012634], [-92.030411, 27.011948], [-92.029037, 27.011948], [-92.029037, 27.009888], [-92.028351, 27.009888], [-92.028351, 27.008514], [-92.026978, 27.008514], [-92.026978, 27.005768], [-92.027664, 27.005768], [-92.027664, 27.006454], [-92.028351, 27.006454], [-92.028351, 27.007828], [-92.030411, 27.007828], [-92.030411, 27.009201], [-92.031097, 27.009201], [-92.031097, 27.011261], [-92.031784, 27.011261], [-92.031784, 27.012634], [-92.032471, 27.012634], [-92.032471, 27.014008], [-92.033844, 27.014008], [-92.033844, 27.015381], [-92.034531, 27.015381], [-92.034531, 27.017441], [-92.035217, 27.017441], [-92.035217, 27.018127], [-92.037277, 27.018127], [-92.037277, 27.019501], [-92.037964, 27.019501], [-92.037964, 27.020187], [-92.038651, 27.020187], [-92.038651, 27.020874], [-92.037964, 27.020874], [-92.037964, 27.022934], [-92.038651, 27.022934], [-92.038651, 27.023621], [-92.039337, 27.023621], [-92.039337, 27.025681], [-92.040024, 27.025681], [-92.040024, 27.02774], [-92.04071, 27.02774], [-92.04071, 27.031174], [-92.041397, 27.031174], [-92.041397, 27.03392], [-92.042084, 27.03392], [-92.042084, 27.034607], [-92.04277, 27.034607], [-92.04277, 27.038727], [-92.043457, 27.038727], [-92.043457, 27.041473], [-92.044144, 27.041473], [-92.044144, 27.042847], [-92.04689, 27.042847], [-92.04689, 27.04422], [-92.047577, 27.04422], [-92.047577, 27.044907], [-92.049637, 27.044907], [-92.049637, 27.045593], [-92.052383, 27.045593], [-92.052383, 27.04422], [-92.05307, 27.04422], [-92.05307, 27.043533], [-92.053757, 27.043533], [-92.053757, 27.042847], [-92.056503, 27.042847], [-92.056503, 27.04422], [-92.05719, 27.04422], [-92.05719, 27.044907], [-92.057877, 27.044907], [-92.057877, 27.045593], [-92.055817, 27.045593], [-92.055817, 27.044907], [-92.05513, 27.044907], [-92.05513, 27.045593], [-92.05307, 27.045593], [-92.05307, 27.04628], [-92.053757, 27.04628], [-92.053757, 27.046967], [-92.05513, 27.046967], [-92.05513, 27.047653], [-92.055817, 27.047653], [-92.055817, 27.04834], [-92.056503, 27.04834], [-92.056503, 27.049026], [-92.05719, 27.049026], [-92.05719, 27.049713], [-92.058563, 27.049713], [-92.058563, 27.0504], [-92.05925, 27.0504], [-92.05925, 27.051086], [-92.059937, 27.051086], [-92.059937, 27.051773], [-92.060623, 27.051773], [-92.060623, 27.05246], [-92.06131, 27.05246], [-92.06131, 27.053146], [-92.061996, 27.053146], [-92.061996, 27.053833], [-92.062683, 27.053833], [-92.062683, 27.05452], [-92.06337, 27.05452], [-92.06337, 27.055206], [-92.064056, 27.055206], [-92.064056, 27.055893], [-92.06543, 27.055893], [-92.06543, 27.057266], [-92.066116, 27.057266], [-92.066116, 27.057953], [-92.066803, 27.057953], [-92.066803, 27.05864], [-92.068176, 27.05864], [-92.068176, 27.061386], [-92.06955, 27.061386], [-92.06955, 27.062073], [-92.070236, 27.062073], [-92.070236, 27.062759], [-92.070923, 27.062759], [-92.070923, 27.063446], [-92.071609, 27.063446], [-92.071609, 27.064133], [-92.072296, 27.064133], [-92.072296, 27.064819], [-92.073669, 27.064819], [-92.073669, 27.065506], [-92.075043, 27.065506], [-92.075043, 27.066193], [-92.075729, 27.066193], [-92.075729, 27.066879], [-92.076416, 27.066879], [-92.076416, 27.067566], [-92.077103, 27.067566], [-92.077103, 27.068253], [-92.077789, 27.068253], [-92.077789, 27.068939], [-92.076416, 27.068939], [-92.076416, 27.068253], [-92.075043, 27.068253], [-92.075043, 27.069626]], [[-92.046204, 27.044907], [-92.046204, 27.04422], [-92.045517, 27.04422], [-92.045517, 27.044907], [-92.046204, 27.044907]], [[-92.04895, 27.047653], [-92.04895, 27.046967], [-92.048264, 27.046967], [-92.048264, 27.047653], [-92.04895, 27.047653]], [[-92.05101, 27.04834], [-92.05101, 27.046967], [-92.049637, 27.046967], [-92.049637, 27.04834], [-92.05101, 27.04834]], [[-92.058563, 27.051773], [-92.058563, 27.051086], [-92.057877, 27.051086], [-92.057877, 27.051773], [-92.058563, 27.051773]], [[-92.064056, 27.057953], [-92.064056, 27.05658], [-92.062683, 27.05658], [-92.062683, 27.057266], [-92.06337, 27.057266], [-92.06337, 27.057953], [-92.064056, 27.057953]]], [[[-92.027664, 27.126617], [-92.026978, 27.126617], [-92.026978, 27.125931], [-92.027664, 27.125931], [-92.027664, 27.126617]]], [[[-92.029037, 27.116318], [-92.027664, 27.116318], [-92.027664, 27.114944], [-92.029037, 27.114944], [-92.029037, 27.116318]]], [[[-92.029037, 27.03598], [-92.028351, 27.03598], [-92.028351, 27.035294], [-92.027664, 27.035294], [-92.027664, 27.034607], [-92.029037, 27.034607], [-92.029037, 27.03598]]], [[[-92.029037, 27.125244], [-92.027664, 27.125244], [-92.027664, 27.122498], [-92.028351, 27.122498], [-92.028351, 27.120438], [-92.029724, 27.120438], [-92.029724, 27.121124], [-92.029037, 27.121124], [-92.029037, 27.123184], [-92.028351, 27.123184], [-92.028351, 27.123871], [-92.029037, 27.123871], [-92.029037, 27.125244]]], [[[-92.028351, 27.120438], [-92.027664, 27.120438], [-92.027664, 27.117004], [-92.029037, 27.117004], [-92.029037, 27.119751], [-92.028351, 27.119751], [-92.028351, 27.120438]]], [[[-92.041397, 26.863632], [-92.040024, 26.863632], [-92.040024, 26.862946], [-92.039337, 26.862946], [-92.039337, 26.862259], [-92.038651, 26.862259], [-92.038651, 26.860886], [-92.037964, 26.860886], [-92.037964, 26.859512], [-92.037277, 26.859512], [-92.037277, 26.856766], [-92.036591, 26.856766], [-92.036591, 26.854706], [-92.035904, 26.854706], [-92.035904, 26.854019], [-92.035217, 26.854019], [-92.035217, 26.853333], [-92.034531, 26.853333], [-92.034531, 26.852646], [-92.033844, 26.852646], [-92.033844, 26.851959], [-92.032471, 26.851959], [-92.032471, 26.849213], [-92.031097, 26.849213], [-92.031097, 26.848526], [-92.030411, 26.848526], [-92.030411, 26.847839], [-92.028351, 26.847839], [-92.028351, 26.846466], [-92.031097, 26.846466], [-92.031097, 26.847153], [-92.032471, 26.847153], [-92.032471, 26.847839], [-92.033157, 26.847839], [-92.033157, 26.848526], [-92.034531, 26.848526], [-92.034531, 26.849213], [-92.035904, 26.849213], [-92.035904, 26.849899], [-92.036591, 26.849899], [-92.036591, 26.850586], [-92.037277, 26.850586], [-92.037277, 26.851273], [-92.037964, 26.851273], [-92.037964, 26.851959], [-92.038651, 26.851959], [-92.038651, 26.852646], [-92.039337, 26.852646], [-92.039337, 26.853333], [-92.040024, 26.853333], [-92.040024, 26.854019], [-92.041397, 26.854019], [-92.041397, 26.854706], [-92.042084, 26.854706], [-92.042084, 26.856766], [-92.041397, 26.856766], [-92.041397, 26.857452], [-92.040024, 26.857452], [-92.040024, 26.858826], [-92.04071, 26.858826], [-92.04071, 26.860199], [-92.040024, 26.860199], [-92.040024, 26.861572], [-92.04071, 26.861572], [-92.04071, 26.862946], [-92.041397, 26.862946], [-92.041397, 26.863632]], [[-92.040024, 26.857452], [-92.040024, 26.855392], [-92.039337, 26.855392], [-92.039337, 26.857452], [-92.040024, 26.857452]]], [[[-92.041397, 26.863632], [-92.042084, 26.863632], [-92.042084, 26.862946], [-92.04277, 26.862946], [-92.04277, 26.865005], [-92.043457, 26.865005], [-92.043457, 26.867752], [-92.04277, 26.867752], [-92.04277, 26.868439], [-92.041397, 26.868439], [-92.041397, 26.867752], [-92.04071, 26.867752], [-92.04071, 26.868439], [-92.040024, 26.868439], [-92.040024, 26.869812], [-92.041397, 26.869812], [-92.041397, 26.870499], [-92.038651, 26.870499], [-92.038651, 26.868439], [-92.037964, 26.868439], [-92.037964, 26.867752], [-92.038651, 26.867752], [-92.038651, 26.867065], [-92.039337, 26.867065], [-92.039337, 26.866379], [-92.040024, 26.866379], [-92.040024, 26.864319], [-92.041397, 26.864319], [-92.041397, 26.863632]]], [[[-92.029724, 26.995468], [-92.029037, 26.995468], [-92.029037, 26.994095], [-92.029724, 26.994095], [-92.029724, 26.995468]]], [[[-92.031097, 27.117004], [-92.030411, 27.117004], [-92.030411, 27.116318], [-92.031097, 27.116318], [-92.031097, 27.117004]]], [[[-92.030411, 27.116318], [-92.029724, 27.116318], [-92.029724, 27.115631], [-92.030411, 27.115631], [-92.030411, 27.116318]]], [[[-92.030411, 26.976929], [-92.029724, 26.976929], [-92.029724, 26.976242], [-92.030411, 26.976242], [-92.030411, 26.976929]]], [[[-92.033157, 27.005768], [-92.032471, 27.005768], [-92.032471, 27.005081], [-92.033157, 27.005081], [-92.033157, 27.005768]]], [[[-92.036591, 27.011948], [-92.035904, 27.011948], [-92.035904, 27.011261], [-92.035217, 27.011261], [-92.035217, 27.010574], [-92.034531, 27.010574], [-92.034531, 27.009201], [-92.037277, 27.009201], [-92.037277, 27.010574], [-92.036591, 27.010574], [-92.036591, 27.011948]]], [[[-92.043457, 27.024994], [-92.041397, 27.024994], [-92.041397, 27.022934], [-92.04071, 27.022934], [-92.04071, 27.020874], [-92.040024, 27.020874], [-92.040024, 27.020187], [-92.039337, 27.020187], [-92.039337, 27.019501], [-92.038651, 27.019501], [-92.038651, 27.017441], [-92.037964, 27.017441], [-92.037964, 27.016068], [-92.037277, 27.016068], [-92.037277, 27.015381], [-92.037964, 27.015381], [-92.037964, 27.014008], [-92.038651, 27.014008], [-92.038651, 27.015381], [-92.039337, 27.015381], [-92.039337, 27.016754], [-92.040024, 27.016754], [-92.040024, 27.017441], [-92.04071, 27.017441], [-92.04071, 27.018814], [-92.041397, 27.018814], [-92.041397, 27.019501], [-92.04277, 27.019501], [-92.04277, 27.021561], [-92.044144, 27.021561], [-92.044144, 27.024307], [-92.043457, 27.024307], [-92.043457, 27.024994]]], [[[-92.040024, 27.022934], [-92.039337, 27.022934], [-92.039337, 27.021561], [-92.040024, 27.021561], [-92.040024, 27.022934]]], [[[-92.041397, 27.007141], [-92.04071, 27.007141], [-92.04071, 27.006454], [-92.041397, 27.006454], [-92.041397, 27.007141]]], [[[-92.043457, 26.950836], [-92.043457, 26.95015], [-92.04483, 26.95015], [-92.04483, 26.950836], [-92.043457, 26.950836]]], [[[-92.042084, 26.858826], [-92.041397, 26.858826], [-92.041397, 26.858139], [-92.042084, 26.858139], [-92.042084, 26.858826]]], [[[-92.044144, 27.173309], [-92.043457, 27.173309], [-92.043457, 27.172623], [-92.044144, 27.172623], [-92.044144, 27.173309]]], [[[-92.043457, 27.172623], [-92.04277, 27.172623], [-92.04277, 27.171249], [-92.042084, 27.171249], [-92.042084, 27.170563], [-92.04277, 27.170563], [-92.04277, 27.169876], [-92.043457, 27.169876], [-92.043457, 27.172623]]], [[[-92.04277, 27.178802], [-92.042084, 27.178802], [-92.042084, 27.178116], [-92.04277, 27.178116], [-92.04277, 27.178802]]], [[[-92.044144, 27.062759], [-92.043457, 27.062759], [-92.043457, 27.061386], [-92.044144, 27.061386], [-92.044144, 27.062759]]], [[[-92.051697, 27.178802], [-92.05101, 27.178802], [-92.05101, 27.177429], [-92.051697, 27.177429], [-92.051697, 27.178802]]], [[[-92.05101, 27.177429], [-92.050323, 27.177429], [-92.050323, 27.178802], [-92.05101, 27.178802], [-92.05101, 27.180176], [-92.048264, 27.180176], [-92.048264, 27.181549], [-92.049637, 27.181549], [-92.049637, 27.182922], [-92.050323, 27.182922], [-92.050323, 27.183609], [-92.049637, 27.183609], [-92.049637, 27.184296], [-92.04895, 27.184296], [-92.04895, 27.183609], [-92.046204, 27.183609], [-92.046204, 27.182922], [-92.04689, 27.182922], [-92.04689, 27.182236], [-92.046204, 27.182236], [-92.046204, 27.180862], [-92.04483, 27.180862], [-92.04483, 27.179489], [-92.045517, 27.179489], [-92.045517, 27.180176], [-92.04689, 27.180176], [-92.04689, 27.178802], [-92.047577, 27.178802], [-92.047577, 27.178116], [-92.04689, 27.178116], [-92.04689, 27.177429], [-92.045517, 27.177429], [-92.045517, 27.176743], [-92.048264, 27.176743], [-92.048264, 27.177429], [-92.049637, 27.177429], [-92.049637, 27.176743], [-92.05101, 27.176743], [-92.05101, 27.177429]]], [[[-92.045517, 27.176743], [-92.044144, 27.176743], [-92.044144, 27.175369], [-92.04483, 27.175369], [-92.04483, 27.174683], [-92.045517, 27.174683], [-92.045517, 27.176743]]], [[[-92.045517, 26.966629], [-92.04483, 26.966629], [-92.04483, 26.965942], [-92.045517, 26.965942], [-92.045517, 26.966629]]], [[[-92.04689, 27.016754], [-92.046204, 27.016754], [-92.046204, 27.016068], [-92.04689, 27.016068], [-92.04689, 27.016754]]], [[[-92.05101, 27.024994], [-92.050323, 27.024994], [-92.050323, 27.024307], [-92.05101, 27.024307], [-92.05101, 27.024994]]], [[[-92.050323, 27.024307], [-92.049637, 27.024307], [-92.049637, 27.024994], [-92.047577, 27.024994], [-92.047577, 27.024307], [-92.04689, 27.024307], [-92.04689, 27.022934], [-92.048264, 27.022934], [-92.048264, 27.021561], [-92.049637, 27.021561], [-92.049637, 27.022934], [-92.050323, 27.022934], [-92.050323, 27.024307]]], [[[-92.053757, 26.972122], [-92.052383, 26.972122], [-92.052383, 26.970749], [-92.053757, 26.970749], [-92.053757, 26.972122]]], [[[-92.057877, 27.026367], [-92.053757, 27.026367], [-92.053757, 27.025681], [-92.05307, 27.025681], [-92.05307, 27.024994], [-92.055817, 27.024994], [-92.055817, 27.025681], [-92.057877, 27.025681], [-92.057877, 27.026367]]], [[[-92.058563, 26.874619], [-92.057877, 26.874619], [-92.057877, 26.873932], [-92.05719, 26.873932], [-92.05719, 26.872559], [-92.056503, 26.872559], [-92.056503, 26.871185], [-92.055817, 26.871185], [-92.055817, 26.868439], [-92.054443, 26.868439], [-92.054443, 26.867065], [-92.055817, 26.867065], [-92.055817, 26.867752], [-92.056503, 26.867752], [-92.056503, 26.868439], [-92.05719, 26.868439], [-92.05719, 26.869125], [-92.057877, 26.869125], [-92.057877, 26.871185], [-92.058563, 26.871185], [-92.058563, 26.870499], [-92.059937, 26.870499], [-92.059937, 26.869812], [-92.061996, 26.869812], [-92.061996, 26.869125], [-92.062683, 26.869125], [-92.062683, 26.870499], [-92.06337, 26.870499], [-92.06337, 26.871185], [-92.060623, 26.871185], [-92.060623, 26.872559], [-92.05925, 26.872559], [-92.05925, 26.873932], [-92.058563, 26.873932], [-92.058563, 26.874619]]], [[[-92.05513, 26.955643], [-92.054443, 26.955643], [-92.054443, 26.954956], [-92.05513, 26.954956], [-92.05513, 26.955643]]], [[[-92.06543, 27.079239], [-92.064743, 27.079239], [-92.064743, 27.078552], [-92.06543, 27.078552], [-92.06543, 27.079239]]], [[[-92.064743, 27.078552], [-92.060623, 27.078552], [-92.060623, 27.077866], [-92.05925, 27.077866], [-92.05925, 27.078552], [-92.058563, 27.078552], [-92.058563, 27.077866], [-92.05719, 27.077866], [-92.05719, 27.077179], [-92.057877, 27.077179], [-92.057877, 27.076492], [-92.058563, 27.076492], [-92.058563, 27.075806], [-92.056503, 27.075806], [-92.056503, 27.073059], [-92.05719, 27.073059], [-92.05719, 27.072372], [-92.057877, 27.072372], [-92.057877, 27.074432], [-92.058563, 27.074432], [-92.058563, 27.075119], [-92.05925, 27.075119], [-92.05925, 27.075806], [-92.059937, 27.075806], [-92.059937, 27.076492], [-92.060623, 27.076492], [-92.060623, 27.077179], [-92.064056, 27.077179], [-92.064056, 27.077866], [-92.064743, 27.077866], [-92.064743, 27.078552]]], [[[-92.057877, 26.911697], [-92.05719, 26.911697], [-92.05719, 26.911011], [-92.057877, 26.911011], [-92.057877, 26.911697]]], [[[-92.074356, 26.878738], [-92.072983, 26.878738], [-92.072983, 26.876678], [-92.072296, 26.876678], [-92.072296, 26.874619], [-92.071609, 26.874619], [-92.071609, 26.873932], [-92.070923, 26.873932], [-92.070923, 26.872559], [-92.070236, 26.872559], [-92.070236, 26.871872], [-92.06955, 26.871872], [-92.06955, 26.870499], [-92.068863, 26.870499], [-92.068863, 26.869812], [-92.068176, 26.869812], [-92.068176, 26.868439], [-92.066116, 26.868439], [-92.066116, 26.867065], [-92.06543, 26.867065], [-92.06543, 26.866379], [-92.064743, 26.866379], [-92.064743, 26.865692], [-92.064056, 26.865692], [-92.064056, 26.866379], [-92.06337, 26.866379], [-92.06337, 26.865005], [-92.062683, 26.865005], [-92.062683, 26.863632], [-92.061996, 26.863632], [-92.061996, 26.862946], [-92.060623, 26.862946], [-92.060623, 26.859512], [-92.059937, 26.859512], [-92.059937, 26.858139], [-92.060623, 26.858139], [-92.060623, 26.858826], [-92.06131, 26.858826], [-92.06131, 26.859512], [-92.062683, 26.859512], [-92.062683, 26.860199], [-92.06337, 26.860199], [-92.06337, 26.860886], [-92.064056, 26.860886], [-92.064056, 26.861572], [-92.064743, 26.861572], [-92.064743, 26.862946], [-92.06543, 26.862946], [-92.06543, 26.865005], [-92.066116, 26.865005], [-92.066116, 26.865692], [-92.068176, 26.865692], [-92.068176, 26.866379], [-92.068863, 26.866379], [-92.068863, 26.867065], [-92.06955, 26.867065], [-92.06955, 26.867752], [-92.070236, 26.867752], [-92.070236, 26.868439], [-92.070923, 26.868439], [-92.070923, 26.871185], [-92.071609, 26.871185], [-92.071609, 26.871872], [-92.072296, 26.871872], [-92.072296, 26.872559], [-92.072983, 26.872559], [-92.072983, 26.873932], [-92.075043, 26.873932], [-92.075043, 26.875305], [-92.075729, 26.875305], [-92.075729, 26.878052], [-92.075043, 26.878052], [-92.075043, 26.876678], [-92.073669, 26.876678], [-92.073669, 26.878052], [-92.074356, 26.878052], [-92.074356, 26.878738]]], [[[-92.064743, 27.0504], [-92.064056, 27.0504], [-92.064056, 27.049713], [-92.06337, 27.049713], [-92.06337, 27.047653], [-92.062683, 27.047653], [-92.062683, 27.046967], [-92.060623, 27.046967], [-92.060623, 27.04834], [-92.059937, 27.04834], [-92.059937, 27.045593], [-92.061996, 27.045593], [-92.061996, 27.044907], [-92.062683, 27.044907], [-92.062683, 27.04422], [-92.06337, 27.04422], [-92.06337, 27.044907], [-92.064743, 27.044907], [-92.064743, 27.045593], [-92.066116, 27.045593], [-92.066116, 27.046967], [-92.064743, 27.046967], [-92.064743, 27.0504]], [[-92.062683, 27.046967], [-92.064056, 27.046967], [-92.064056, 27.045593], [-92.062683, 27.045593], [-92.062683, 27.046967]]], [[[-92.062683, 27.043533], [-92.061996, 27.043533], [-92.061996, 27.042847], [-92.06131, 27.042847], [-92.06131, 27.041473], [-92.060623, 27.041473], [-92.060623, 27.040787], [-92.059937, 27.040787], [-92.059937, 27.039413], [-92.060623, 27.039413], [-92.060623, 27.0401], [-92.062683, 27.0401], [-92.062683, 27.040787], [-92.061996, 27.040787], [-92.061996, 27.04216], [-92.062683, 27.04216], [-92.062683, 27.043533]]], [[[-92.06543, 26.971436], [-92.064743, 26.971436], [-92.064743, 26.970749], [-92.06543, 26.970749], [-92.06543, 26.971436]]], [[[-92.068176, 27.018814], [-92.066803, 27.018814], [-92.066803, 27.017441], [-92.066116, 27.017441], [-92.066116, 27.016068], [-92.06543, 27.016068], [-92.06543, 27.014694], [-92.064743, 27.014694], [-92.064743, 27.013321], [-92.066803, 27.013321], [-92.066803, 27.014694], [-92.068176, 27.014694], [-92.068176, 27.018814]]], [[[-92.068863, 27.078552], [-92.066116, 27.078552], [-92.066116, 27.077866], [-92.068863, 27.077866], [-92.068863, 27.078552]]], [[[-92.06749, 27.05246], [-92.066803, 27.05246], [-92.066803, 27.051773], [-92.06749, 27.051773], [-92.06749, 27.05246]]], [[[-92.068176, 27.022934], [-92.066803, 27.022934], [-92.066803, 27.021561], [-92.06749, 27.021561], [-92.06749, 27.020874], [-92.068176, 27.020874], [-92.068176, 27.022934]]], [[[-92.081223, 26.987915], [-92.079849, 26.987915], [-92.079849, 26.987228], [-92.079163, 26.987228], [-92.079163, 26.985168], [-92.078476, 26.985168], [-92.078476, 26.985855], [-92.077789, 26.985855], [-92.077789, 26.985168], [-92.076416, 26.985168], [-92.076416, 26.984482], [-92.075043, 26.984482], [-92.075043, 26.985855], [-92.072296, 26.985855], [-92.072296, 26.984482], [-92.071609, 26.984482], [-92.071609, 26.983109], [-92.070923, 26.983109], [-92.070923, 26.980362], [-92.070236, 26.980362], [-92.070236, 26.979675], [-92.06955, 26.979675], [-92.06955, 26.980362], [-92.068863, 26.980362], [-92.068863, 26.979675], [-92.068176, 26.979675], [-92.068176, 26.978989], [-92.06955, 26.978989], [-92.06955, 26.976929], [-92.071609, 26.976929], [-92.071609, 26.977615], [-92.072296, 26.977615], [-92.072296, 26.978302], [-92.072983, 26.978302], [-92.072983, 26.976242], [-92.073669, 26.976242], [-92.073669, 26.974869], [-92.072983, 26.974869], [-92.072983, 26.974182], [-92.072296, 26.974182], [-92.072296, 26.972809], [-92.072983, 26.972809], [-92.072983, 26.973495], [-92.074356, 26.973495], [-92.074356, 26.974182], [-92.075043, 26.974182], [-92.075043, 26.973495], [-92.075729, 26.973495], [-92.075729, 26.974182], [-92.076416, 26.974182], [-92.076416, 26.974869], [-92.078476, 26.974869], [-92.078476, 26.975555], [-92.079163, 26.975555], [-92.079163, 26.976242], [-92.079849, 26.976242], [-92.079849, 26.976929], [-92.078476, 26.976929], [-92.078476, 26.976242], [-92.077789, 26.976242], [-92.077789, 26.975555], [-92.077103, 26.975555], [-92.077103, 26.976929], [-92.076416, 26.976929], [-92.076416, 26.980362], [-92.077103, 26.980362], [-92.077103, 26.981049], [-92.077789, 26.981049], [-92.077789, 26.983109], [-92.077103, 26.983109], [-92.077103, 26.983795], [-92.077789, 26.983795], [-92.077789, 26.984482], [-92.078476, 26.984482], [-92.078476, 26.983795], [-92.079163, 26.983795], [-92.079163, 26.984482], [-92.081223, 26.984482], [-92.081223, 26.985168], [-92.081909, 26.985168], [-92.081909, 26.985855], [-92.082596, 26.985855], [-92.082596, 26.987228], [-92.081223, 26.987228], [-92.081223, 26.987915]]], [[[-92.072296, 26.972809], [-92.071609, 26.972809], [-92.071609, 26.972122], [-92.072296, 26.972122], [-92.072296, 26.972809]]], [[[-92.072296, 26.972122], [-92.072296, 26.970749], [-92.072983, 26.970749], [-92.072983, 26.972122], [-92.072296, 26.972122]]], [[[-92.071609, 27.316818], [-92.070236, 27.316818], [-92.070236, 27.315445], [-92.06955, 27.315445], [-92.06955, 27.314072], [-92.071609, 27.314072], [-92.071609, 27.316818]]], [[[-92.074356, 27.081299], [-92.073669, 27.081299], [-92.073669, 27.080612], [-92.072296, 27.080612], [-92.072296, 27.079239], [-92.070923, 27.079239], [-92.070923, 27.078552], [-92.073669, 27.078552], [-92.073669, 27.079239], [-92.075043, 27.079239], [-92.075043, 27.080612], [-92.074356, 27.080612], [-92.074356, 27.081299]]], [[[-92.070923, 27.078552], [-92.070236, 27.078552], [-92.070236, 27.077866], [-92.070923, 27.077866], [-92.070923, 27.078552]]], [[[-92.070236, 27.078552], [-92.070236, 27.079239], [-92.06955, 27.079239], [-92.06955, 27.078552], [-92.070236, 27.078552]]], [[[-92.073669, 27.071686], [-92.070923, 27.071686], [-92.070923, 27.070999], [-92.071609, 27.070999], [-92.071609, 27.070313], [-92.072983, 27.070313], [-92.072983, 27.070999], [-92.073669, 27.070999], [-92.073669, 27.071686]]], [[[-92.075729, 27.04216], [-92.073669, 27.04216], [-92.073669, 27.038727], [-92.075043, 27.038727], [-92.075043, 27.039413], [-92.075729, 27.039413], [-92.075729, 27.04216]]], [[[-92.081909, 26.922684], [-92.081223, 26.922684], [-92.081223, 26.921997], [-92.081909, 26.921997], [-92.081909, 26.922684]]], [[[-92.081223, 26.921997], [-92.079849, 26.921997], [-92.079849, 26.92131], [-92.075729, 26.92131], [-92.075729, 26.920624], [-92.073669, 26.920624], [-92.073669, 26.91925], [-92.078476, 26.91925], [-92.078476, 26.919937], [-92.079849, 26.919937], [-92.079849, 26.920624], [-92.080536, 26.920624], [-92.080536, 26.92131], [-92.081223, 26.92131], [-92.081223, 26.921997]]], [[[-92.077789, 27.04628], [-92.077103, 27.04628], [-92.077103, 27.045593], [-92.077789, 27.045593], [-92.077789, 27.04628]]], [[[-92.077789, 26.972809], [-92.077103, 26.972809], [-92.077103, 26.971436], [-92.077789, 26.971436], [-92.077789, 26.972809]]], [[[-92.078476, 27.281799], [-92.077789, 27.281799], [-92.077789, 27.280426], [-92.079163, 27.280426], [-92.079163, 27.281113], [-92.078476, 27.281113], [-92.078476, 27.281799]]], [[[-92.079163, 27.083359], [-92.077789, 27.083359], [-92.077789, 27.081985], [-92.079163, 27.081985], [-92.079163, 27.083359]]], [[[-92.079849, 27.27562], [-92.079163, 27.27562], [-92.079163, 27.274933], [-92.079849, 27.274933], [-92.079849, 27.27562]]], [[[-92.079163, 27.27562], [-92.079163, 27.276306], [-92.078476, 27.276306], [-92.078476, 27.27562], [-92.079163, 27.27562]]], [[[-92.079163, 27.276306], [-92.079849, 27.276306], [-92.079849, 27.276993], [-92.079163, 27.276993], [-92.079163, 27.276306]]], [[[-92.085342, 26.988602], [-92.084656, 26.988602], [-92.084656, 26.987915], [-92.083282, 26.987915], [-92.083282, 26.986542], [-92.083969, 26.986542], [-92.083969, 26.985855], [-92.084656, 26.985855], [-92.084656, 26.986542], [-92.086029, 26.986542], [-92.086029, 26.987915], [-92.085342, 26.987915], [-92.085342, 26.988602]]], [[[-92.083969, 26.924057], [-92.083282, 26.924057], [-92.083282, 26.92337], [-92.083969, 26.92337], [-92.083969, 26.924057]]], [[[-92.084656, 27.279739], [-92.083969, 27.279739], [-92.083969, 27.277679], [-92.084656, 27.277679], [-92.084656, 27.279739]]], [[[-92.086716, 27.27562], [-92.086029, 27.27562], [-92.086029, 27.274246], [-92.086716, 27.274246], [-92.086716, 27.27562]]], [[[-92.094955, 26.934357], [-92.092896, 26.934357], [-92.092896, 26.932983], [-92.092209, 26.932983], [-92.092209, 26.932297], [-92.091522, 26.932297], [-92.091522, 26.930923], [-92.090149, 26.930923], [-92.090149, 26.92955], [-92.091522, 26.92955], [-92.091522, 26.930237], [-92.092209, 26.930237], [-92.092209, 26.930923], [-92.092896, 26.930923], [-92.092896, 26.93161], [-92.094269, 26.93161], [-92.094269, 26.932983], [-92.094955, 26.932983], [-92.094955, 26.934357]]], [[[-92.103195, 26.994781], [-92.102509, 26.994781], [-92.102509, 26.992722], [-92.101822, 26.992722], [-92.101822, 26.992035], [-92.101135, 26.992035], [-92.101135, 26.989975], [-92.101822, 26.989975], [-92.101822, 26.991348], [-92.102509, 26.991348], [-92.102509, 26.992035], [-92.103195, 26.992035], [-92.103195, 26.994781]]], [[[-92.101135, 26.989975], [-92.099762, 26.989975], [-92.099762, 26.989288], [-92.098389, 26.989288], [-92.098389, 26.989975], [-92.097015, 26.989975], [-92.097015, 26.989288], [-92.096329, 26.989288], [-92.096329, 26.988602], [-92.095642, 26.988602], [-92.095642, 26.987915], [-92.092209, 26.987915], [-92.092209, 26.987228], [-92.090149, 26.987228], [-92.090149, 26.983795], [-92.090836, 26.983795], [-92.090836, 26.984482], [-92.091522, 26.984482], [-92.091522, 26.985168], [-92.092209, 26.985168], [-92.092209, 26.985855], [-92.092896, 26.985855], [-92.092896, 26.986542], [-92.097015, 26.986542], [-92.097015, 26.987228], [-92.097702, 26.987228], [-92.097702, 26.987915], [-92.099075, 26.987915], [-92.099075, 26.988602], [-92.100449, 26.988602], [-92.100449, 26.989288], [-92.101135, 26.989288], [-92.101135, 26.989975]]], [[[-92.094269, 27.24678], [-92.092896, 27.24678], [-92.092896, 27.243347], [-92.094269, 27.243347], [-92.094269, 27.241974], [-92.094955, 27.241974], [-92.094955, 27.240601], [-92.095642, 27.240601], [-92.095642, 27.239914], [-92.096329, 27.239914], [-92.096329, 27.241287], [-92.095642, 27.241287], [-92.095642, 27.242661], [-92.094955, 27.242661], [-92.094955, 27.244034], [-92.094269, 27.244034], [-92.094269, 27.24678]]], [[[-92.094955, 26.876678], [-92.093582, 26.876678], [-92.093582, 26.875305], [-92.092896, 26.875305], [-92.092896, 26.873932], [-92.093582, 26.873932], [-92.093582, 26.874619], [-92.094269, 26.874619], [-92.094269, 26.875992], [-92.094955, 26.875992], [-92.094955, 26.876678]]], [[[-92.095642, 26.875305], [-92.094955, 26.875305], [-92.094955, 26.872559], [-92.092896, 26.872559], [-92.092896, 26.871872], [-92.093582, 26.871872], [-92.093582, 26.871185], [-92.094269, 26.871185], [-92.094269, 26.870499], [-92.094955, 26.870499], [-92.094955, 26.867752], [-92.095642, 26.867752], [-92.095642, 26.869125], [-92.096329, 26.869125], [-92.096329, 26.872559], [-92.095642, 26.872559], [-92.095642, 26.875305]]], [[[-92.094269, 26.878052], [-92.093582, 26.878052], [-92.093582, 26.877365], [-92.094269, 26.877365], [-92.094269, 26.878052]]], [[[-92.109375, 26.867065], [-92.108002, 26.867065], [-92.108002, 26.866379], [-92.107315, 26.866379], [-92.107315, 26.865005], [-92.106628, 26.865005], [-92.106628, 26.865692], [-92.105255, 26.865692], [-92.105255, 26.865005], [-92.104568, 26.865005], [-92.104568, 26.864319], [-92.103882, 26.864319], [-92.103882, 26.863632], [-92.103195, 26.863632], [-92.103195, 26.862946], [-92.101822, 26.862946], [-92.101822, 26.863632], [-92.101135, 26.863632], [-92.101135, 26.864319], [-92.100449, 26.864319], [-92.100449, 26.862946], [-92.099075, 26.862946], [-92.099075, 26.861572], [-92.099762, 26.861572], [-92.099762, 26.860886], [-92.103882, 26.860886], [-92.103882, 26.861572], [-92.106628, 26.861572], [-92.106628, 26.863632], [-92.107315, 26.863632], [-92.107315, 26.864319], [-92.108002, 26.864319], [-92.108002, 26.865005], [-92.109375, 26.865005], [-92.109375, 26.867065]]], [[[-92.100449, 26.864319], [-92.100449, 26.866379], [-92.101135, 26.866379], [-92.101135, 26.868439], [-92.099075, 26.868439], [-92.099075, 26.867065], [-92.097702, 26.867065], [-92.097702, 26.865005], [-92.098389, 26.865005], [-92.098389, 26.864319], [-92.100449, 26.864319]]], [[[-92.106628, 27.238541], [-92.105255, 27.238541], [-92.105255, 27.237167], [-92.106628, 27.237167], [-92.106628, 27.238541]]], [[[-92.105255, 27.238541], [-92.105255, 27.239227], [-92.104568, 27.239227], [-92.104568, 27.238541], [-92.105255, 27.238541]]], [[[-92.111435, 26.911697], [-92.110748, 26.911697], [-92.110748, 26.911011], [-92.109375, 26.911011], [-92.109375, 26.910324], [-92.110062, 26.910324], [-92.110062, 26.908951], [-92.109375, 26.908951], [-92.109375, 26.908264], [-92.108688, 26.908264], [-92.108688, 26.907578], [-92.109375, 26.907578], [-92.109375, 26.906891], [-92.108688, 26.906891], [-92.108688, 26.906204], [-92.107315, 26.906204], [-92.107315, 26.905518], [-92.106628, 26.905518], [-92.106628, 26.904831], [-92.105255, 26.904831], [-92.105255, 26.903458], [-92.105942, 26.903458], [-92.105942, 26.902771], [-92.106628, 26.902771], [-92.106628, 26.901398], [-92.107315, 26.901398], [-92.107315, 26.902771], [-92.108688, 26.902771], [-92.108688, 26.902084], [-92.109375, 26.902084], [-92.109375, 26.904831], [-92.110062, 26.904831], [-92.110062, 26.905518], [-92.110748, 26.905518], [-92.110748, 26.910324], [-92.111435, 26.910324], [-92.111435, 26.911697]]], [[[-92.110748, 26.911697], [-92.110748, 26.912384], [-92.110062, 26.912384], [-92.110062, 26.911697], [-92.110748, 26.911697]]], [[[-92.108002, 27.228241], [-92.107315, 27.228241], [-92.107315, 27.226181], [-92.106628, 27.226181], [-92.106628, 27.222748], [-92.105942, 27.222748], [-92.105942, 27.222061], [-92.105255, 27.222061], [-92.105255, 27.220688], [-92.105942, 27.220688], [-92.105942, 27.220001], [-92.106628, 27.220001], [-92.106628, 27.218628], [-92.105255, 27.218628], [-92.105255, 27.216568], [-92.105942, 27.216568], [-92.105942, 27.215881], [-92.106628, 27.215881], [-92.106628, 27.215195], [-92.107315, 27.215195], [-92.107315, 27.217941], [-92.108002, 27.217941], [-92.108002, 27.219315], [-92.107315, 27.219315], [-92.107315, 27.222061], [-92.108002, 27.222061], [-92.108002, 27.228241]]], [[[-92.107315, 26.999588], [-92.105255, 26.999588], [-92.105255, 26.998901], [-92.107315, 26.998901], [-92.107315, 26.999588]]], [[[-92.107315, 27.093658], [-92.106628, 27.093658], [-92.106628, 27.092972], [-92.107315, 27.092972], [-92.107315, 27.093658]]], [[[-92.109375, 27.001648], [-92.108002, 27.001648], [-92.108002, 27.000961], [-92.109375, 27.000961], [-92.109375, 27.001648]]], [[[-92.110062, 27.208328], [-92.109375, 27.208328], [-92.109375, 27.205582], [-92.110062, 27.205582], [-92.110062, 27.208328]]], [[[-92.110748, 27.202148], [-92.109375, 27.202148], [-92.109375, 27.198715], [-92.110748, 27.198715], [-92.110748, 27.198029], [-92.111435, 27.198029], [-92.111435, 27.197342], [-92.112122, 27.197342], [-92.112122, 27.198715], [-92.111435, 27.198715], [-92.111435, 27.199402], [-92.110748, 27.199402], [-92.110748, 27.200775], [-92.110062, 27.200775], [-92.110062, 27.201462], [-92.110748, 27.201462], [-92.110748, 27.202148]]], [[[-92.136154, 26.901398], [-92.133408, 26.901398], [-92.133408, 26.900024], [-92.132721, 26.900024], [-92.132721, 26.898651], [-92.130661, 26.898651], [-92.130661, 26.897964], [-92.129974, 26.897964], [-92.129974, 26.896591], [-92.129288, 26.896591], [-92.129288, 26.895905], [-92.128601, 26.895905], [-92.128601, 26.895218], [-92.127914, 26.895218], [-92.127914, 26.890411], [-92.127228, 26.890411], [-92.127228, 26.889038], [-92.126541, 26.889038], [-92.126541, 26.886292], [-92.125854, 26.886292], [-92.125854, 26.884918], [-92.125168, 26.884918], [-92.125168, 26.886292], [-92.124481, 26.886292], [-92.124481, 26.884918], [-92.123108, 26.884918], [-92.123108, 26.882858], [-92.122421, 26.882858], [-92.122421, 26.881485], [-92.123108, 26.881485], [-92.123108, 26.882172], [-92.123795, 26.882172], [-92.123795, 26.882858], [-92.125854, 26.882858], [-92.125854, 26.883545], [-92.126541, 26.883545], [-92.126541, 26.884918], [-92.127228, 26.884918], [-92.127228, 26.885605], [-92.127914, 26.885605], [-92.127914, 26.886978], [-92.128601, 26.886978], [-92.128601, 26.887665], [-92.129288, 26.887665], [-92.129288, 26.889725], [-92.129974, 26.889725], [-92.129974, 26.891785], [-92.130661, 26.891785], [-92.130661, 26.895218], [-92.132034, 26.895218], [-92.132034, 26.895905], [-92.132721, 26.895905], [-92.132721, 26.897278], [-92.133408, 26.897278], [-92.133408, 26.897964], [-92.134094, 26.897964], [-92.134094, 26.898651], [-92.134781, 26.898651], [-92.134781, 26.899338], [-92.135468, 26.899338], [-92.135468, 26.900711], [-92.136154, 26.900711], [-92.136154, 26.901398]]], [[[-92.122421, 26.881485], [-92.121735, 26.881485], [-92.121735, 26.880798], [-92.121048, 26.880798], [-92.121048, 26.880112], [-92.120361, 26.880112], [-92.120361, 26.879425], [-92.119675, 26.879425], [-92.119675, 26.878052], [-92.118988, 26.878052], [-92.118988, 26.877365], [-92.118301, 26.877365], [-92.118301, 26.876678], [-92.117615, 26.876678], [-92.117615, 26.875992], [-92.116928, 26.875992], [-92.116928, 26.874619], [-92.116241, 26.874619], [-92.116241, 26.873932], [-92.114868, 26.873932], [-92.114868, 26.873245], [-92.114182, 26.873245], [-92.114182, 26.872559], [-92.113495, 26.872559], [-92.113495, 26.871872], [-92.112808, 26.871872], [-92.112808, 26.871185], [-92.111435, 26.871185], [-92.111435, 26.870499], [-92.110748, 26.870499], [-92.110748, 26.869812], [-92.109375, 26.869812], [-92.109375, 26.867752], [-92.110748, 26.867752], [-92.110748, 26.868439], [-92.111435, 26.868439], [-92.111435, 26.869812], [-92.113495, 26.869812], [-92.113495, 26.870499], [-92.114868, 26.870499], [-92.114868, 26.871872], [-92.115555, 26.871872], [-92.115555, 26.872559], [-92.116241, 26.872559], [-92.116241, 26.873245], [-92.116928, 26.873245], [-92.116928, 26.873932], [-92.117615, 26.873932], [-92.117615, 26.874619], [-92.118301, 26.874619], [-92.118301, 26.875992], [-92.119675, 26.875992], [-92.119675, 26.876678], [-92.120361, 26.876678], [-92.120361, 26.878738], [-92.121048, 26.878738], [-92.121048, 26.879425], [-92.121735, 26.879425], [-92.121735, 26.880112], [-92.122421, 26.880112], [-92.122421, 26.881485]]], [[[-92.17804, 27.123184], [-92.177353, 27.123184], [-92.177353, 27.122498], [-92.17598, 27.122498], [-92.17598, 27.123184], [-92.175293, 27.123184], [-92.175293, 27.121124], [-92.176666, 27.121124], [-92.176666, 27.120438], [-92.17598, 27.120438], [-92.17598, 27.118378], [-92.176666, 27.118378], [-92.176666, 27.117691], [-92.17392, 27.117691], [-92.17392, 27.116318], [-92.173233, 27.116318], [-92.173233, 27.114944], [-92.172546, 27.114944], [-92.172546, 27.112198], [-92.17186, 27.112198], [-92.17186, 27.109451], [-92.170486, 27.109451], [-92.170486, 27.108078], [-92.169113, 27.108078], [-92.169113, 27.109451], [-92.168427, 27.109451], [-92.168427, 27.108078], [-92.16774, 27.108078], [-92.16774, 27.107391], [-92.168427, 27.107391], [-92.168427, 27.106705], [-92.16774, 27.106705], [-92.16774, 27.106018], [-92.167053, 27.106018], [-92.167053, 27.103958], [-92.166367, 27.103958], [-92.166367, 27.103271], [-92.16568, 27.103271], [-92.16568, 27.102585], [-92.164993, 27.102585], [-92.164993, 27.101212], [-92.16362, 27.101212], [-92.16362, 27.100525], [-92.162247, 27.100525], [-92.162247, 27.099838], [-92.16156, 27.099838], [-92.16156, 27.098465], [-92.160187, 27.098465], [-92.160187, 27.099152], [-92.1595, 27.099152], [-92.1595, 27.100525], [-92.158813, 27.100525], [-92.158813, 27.097778], [-92.156754, 27.097778], [-92.156754, 27.094345], [-92.156067, 27.094345], [-92.156067, 27.092972], [-92.15538, 27.092972], [-92.15538, 27.091599], [-92.154694, 27.091599], [-92.154694, 27.090912], [-92.154007, 27.090912], [-92.154007, 27.090225], [-92.152634, 27.090225], [-92.152634, 27.088852], [-92.151947, 27.088852], [-92.151947, 27.089539], [-92.15126, 27.089539], [-92.15126, 27.090225], [-92.150574, 27.090225], [-92.150574, 27.090912], [-92.15126, 27.090912], [-92.15126, 27.092972], [-92.151947, 27.092972], [-92.151947, 27.095718], [-92.152634, 27.095718], [-92.152634, 27.096405], [-92.150574, 27.096405], [-92.150574, 27.095718], [-92.149887, 27.095718], [-92.149887, 27.092972], [-92.1492, 27.092972], [-92.1492, 27.092285], [-92.148514, 27.092285], [-92.148514, 27.091599], [-92.147827, 27.091599], [-92.147827, 27.090912], [-92.148514, 27.090912], [-92.148514, 27.090225], [-92.149887, 27.090225], [-92.149887, 27.088165], [-92.150574, 27.088165], [-92.150574, 27.086792], [-92.149887, 27.086792], [-92.149887, 27.084732], [-92.147827, 27.084732], [-92.147827, 27.083359], [-92.146454, 27.083359], [-92.146454, 27.082672], [-92.145767, 27.082672], [-92.145767, 27.086792], [-92.146454, 27.086792], [-92.146454, 27.088852], [-92.145767, 27.088852], [-92.145767, 27.088165], [-92.145081, 27.088165], [-92.145081, 27.087479], [-92.143707, 27.087479], [-92.143707, 27.090225], [-92.144394, 27.090225], [-92.144394, 27.090912], [-92.145081, 27.090912], [-92.145081, 27.090225], [-92.145767, 27.090225], [-92.145767, 27.089539], [-92.146454, 27.089539], [-92.146454, 27.090225], [-92.147141, 27.090225], [-92.147141, 27.090912], [-92.146454, 27.090912], [-92.146454, 27.091599], [-92.145767, 27.091599], [-92.145767, 27.092285], [-92.145081, 27.092285], [-92.145081, 27.094345], [-92.144394, 27.094345], [-92.144394, 27.093658], [-92.143707, 27.093658], [-92.143707, 27.090912], [-92.142334, 27.090912], [-92.142334, 27.088852], [-92.141647, 27.088852], [-92.141647, 27.088165], [-92.140961, 27.088165], [-92.140961, 27.087479], [-92.142334, 27.087479], [-92.142334, 27.086105], [-92.143021, 27.086105], [-92.143021, 27.083359], [-92.140961, 27.083359], [-92.140961, 27.082672], [-92.139587, 27.082672], [-92.139587, 27.081985], [-92.138901, 27.081985], [-92.138901, 27.081299], [-92.137527, 27.081299], [-92.137527, 27.079926], [-92.136841, 27.079926], [-92.136841, 27.077866], [-92.136154, 27.077866], [-92.136154, 27.078552], [-92.135468, 27.078552], [-92.135468, 27.077866], [-92.134781, 27.077866], [-92.134781, 27.077179], [-92.134094, 27.077179], [-92.134094, 27.076492], [-92.132721, 27.076492], [-92.132721, 27.075119], [-92.134781, 27.075119], [-92.134781, 27.076492], [-92.135468, 27.076492], [-92.135468, 27.077179], [-92.136841, 27.077179], [-92.136841, 27.076492], [-92.137527, 27.076492], [-92.137527, 27.075806], [-92.138214, 27.075806], [-92.138214, 27.076492], [-92.139587, 27.076492], [-92.139587, 27.075119], [-92.138214, 27.075119], [-92.138214, 27.074432], [-92.137527, 27.074432], [-92.137527, 27.073059], [-92.136154, 27.073059], [-92.136154, 27.072372], [-92.135468, 27.072372], [-92.135468, 27.070313], [-92.134781, 27.070313], [-92.134781, 27.070999], [-92.133408, 27.070999], [-92.133408, 27.071686], [-92.132721, 27.071686], [-92.132721, 27.070313], [-92.123795, 27.070313], [-92.123795, 27.068253], [-92.123108, 27.068253], [-92.123108, 27.064819], [-92.122421, 27.064819], [-92.122421, 27.064133], [-92.121048, 27.064133], [-92.121048, 27.063446], [-92.118988, 27.063446], [-92.118988, 27.062759], [-92.118301, 27.062759], [-92.118301, 27.062073], [-92.116241, 27.062073], [-92.116241, 27.061386], [-92.115555, 27.061386], [-92.115555, 27.060699], [-92.114868, 27.060699], [-92.114868, 27.059326], [-92.114182, 27.059326], [-92.114182, 27.057953], [-92.113495, 27.057953], [-92.113495, 27.057266], [-92.112122, 27.057266], [-92.112122, 27.05658], [-92.111435, 27.05658], [-92.111435, 27.055893], [-92.110062, 27.055893], [-92.110062, 27.055206], [-92.109375, 27.055206], [-92.109375, 27.044907], [-92.110062, 27.044907], [-92.110062, 27.045593], [-92.114182, 27.045593], [-92.114182, 27.04628], [-92.114868, 27.04628], [-92.114868, 27.046967], [-92.116241, 27.046967], [-92.116241, 27.04834], [-92.116928, 27.04834], [-92.116928, 27.049026], [-92.118301, 27.049026], [-92.118301, 27.049713], [-92.118988, 27.049713], [-92.118988, 27.0504], [-92.120361, 27.0504], [-92.120361, 27.051773], [-92.121048, 27.051773], [-92.121048, 27.051086], [-92.121735, 27.051086], [-92.121735, 27.047653], [-92.121048, 27.047653], [-92.121048, 27.046967], [-92.121735, 27.046967], [-92.121735, 27.042847], [-92.122421, 27.042847], [-92.122421, 27.04422], [-92.123108, 27.04422], [-92.123108, 27.047653], [-92.124481, 27.047653], [-92.124481, 27.04834], [-92.127228, 27.04834], [-92.127228, 27.049026], [-92.127914, 27.049026], [-92.127914, 27.049713], [-92.128601, 27.049713], [-92.128601, 27.049026], [-92.129288, 27.049026], [-92.129288, 27.04834], [-92.129974, 27.04834], [-92.129974, 27.045593], [-92.130661, 27.045593], [-92.130661, 27.04834], [-92.131348, 27.04834], [-92.131348, 27.049026], [-92.132034, 27.049026], [-92.132034, 27.049713], [-92.132721, 27.049713], [-92.132721, 27.051773], [-92.133408, 27.051773], [-92.133408, 27.05246], [-92.134094, 27.05246], [-92.134094, 27.055206], [-92.134781, 27.055206], [-92.134781, 27.055893], [-92.135468, 27.055893], [-92.135468, 27.057266], [-92.136154, 27.057266], [-92.136154, 27.05864], [-92.137527, 27.05864], [-92.137527, 27.059326], [-92.138214, 27.059326], [-92.138214, 27.060013], [-92.138901, 27.060013], [-92.138901, 27.061386], [-92.139587, 27.061386], [-92.139587, 27.062073], [-92.140961, 27.062073], [-92.140961, 27.064133], [-92.141647, 27.064133], [-92.141647, 27.064819], [-92.142334, 27.064819], [-92.142334, 27.068253], [-92.143021, 27.068253], [-92.143021, 27.070313], [-92.144394, 27.070313], [-92.144394, 27.071686], [-92.145081, 27.071686], [-92.145081, 27.072372], [-92.146454, 27.072372], [-92.146454, 27.073059], [-92.147141, 27.073059], [-92.147141, 27.074432], [-92.148514, 27.074432], [-92.148514, 27.075119], [-92.1492, 27.075119], [-92.1492, 27.075806], [-92.149887, 27.075806], [-92.149887, 27.076492], [-92.150574, 27.076492], [-92.150574, 27.077179], [-92.151947, 27.077179], [-92.151947, 27.077866], [-92.152634, 27.077866], [-92.152634, 27.078552], [-92.15332, 27.078552], [-92.15332, 27.079239], [-92.154694, 27.079239], [-92.154694, 27.079926], [-92.15538, 27.079926], [-92.15538, 27.081985], [-92.156067, 27.081985], [-92.156067, 27.082672], [-92.158127, 27.082672], [-92.158127, 27.083359], [-92.1595, 27.083359], [-92.1595, 27.084732], [-92.160187, 27.084732], [-92.160187, 27.085419], [-92.16156, 27.085419], [-92.16156, 27.086792], [-92.162247, 27.086792], [-92.162247, 27.088165], [-92.164307, 27.088165], [-92.164307, 27.088852], [-92.164993, 27.088852], [-92.164993, 27.090225], [-92.16568, 27.090225], [-92.16568, 27.090912], [-92.166367, 27.090912], [-92.166367, 27.091599], [-92.167053, 27.091599], [-92.167053, 27.092285], [-92.16774, 27.092285], [-92.16774, 27.093658], [-92.168427, 27.093658], [-92.168427, 27.094345], [-92.1698, 27.094345], [-92.1698, 27.095032], [-92.170486, 27.095032], [-92.170486, 27.097778], [-92.171173, 27.097778], [-92.171173, 27.100525], [-92.17186, 27.100525], [-92.17186, 27.101212], [-92.172546, 27.101212], [-92.172546, 27.101898], [-92.173233, 27.101898], [-92.173233, 27.103958], [-92.17392, 27.103958], [-92.17392, 27.107391], [-92.174606, 27.107391], [-92.174606, 27.108765], [-92.175293, 27.108765], [-92.175293, 27.110138], [-92.17598, 27.110138], [-92.17598, 27.110825], [-92.176666, 27.110825], [-92.176666, 27.114258], [-92.177353, 27.114258], [-92.177353, 27.114944], [-92.17804, 27.114944], [-92.17804, 27.117004], [-92.177353, 27.117004], [-92.177353, 27.117691], [-92.17804, 27.117691], [-92.17804, 27.118378], [-92.179413, 27.118378], [-92.179413, 27.119751], [-92.178726, 27.119751], [-92.178726, 27.120438], [-92.17804, 27.120438], [-92.17804, 27.123184]], [[-92.164993, 27.101212], [-92.166367, 27.101212], [-92.166367, 27.100525], [-92.16568, 27.100525], [-92.16568, 27.099838], [-92.164993, 27.099838], [-92.164993, 27.101212]], [[-92.164993, 27.099838], [-92.164993, 27.097778], [-92.162933, 27.097778], [-92.162933, 27.098465], [-92.16362, 27.098465], [-92.16362, 27.099152], [-92.164307, 27.099152], [-92.164307, 27.099838], [-92.164993, 27.099838]], [[-92.162933, 27.097778], [-92.162933, 27.097092], [-92.162247, 27.097092], [-92.162247, 27.097778], [-92.162933, 27.097778]], [[-92.118988, 27.05658], [-92.118988, 27.055206], [-92.118301, 27.055206], [-92.118301, 27.055893], [-92.117615, 27.055893], [-92.117615, 27.05658], [-92.118988, 27.05658]], [[-92.117615, 27.055893], [-92.117615, 27.053833], [-92.116928, 27.053833], [-92.116928, 27.053146], [-92.116241, 27.053146], [-92.116241, 27.055206], [-92.116928, 27.055206], [-92.116928, 27.055893], [-92.117615, 27.055893]], [[-92.120361, 27.061386], [-92.120361, 27.060699], [-92.119675, 27.060699], [-92.119675, 27.061386], [-92.120361, 27.061386]], [[-92.127228, 27.069626], [-92.127228, 27.068939], [-92.129288, 27.068939], [-92.129288, 27.068253], [-92.129974, 27.068253], [-92.129974, 27.067566], [-92.130661, 27.067566], [-92.130661, 27.068253], [-92.131348, 27.068253], [-92.131348, 27.067566], [-92.132034, 27.067566], [-92.132034, 27.068939], [-92.132721, 27.068939], [-92.132721, 27.068253], [-92.133408, 27.068253], [-92.133408, 27.066193], [-92.130661, 27.066193], [-92.130661, 27.065506], [-92.126541, 27.065506], [-92.126541, 27.066193], [-92.123795, 27.066193], [-92.123795, 27.067566], [-92.124481, 27.067566], [-92.124481, 27.068253], [-92.125854, 27.068253], [-92.125854, 27.069626], [-92.127228, 27.069626]], [[-92.137527, 27.071686], [-92.137527, 27.070999], [-92.138214, 27.070999], [-92.138214, 27.070313], [-92.136841, 27.070313], [-92.136841, 27.071686], [-92.137527, 27.071686]], [[-92.140961, 27.079926], [-92.140961, 27.077179], [-92.139587, 27.077179], [-92.139587, 27.079239], [-92.140274, 27.079239], [-92.140274, 27.079926], [-92.140961, 27.079926]], [[-92.143021, 27.079239], [-92.143021, 27.078552], [-92.142334, 27.078552], [-92.142334, 27.077866], [-92.141647, 27.077866], [-92.141647, 27.079239], [-92.143021, 27.079239]], [[-92.143707, 27.081985], [-92.143707, 27.081299], [-92.143021, 27.081299], [-92.143021, 27.080612], [-92.142334, 27.080612], [-92.142334, 27.081985], [-92.143707, 27.081985]], [[-92.15332, 27.087479], [-92.15332, 27.086105], [-92.152634, 27.086105], [-92.152634, 27.084732], [-92.151947, 27.084732], [-92.151947, 27.086792], [-92.152634, 27.086792], [-92.152634, 27.087479], [-92.15332, 27.087479]], [[-92.154694, 27.088165], [-92.154694, 27.087479], [-92.154007, 27.087479], [-92.154007, 27.088165], [-92.154694, 27.088165]]], [[[-92.132721, 27.076492], [-92.132721, 27.077179], [-92.131348, 27.077179], [-92.131348, 27.076492], [-92.132721, 27.076492]]], [[[-92.140961, 27.087479], [-92.139587, 27.087479], [-92.139587, 27.086792], [-92.140961, 27.086792], [-92.140961, 27.087479]]], [[[-92.169113, 27.109451], [-92.1698, 27.109451], [-92.1698, 27.110138], [-92.169113, 27.110138], [-92.169113, 27.109451]]], [[[-92.17598, 27.123184], [-92.176666, 27.123184], [-92.176666, 27.123871], [-92.17598, 27.123871], [-92.17598, 27.123184]]], [[[-92.114182, 26.898651], [-92.113495, 26.898651], [-92.113495, 26.897278], [-92.111435, 26.897278], [-92.111435, 26.896591], [-92.110748, 26.896591], [-92.110748, 26.895218], [-92.110062, 26.895218], [-92.110062, 26.893845], [-92.111435, 26.893845], [-92.111435, 26.895905], [-92.112122, 26.895905], [-92.112122, 26.896591], [-92.114182, 26.896591], [-92.114182, 26.898651]]], [[[-92.117615, 27.010574], [-92.116928, 27.010574], [-92.116928, 27.009201], [-92.116241, 27.009201], [-92.116241, 27.007828], [-92.115555, 27.007828], [-92.115555, 27.007141], [-92.114868, 27.007141], [-92.114868, 27.005768], [-92.114182, 27.005768], [-92.114182, 27.005081], [-92.112122, 27.005081], [-92.112122, 27.004395], [-92.111435, 27.004395], [-92.111435, 27.003708], [-92.110748, 27.003708], [-92.110748, 27.003021], [-92.110062, 27.003021], [-92.110062, 27.001648], [-92.111435, 27.001648], [-92.111435, 27.003021], [-92.112122, 27.003021], [-92.112122, 27.003708], [-92.112808, 27.003708], [-92.112808, 27.004395], [-92.114868, 27.004395], [-92.114868, 27.005081], [-92.115555, 27.005081], [-92.115555, 27.006454], [-92.116241, 27.006454], [-92.116241, 27.007141], [-92.116928, 27.007141], [-92.116928, 27.007828], [-92.117615, 27.007828], [-92.117615, 27.008514], [-92.118301, 27.008514], [-92.118301, 27.009201], [-92.117615, 27.009201], [-92.117615, 27.010574]]], [[[-92.114868, 27.101212], [-92.112808, 27.101212], [-92.112808, 27.100525], [-92.110748, 27.100525], [-92.110748, 27.099838], [-92.112122, 27.099838], [-92.112122, 27.099152], [-92.110062, 27.099152], [-92.110062, 27.097778], [-92.110748, 27.097778], [-92.110748, 27.098465], [-92.112122, 27.098465], [-92.112122, 27.097092], [-92.114182, 27.097092], [-92.114182, 27.099838], [-92.114868, 27.099838], [-92.114868, 27.101212]]], [[[-92.111435, 26.949463], [-92.110748, 26.949463], [-92.110748, 26.947403], [-92.111435, 26.947403], [-92.111435, 26.94809], [-92.113495, 26.94809], [-92.113495, 26.948776], [-92.111435, 26.948776], [-92.111435, 26.949463]]], [[[-92.114182, 27.194595], [-92.113495, 27.194595], [-92.113495, 27.193909], [-92.114182, 27.193909], [-92.114182, 27.194595]]], [[[-92.113495, 27.194595], [-92.113495, 27.195969], [-92.112122, 27.195969], [-92.112122, 27.194595], [-92.113495, 27.194595]]], [[[-92.114182, 27.001648], [-92.113495, 27.001648], [-92.113495, 27.000961], [-92.114182, 27.000961], [-92.114182, 27.001648]]], [[[-92.113495, 27.000961], [-92.112808, 27.000961], [-92.112808, 27.000275], [-92.113495, 27.000275], [-92.113495, 27.000961]]], [[[-92.114182, 27.003021], [-92.113495, 27.003021], [-92.113495, 27.002335], [-92.114182, 27.002335], [-92.114182, 27.003021]]], [[[-92.118301, 26.92131], [-92.116928, 26.92131], [-92.116928, 26.918564], [-92.117615, 26.918564], [-92.117615, 26.91925], [-92.118301, 26.91925], [-92.118301, 26.92131]]], [[[-92.127228, 27.03804], [-92.126541, 27.03804], [-92.126541, 27.037354], [-92.125854, 27.037354], [-92.125854, 27.03598], [-92.123795, 27.03598], [-92.123795, 27.03392], [-92.123108, 27.03392], [-92.123108, 27.033234], [-92.121735, 27.033234], [-92.121735, 27.032547], [-92.120361, 27.032547], [-92.120361, 27.0298], [-92.121048, 27.0298], [-92.121048, 27.029114], [-92.118988, 27.029114], [-92.118988, 27.028427], [-92.120361, 27.028427], [-92.120361, 27.027054], [-92.121048, 27.027054], [-92.121048, 27.02774], [-92.121735, 27.02774], [-92.121735, 27.029114], [-92.123108, 27.029114], [-92.123108, 27.0298], [-92.123795, 27.0298], [-92.123795, 27.032547], [-92.124481, 27.032547], [-92.124481, 27.033234], [-92.125168, 27.033234], [-92.125168, 27.03392], [-92.125854, 27.03392], [-92.125854, 27.034607], [-92.126541, 27.034607], [-92.126541, 27.035294], [-92.127228, 27.035294], [-92.127228, 27.03804]], [[-92.122421, 27.03186], [-92.122421, 27.030487], [-92.121048, 27.030487], [-92.121048, 27.03186], [-92.122421, 27.03186]]], [[[-92.123108, 26.930237], [-92.122421, 26.930237], [-92.122421, 26.928864], [-92.121735, 26.928864], [-92.121735, 26.926117], [-92.121048, 26.926117], [-92.121048, 26.92543], [-92.120361, 26.92543], [-92.120361, 26.922684], [-92.121048, 26.922684], [-92.121048, 26.924744], [-92.122421, 26.924744], [-92.122421, 26.92543], [-92.123108, 26.92543], [-92.123108, 26.928177], [-92.123795, 26.928177], [-92.123795, 26.92955], [-92.123108, 26.92955], [-92.123108, 26.930237]]], [[[-92.132721, 26.956329], [-92.131348, 26.956329], [-92.131348, 26.955643], [-92.129288, 26.955643], [-92.129288, 26.954269], [-92.127228, 26.954269], [-92.127228, 26.953583], [-92.124481, 26.953583], [-92.124481, 26.952209], [-92.125168, 26.952209], [-92.125168, 26.951523], [-92.125854, 26.951523], [-92.125854, 26.95015], [-92.126541, 26.95015], [-92.126541, 26.949463], [-92.127228, 26.949463], [-92.127228, 26.95015], [-92.127914, 26.95015], [-92.127914, 26.953583], [-92.129288, 26.953583], [-92.129288, 26.949463], [-92.128601, 26.949463], [-92.128601, 26.948776], [-92.127914, 26.948776], [-92.127914, 26.94809], [-92.127228, 26.94809], [-92.127228, 26.946716], [-92.126541, 26.946716], [-92.126541, 26.945343], [-92.127914, 26.945343], [-92.127914, 26.944656], [-92.127228, 26.944656], [-92.127228, 26.94397], [-92.129974, 26.94397], [-92.129974, 26.945343], [-92.130661, 26.945343], [-92.130661, 26.94603], [-92.129974, 26.94603], [-92.129974, 26.946716], [-92.130661, 26.946716], [-92.130661, 26.947403], [-92.131348, 26.947403], [-92.131348, 26.946716], [-92.132721, 26.946716], [-92.132721, 26.947403], [-92.133408, 26.947403], [-92.133408, 26.94809], [-92.134094, 26.94809], [-92.134094, 26.950836], [-92.132721, 26.950836], [-92.132721, 26.951523], [-92.131348, 26.951523], [-92.131348, 26.952896], [-92.130661, 26.952896], [-92.130661, 26.953583], [-92.131348, 26.953583], [-92.131348, 26.954269], [-92.132721, 26.954269], [-92.132721, 26.956329]], [[-92.129288, 26.945343], [-92.129288, 26.944656], [-92.128601, 26.944656], [-92.128601, 26.945343], [-92.129288, 26.945343]], [[-92.130661, 26.952209], [-92.130661, 26.951523], [-92.129974, 26.951523], [-92.129974, 26.952209], [-92.130661, 26.952209]]], [[[-92.127914, 26.948776], [-92.127914, 26.949463], [-92.127228, 26.949463], [-92.127228, 26.948776], [-92.127914, 26.948776]]], [[[-92.126541, 26.959076], [-92.125854, 26.959076], [-92.125854, 26.958389], [-92.126541, 26.958389], [-92.126541, 26.959076]]], [[[-92.128601, 27.011948], [-92.127914, 27.011948], [-92.127914, 27.011261], [-92.127228, 27.011261], [-92.127228, 27.010574], [-92.126541, 27.010574], [-92.126541, 27.009201], [-92.129288, 27.009201], [-92.129288, 27.011261], [-92.128601, 27.011261], [-92.128601, 27.011948]]], [[[-92.128601, 27.011948], [-92.129288, 27.011948], [-92.129288, 27.013321], [-92.128601, 27.013321], [-92.128601, 27.014008], [-92.127914, 27.014008], [-92.127914, 27.012634], [-92.128601, 27.012634], [-92.128601, 27.011948]]], [[[-92.210312, 27.064819], [-92.210312, 27.067566], [-92.209625, 27.067566], [-92.209625, 27.068939], [-92.208939, 27.068939], [-92.208939, 27.069626], [-92.208252, 27.069626], [-92.208252, 27.070313], [-92.204132, 27.070313], [-92.204132, 27.068939], [-92.202759, 27.068939], [-92.202759, 27.068253], [-92.202072, 27.068253], [-92.202072, 27.067566], [-92.202759, 27.067566], [-92.202759, 27.066193], [-92.202072, 27.066193], [-92.202072, 27.065506], [-92.201385, 27.065506], [-92.201385, 27.063446], [-92.202759, 27.063446], [-92.202759, 27.062759], [-92.204132, 27.062759], [-92.204132, 27.062073], [-92.204819, 27.062073], [-92.204819, 27.061386], [-92.204132, 27.061386], [-92.204132, 27.057266], [-92.203445, 27.057266], [-92.203445, 27.055206], [-92.202759, 27.055206], [-92.202759, 27.05452], [-92.203445, 27.05452], [-92.203445, 27.051773], [-92.202759, 27.051773], [-92.202759, 27.049713], [-92.201385, 27.049713], [-92.201385, 27.047653], [-92.200699, 27.047653], [-92.200699, 27.046967], [-92.201385, 27.046967], [-92.201385, 27.04628], [-92.200699, 27.04628], [-92.200699, 27.045593], [-92.200012, 27.045593], [-92.200012, 27.044907], [-92.199326, 27.044907], [-92.199326, 27.04422], [-92.198639, 27.04422], [-92.198639, 27.043533], [-92.197952, 27.043533], [-92.197952, 27.042847], [-92.197266, 27.042847], [-92.197266, 27.0401], [-92.196579, 27.0401], [-92.196579, 27.039413], [-92.195206, 27.039413], [-92.195206, 27.03804], [-92.194519, 27.03804], [-92.194519, 27.037354], [-92.193832, 27.037354], [-92.193832, 27.036667], [-92.193146, 27.036667], [-92.193146, 27.035294], [-92.192459, 27.035294], [-92.192459, 27.034607], [-92.191086, 27.034607], [-92.191086, 27.03392], [-92.190399, 27.03392], [-92.190399, 27.033234], [-92.189713, 27.033234], [-92.189713, 27.03186], [-92.187653, 27.03186], [-92.187653, 27.031174], [-92.185593, 27.031174], [-92.185593, 27.030487], [-92.184906, 27.030487], [-92.184906, 27.031174], [-92.184219, 27.031174], [-92.184219, 27.033234], [-92.183533, 27.033234], [-92.183533, 27.03392], [-92.182846, 27.03392], [-92.182846, 27.034607], [-92.182159, 27.034607], [-92.182159, 27.035294], [-92.181473, 27.035294], [-92.181473, 27.036667], [-92.182159, 27.036667], [-92.182159, 27.038727], [-92.181473, 27.038727], [-92.181473, 27.03804], [-92.180786, 27.03804], [-92.180786, 27.037354], [-92.178726, 27.037354], [-92.178726, 27.03804], [-92.17804, 27.03804], [-92.17804, 27.039413], [-92.177353, 27.039413], [-92.177353, 27.0401], [-92.176666, 27.0401], [-92.176666, 27.040787], [-92.17598, 27.040787], [-92.17598, 27.04216], [-92.177353, 27.04216], [-92.177353, 27.04422], [-92.178726, 27.04422], [-92.178726, 27.044907], [-92.179413, 27.044907], [-92.179413, 27.045593], [-92.17804, 27.045593], [-92.17804, 27.04628], [-92.177353, 27.04628], [-92.177353, 27.049026], [-92.17598, 27.049026], [-92.17598, 27.0504], [-92.17392, 27.0504], [-92.17392, 27.049713], [-92.173233, 27.049713], [-92.173233, 27.049026], [-92.172546, 27.049026], [-92.172546, 27.049713], [-92.17186, 27.049713], [-92.17186, 27.049026], [-92.168427, 27.049026], [-92.168427, 27.049713], [-92.166367, 27.049713], [-92.166367, 27.049026], [-92.16568, 27.049026], [-92.16568, 27.04628], [-92.164993, 27.04628], [-92.164993, 27.044907], [-92.164307, 27.044907], [-92.164307, 27.042847], [-92.162933, 27.042847], [-92.162933, 27.04216], [-92.16362, 27.04216], [-92.16362, 27.040787], [-92.162933, 27.040787], [-92.162933, 27.038727], [-92.164307, 27.038727], [-92.164307, 27.039413], [-92.164993, 27.039413], [-92.164993, 27.038727], [-92.166367, 27.038727], [-92.166367, 27.04422], [-92.167053, 27.04422], [-92.167053, 27.044907], [-92.16774, 27.044907], [-92.16774, 27.045593], [-92.167053, 27.045593], [-92.167053, 27.046967], [-92.168427, 27.046967], [-92.168427, 27.045593], [-92.170486, 27.045593], [-92.170486, 27.04628], [-92.17186, 27.04628], [-92.17186, 27.046967], [-92.173233, 27.046967], [-92.173233, 27.047653], [-92.17392, 27.047653], [-92.17392, 27.04628], [-92.173233, 27.04628], [-92.173233, 27.044907], [-92.172546, 27.044907], [-92.172546, 27.043533], [-92.17186, 27.043533], [-92.17186, 27.04216], [-92.171173, 27.04216], [-92.171173, 27.040787], [-92.17186, 27.040787], [-92.17186, 27.0401], [-92.171173, 27.0401], [-92.171173, 27.036667], [-92.170486, 27.036667], [-92.170486, 27.03392], [-92.171173, 27.03392], [-92.171173, 27.033234], [-92.173233, 27.033234], [-92.173233, 27.03392], [-92.175293, 27.03392], [-92.175293, 27.032547], [-92.17598, 27.032547], [-92.17598, 27.033234], [-92.176666, 27.033234], [-92.176666, 27.03392], [-92.177353, 27.03392], [-92.177353, 27.034607], [-92.17804, 27.034607], [-92.17804, 27.03598], [-92.178726, 27.03598], [-92.178726, 27.034607], [-92.179413, 27.034607], [-92.179413, 27.03392], [-92.180099, 27.03392], [-92.180099, 27.032547], [-92.180786, 27.032547], [-92.180786, 27.03186], [-92.181473, 27.03186], [-92.181473, 27.030487], [-92.182159, 27.030487], [-92.182159, 27.0298], [-92.182846, 27.0298], [-92.182846, 27.029114], [-92.183533, 27.029114], [-92.183533, 27.028427], [-92.184219, 27.028427], [-92.184219, 27.02774], [-92.184906, 27.02774], [-92.184906, 27.027054], [-92.186966, 27.027054], [-92.186966, 27.02774], [-92.187653, 27.02774], [-92.187653, 27.028427], [-92.188339, 27.028427], [-92.188339, 27.02774], [-92.189713, 27.02774], [-92.189713, 27.029114], [-92.191086, 27.029114], [-92.191086, 27.0298], [-92.192459, 27.0298], [-92.192459, 27.030487], [-92.193832, 27.030487], [-92.193832, 27.031174], [-92.194519, 27.031174], [-92.194519, 27.03186], [-92.198639, 27.03186], [-92.198639, 27.033234], [-92.197952, 27.033234], [-92.197952, 27.03392], [-92.198639, 27.03392], [-92.198639, 27.034607], [-92.200012, 27.034607], [-92.200012, 27.03598], [-92.201385, 27.03598], [-92.201385, 27.037354], [-92.203445, 27.037354], [-92.203445, 27.0401], [-92.204132, 27.0401], [-92.204132, 27.041473], [-92.204819, 27.041473], [-92.204819, 27.043533], [-92.205505, 27.043533], [-92.205505, 27.04422], [-92.206192, 27.04422], [-92.206192, 27.047653], [-92.206879, 27.047653], [-92.206879, 27.04834], [-92.207565, 27.04834], [-92.207565, 27.051086], [-92.208252, 27.051086], [-92.208252, 27.05246], [-92.207565, 27.05246], [-92.207565, 27.053146], [-92.208252, 27.053146], [-92.208252, 27.053833], [-92.207565, 27.053833], [-92.207565, 27.05452], [-92.208252, 27.05452], [-92.208252, 27.055206], [-92.208939, 27.055206], [-92.208939, 27.055893], [-92.209625, 27.055893], [-92.209625, 27.057266], [-92.208939, 27.057266], [-92.208939, 27.062759], [-92.209625, 27.062759], [-92.209625, 27.064819], [-92.210312, 27.064819]], [[-92.202759, 27.066193], [-92.203445, 27.066193], [-92.203445, 27.065506], [-92.202759, 27.065506], [-92.202759, 27.066193]]], [[[-92.210999, 27.064819], [-92.210312, 27.064819], [-92.210312, 27.064133], [-92.210999, 27.064133], [-92.210999, 27.064819]]], [[[-92.162933, 27.038727], [-92.162247, 27.038727], [-92.162247, 27.03804], [-92.16156, 27.03804], [-92.16156, 27.03598], [-92.160187, 27.03598], [-92.160187, 27.034607], [-92.158127, 27.034607], [-92.158127, 27.035294], [-92.15744, 27.035294], [-92.15744, 27.03392], [-92.158127, 27.03392], [-92.158127, 27.033234], [-92.15744, 27.033234], [-92.15744, 27.032547], [-92.156067, 27.032547], [-92.156067, 27.030487], [-92.156754, 27.030487], [-92.156754, 27.0298], [-92.156067, 27.0298], [-92.156067, 27.02774], [-92.15538, 27.02774], [-92.15538, 27.027054], [-92.154694, 27.027054], [-92.154694, 27.026367], [-92.15332, 27.026367], [-92.15332, 27.024994], [-92.154007, 27.024994], [-92.154007, 27.024307], [-92.15332, 27.024307], [-92.15332, 27.023621], [-92.152634, 27.023621], [-92.152634, 27.022934], [-92.151947, 27.022934], [-92.151947, 27.020874], [-92.149887, 27.020874], [-92.149887, 27.019501], [-92.147141, 27.019501], [-92.147141, 27.018814], [-92.146454, 27.018814], [-92.146454, 27.018127], [-92.145081, 27.018127], [-92.145081, 27.017441], [-92.144394, 27.017441], [-92.144394, 27.018127], [-92.143021, 27.018127], [-92.143021, 27.016068], [-92.142334, 27.016068], [-92.142334, 27.016754], [-92.141647, 27.016754], [-92.141647, 27.017441], [-92.140961, 27.017441], [-92.140961, 27.016068], [-92.140274, 27.016068], [-92.140274, 27.015381], [-92.139587, 27.015381], [-92.139587, 27.014008], [-92.138901, 27.014008], [-92.138901, 27.013321], [-92.137527, 27.013321], [-92.137527, 27.012634], [-92.136841, 27.012634], [-92.136841, 27.011948], [-92.136154, 27.011948], [-92.136154, 27.011261], [-92.134781, 27.011261], [-92.134781, 27.011948], [-92.134094, 27.011948], [-92.134094, 27.012634], [-92.133408, 27.012634], [-92.133408, 27.011948], [-92.132721, 27.011948], [-92.132721, 27.010574], [-92.131348, 27.010574], [-92.131348, 27.009201], [-92.132034, 27.009201], [-92.132034, 27.007828], [-92.132721, 27.007828], [-92.132721, 27.006454], [-92.131348, 27.006454], [-92.131348, 27.005768], [-92.132034, 27.005768], [-92.132034, 27.005081], [-92.131348, 27.005081], [-92.131348, 27.003708], [-92.132034, 27.003708], [-92.132034, 27.004395], [-92.132721, 27.004395], [-92.132721, 27.002335], [-92.130661, 27.002335], [-92.130661, 26.998901], [-92.129288, 26.998901], [-92.129288, 26.997528], [-92.128601, 26.997528], [-92.128601, 26.996155], [-92.129288, 26.996155], [-92.129288, 26.995468], [-92.128601, 26.995468], [-92.128601, 26.994781], [-92.129288, 26.994781], [-92.129288, 26.992035], [-92.128601, 26.992035], [-92.128601, 26.988602], [-92.127228, 26.988602], [-92.127228, 26.987228], [-92.126541, 26.987228], [-92.126541, 26.986542], [-92.127228, 26.986542], [-92.127228, 26.985168], [-92.127914, 26.985168], [-92.127914, 26.985855], [-92.128601, 26.985855], [-92.128601, 26.986542], [-92.129288, 26.986542], [-92.129288, 26.987228], [-92.130661, 26.987228], [-92.130661, 26.987915], [-92.131348, 26.987915], [-92.131348, 26.988602], [-92.132721, 26.988602], [-92.132721, 26.989975], [-92.133408, 26.989975], [-92.133408, 26.990662], [-92.134094, 26.990662], [-92.134094, 26.992035], [-92.134781, 26.992035], [-92.134781, 26.993408], [-92.135468, 26.993408], [-92.135468, 26.994095], [-92.136154, 26.994095], [-92.136154, 26.995468], [-92.136841, 26.995468], [-92.136841, 26.996841], [-92.137527, 26.996841], [-92.137527, 26.998215], [-92.138214, 26.998215], [-92.138214, 26.998901], [-92.138901, 26.998901], [-92.138901, 27.000275], [-92.140274, 27.000275], [-92.140274, 27.001648], [-92.140961, 27.001648], [-92.140961, 27.002335], [-92.141647, 27.002335], [-92.141647, 27.003708], [-92.142334, 27.003708], [-92.142334, 27.004395], [-92.143021, 27.004395], [-92.143021, 27.006454], [-92.145767, 27.006454], [-92.145767, 27.007828], [-92.147141, 27.007828], [-92.147141, 27.008514], [-92.148514, 27.008514], [-92.148514, 27.009201], [-92.1492, 27.009201], [-92.1492, 27.011261], [-92.151947, 27.011261], [-92.151947, 27.010574], [-92.152634, 27.010574], [-92.152634, 27.008514], [-92.15332, 27.008514], [-92.15332, 27.007141], [-92.154007, 27.007141], [-92.154007, 27.007828], [-92.154694, 27.007828], [-92.154694, 27.008514], [-92.15538, 27.008514], [-92.15538, 27.010574], [-92.156067, 27.010574], [-92.156067, 27.009888], [-92.156754, 27.009888], [-92.156754, 27.010574], [-92.15744, 27.010574], [-92.15744, 27.011261], [-92.158127, 27.011261], [-92.158127, 27.016068], [-92.158813, 27.016068], [-92.158813, 27.017441], [-92.1595, 27.017441], [-92.1595, 27.018127], [-92.160187, 27.018127], [-92.160187, 27.019501], [-92.160873, 27.019501], [-92.160873, 27.020874], [-92.16156, 27.020874], [-92.16156, 27.023621], [-92.160873, 27.023621], [-92.160873, 27.022247], [-92.160187, 27.022247], [-92.160187, 27.020187], [-92.158813, 27.020187], [-92.158813, 27.019501], [-92.158127, 27.019501], [-92.158127, 27.018127], [-92.156754, 27.018127], [-92.156754, 27.018814], [-92.15538, 27.018814], [-92.15538, 27.020874], [-92.156067, 27.020874], [-92.156067, 27.021561], [-92.156754, 27.021561], [-92.156754, 27.022934], [-92.15744, 27.022934], [-92.15744, 27.024307], [-92.158127, 27.024307], [-92.158127, 27.025681], [-92.158813, 27.025681], [-92.158813, 27.029114], [-92.1595, 27.029114], [-92.1595, 27.031174], [-92.160187, 27.031174], [-92.160187, 27.032547], [-92.160873, 27.032547], [-92.160873, 27.03392], [-92.16156, 27.03392], [-92.16156, 27.034607], [-92.162247, 27.034607], [-92.162247, 27.036667], [-92.162933, 27.036667], [-92.162933, 27.038727]], [[-92.147141, 27.014008], [-92.147141, 27.013321], [-92.147827, 27.013321], [-92.147827, 27.011261], [-92.147141, 27.011261], [-92.147141, 27.009201], [-92.146454, 27.009201], [-92.146454, 27.008514], [-92.145081, 27.008514], [-92.145081, 27.007828], [-92.144394, 27.007828], [-92.144394, 27.008514], [-92.143707, 27.008514], [-92.143707, 27.007828], [-92.143021, 27.007828], [-92.143021, 27.007141], [-92.141647, 27.007141], [-92.141647, 27.005768], [-92.140961, 27.005768], [-92.140961, 27.006454], [-92.138901, 27.006454], [-92.138901, 27.005768], [-92.138214, 27.005768], [-92.138214, 27.006454], [-92.137527, 27.006454], [-92.137527, 27.007141], [-92.138901, 27.007141], [-92.138901, 27.007828], [-92.139587, 27.007828], [-92.139587, 27.008514], [-92.138901, 27.008514], [-92.138901, 27.011948], [-92.140961, 27.011948], [-92.140961, 27.012634], [-92.142334, 27.012634], [-92.142334, 27.011261], [-92.143021, 27.011261], [-92.143021, 27.013321], [-92.143707, 27.013321], [-92.143707, 27.014008], [-92.147141, 27.014008]], [[-92.143021, 27.013321], [-92.141647, 27.013321], [-92.141647, 27.014008], [-92.142334, 27.014008], [-92.142334, 27.014694], [-92.143021, 27.014694], [-92.143021, 27.013321]], [[-92.144394, 27.016754], [-92.144394, 27.016068], [-92.143707, 27.016068], [-92.143707, 27.016754], [-92.144394, 27.016754]], [[-92.149887, 27.016754], [-92.149887, 27.015381], [-92.1492, 27.015381], [-92.1492, 27.014694], [-92.148514, 27.014694], [-92.148514, 27.016754], [-92.149887, 27.016754]]], [[[-92.129288, 27.078552], [-92.127228, 27.078552], [-92.127228, 27.077179], [-92.128601, 27.077179], [-92.128601, 27.077866], [-92.129288, 27.077866], [-92.129288, 27.078552]]], [[[-92.129288, 27.04216], [-92.128601, 27.04216], [-92.128601, 27.041473], [-92.127914, 27.041473], [-92.127914, 27.039413], [-92.128601, 27.039413], [-92.128601, 27.040787], [-92.129288, 27.040787], [-92.129288, 27.04216]]], [[[-92.127914, 27.039413], [-92.127228, 27.039413], [-92.127228, 27.038727], [-92.127914, 27.038727], [-92.127914, 27.039413]]], [[[-92.128601, 27.04216], [-92.128601, 27.043533], [-92.129288, 27.043533], [-92.129288, 27.044907], [-92.128601, 27.044907], [-92.128601, 27.04422], [-92.127914, 27.04422], [-92.127914, 27.042847], [-92.127228, 27.042847], [-92.127228, 27.04216], [-92.128601, 27.04216]]], [[[-92.130661, 27.016754], [-92.129974, 27.016754], [-92.129974, 27.016068], [-92.130661, 27.016068], [-92.130661, 27.016754]]], [[[-92.136154, 27.025681], [-92.136841, 27.025681], [-92.136841, 27.026367], [-92.137527, 27.026367], [-92.137527, 27.027054], [-92.138214, 27.027054], [-92.138214, 27.02774], [-92.138901, 27.02774], [-92.138901, 27.029114], [-92.137527, 27.029114], [-92.137527, 27.02774], [-92.136154, 27.02774], [-92.136154, 27.0298], [-92.134781, 27.0298], [-92.134781, 27.029114], [-92.134094, 27.029114], [-92.134094, 27.026367], [-92.134781, 27.026367], [-92.134781, 27.024994], [-92.134094, 27.024994], [-92.134094, 27.022934], [-92.133408, 27.022934], [-92.133408, 27.021561], [-92.131348, 27.021561], [-92.131348, 27.020187], [-92.132034, 27.020187], [-92.132034, 27.019501], [-92.131348, 27.019501], [-92.131348, 27.018127], [-92.132721, 27.018127], [-92.132721, 27.018814], [-92.134094, 27.018814], [-92.134094, 27.020187], [-92.134781, 27.020187], [-92.134781, 27.022247], [-92.135468, 27.022247], [-92.135468, 27.024994], [-92.136154, 27.024994], [-92.136154, 27.025681]], [[-92.136154, 27.025681], [-92.135468, 27.025681], [-92.135468, 27.026367], [-92.136154, 27.026367], [-92.136154, 27.025681]]], [[[-92.134094, 26.957703], [-92.132721, 26.957703], [-92.132721, 26.957016], [-92.134094, 26.957016], [-92.134094, 26.957703]]], [[[-92.141647, 26.906891], [-92.140961, 26.906891], [-92.140961, 26.906204], [-92.141647, 26.906204], [-92.141647, 26.906891]]], [[[-92.140961, 26.906204], [-92.140274, 26.906204], [-92.140274, 26.904144], [-92.140961, 26.904144], [-92.140961, 26.906204]]], [[[-92.140274, 26.904144], [-92.139587, 26.904144], [-92.139587, 26.903458], [-92.140274, 26.903458], [-92.140274, 26.904144]]], [[[-92.139587, 26.903458], [-92.138901, 26.903458], [-92.138901, 26.902771], [-92.139587, 26.902771], [-92.139587, 26.903458]]], [[[-92.138901, 26.902771], [-92.137527, 26.902771], [-92.137527, 26.902084], [-92.138901, 26.902084], [-92.138901, 26.902771]]], [[[-92.140274, 27.03598], [-92.138901, 27.03598], [-92.138901, 27.034607], [-92.140274, 27.034607], [-92.140274, 27.03598]]], [[[-92.140961, 27.134857], [-92.140274, 27.134857], [-92.140274, 27.134171], [-92.139587, 27.134171], [-92.139587, 27.133484], [-92.140961, 27.133484], [-92.140961, 27.134857]]], [[[-92.143021, 27.045593], [-92.140961, 27.045593], [-92.140961, 27.04422], [-92.140274, 27.04422], [-92.140274, 27.043533], [-92.139587, 27.043533], [-92.139587, 27.041473], [-92.140274, 27.041473], [-92.140274, 27.04216], [-92.140961, 27.04216], [-92.140961, 27.042847], [-92.141647, 27.042847], [-92.141647, 27.04422], [-92.142334, 27.04422], [-92.142334, 27.044907], [-92.143021, 27.044907], [-92.143021, 27.045593]]], [[[-92.156754, 26.986542], [-92.154694, 26.986542], [-92.154694, 26.985168], [-92.154007, 26.985168], [-92.154007, 26.984482], [-92.152634, 26.984482], [-92.152634, 26.983109], [-92.151947, 26.983109], [-92.151947, 26.981735], [-92.15126, 26.981735], [-92.15126, 26.981049], [-92.150574, 26.981049], [-92.150574, 26.980362], [-92.149887, 26.980362], [-92.149887, 26.978989], [-92.1492, 26.978989], [-92.1492, 26.978302], [-92.148514, 26.978302], [-92.148514, 26.976929], [-92.147827, 26.976929], [-92.147827, 26.975555], [-92.1492, 26.975555], [-92.1492, 26.974182], [-92.149887, 26.974182], [-92.149887, 26.976929], [-92.150574, 26.976929], [-92.150574, 26.977615], [-92.15126, 26.977615], [-92.15126, 26.978989], [-92.151947, 26.978989], [-92.151947, 26.979675], [-92.152634, 26.979675], [-92.152634, 26.981735], [-92.15332, 26.981735], [-92.15332, 26.982422], [-92.154007, 26.982422], [-92.154007, 26.983109], [-92.156067, 26.983109], [-92.156067, 26.983795], [-92.15538, 26.983795], [-92.15538, 26.985168], [-92.156067, 26.985168], [-92.156067, 26.985855], [-92.156754, 26.985855], [-92.156754, 26.986542]]], [[[-92.1492, 26.974182], [-92.148514, 26.974182], [-92.148514, 26.972809], [-92.1492, 26.972809], [-92.1492, 26.974182]]], [[[-92.148514, 26.978302], [-92.148514, 26.978989], [-92.147827, 26.978989], [-92.147827, 26.979675], [-92.148514, 26.979675], [-92.148514, 26.985168], [-92.1492, 26.985168], [-92.1492, 26.985855], [-92.149887, 26.985855], [-92.149887, 26.987915], [-92.150574, 26.987915], [-92.150574, 26.988602], [-92.151947, 26.988602], [-92.151947, 26.989975], [-92.152634, 26.989975], [-92.152634, 26.992035], [-92.15332, 26.992035], [-92.15332, 26.995468], [-92.154007, 26.995468], [-92.154007, 26.998901], [-92.154694, 26.998901], [-92.154694, 27.003708], [-92.154007, 27.003708], [-92.154007, 27.005081], [-92.15332, 27.005081], [-92.15332, 27.003708], [-92.152634, 27.003708], [-92.152634, 27.001648], [-92.15332, 27.001648], [-92.15332, 27.000275], [-92.152634, 27.000275], [-92.152634, 26.998901], [-92.151947, 26.998901], [-92.151947, 26.997528], [-92.15126, 26.997528], [-92.15126, 26.996841], [-92.150574, 26.996841], [-92.150574, 26.996155], [-92.149887, 26.996155], [-92.149887, 26.992722], [-92.1492, 26.992722], [-92.1492, 26.992035], [-92.148514, 26.992035], [-92.148514, 26.989288], [-92.147827, 26.989288], [-92.147827, 26.988602], [-92.146454, 26.988602], [-92.146454, 26.987228], [-92.145767, 26.987228], [-92.145767, 26.986542], [-92.145081, 26.986542], [-92.145081, 26.983109], [-92.143707, 26.983109], [-92.143707, 26.982422], [-92.143021, 26.982422], [-92.143021, 26.981049], [-92.142334, 26.981049], [-92.142334, 26.979675], [-92.141647, 26.979675], [-92.141647, 26.976929], [-92.142334, 26.976929], [-92.142334, 26.978302], [-92.143021, 26.978302], [-92.143021, 26.980362], [-92.143707, 26.980362], [-92.143707, 26.981049], [-92.144394, 26.981049], [-92.144394, 26.981735], [-92.145081, 26.981735], [-92.145081, 26.982422], [-92.145767, 26.982422], [-92.145767, 26.983795], [-92.146454, 26.983795], [-92.146454, 26.985855], [-92.147141, 26.985855], [-92.147141, 26.985168], [-92.147827, 26.985168], [-92.147827, 26.984482], [-92.147141, 26.984482], [-92.147141, 26.981735], [-92.146454, 26.981735], [-92.146454, 26.979675], [-92.145767, 26.979675], [-92.145767, 26.978302], [-92.145081, 26.978302], [-92.145081, 26.975555], [-92.143707, 26.975555], [-92.143707, 26.972809], [-92.143021, 26.972809], [-92.143021, 26.969376], [-92.142334, 26.969376], [-92.142334, 26.968002], [-92.143021, 26.968002], [-92.143021, 26.968689], [-92.143707, 26.968689], [-92.143707, 26.969376], [-92.144394, 26.969376], [-92.144394, 26.970749], [-92.145081, 26.970749], [-92.145081, 26.971436], [-92.145767, 26.971436], [-92.145767, 26.974182], [-92.145081, 26.974182], [-92.145081, 26.974869], [-92.145767, 26.974869], [-92.145767, 26.975555], [-92.146454, 26.975555], [-92.146454, 26.976242], [-92.147141, 26.976242], [-92.147141, 26.978302], [-92.148514, 26.978302]], [[-92.148514, 26.986542], [-92.148514, 26.985855], [-92.147827, 26.985855], [-92.147827, 26.986542], [-92.148514, 26.986542]]], [[[-92.142334, 26.967316], [-92.141647, 26.967316], [-92.141647, 26.966629], [-92.142334, 26.966629], [-92.142334, 26.967316]]], [[[-92.143021, 26.908264], [-92.142334, 26.908264], [-92.142334, 26.906891], [-92.143021, 26.906891], [-92.143021, 26.908264]]], [[[-92.145767, 27.143097], [-92.144394, 27.143097], [-92.144394, 27.14241], [-92.143707, 27.14241], [-92.143707, 27.141037], [-92.143021, 27.141037], [-92.143021, 27.14035], [-92.144394, 27.14035], [-92.144394, 27.141037], [-92.145081, 27.141037], [-92.145081, 27.141724], [-92.145767, 27.141724], [-92.145767, 27.143097]]], [[[-92.144394, 27.137604], [-92.143707, 27.137604], [-92.143707, 27.136917], [-92.144394, 27.136917], [-92.144394, 27.137604]]], [[[-92.148514, 26.970749], [-92.147827, 26.970749], [-92.147827, 26.970062], [-92.148514, 26.970062], [-92.148514, 26.970749]]], [[[-92.147827, 26.970062], [-92.147141, 26.970062], [-92.147141, 26.968002], [-92.147827, 26.968002], [-92.147827, 26.970062]]], [[[-92.147141, 26.968002], [-92.146454, 26.968002], [-92.146454, 26.966629], [-92.147141, 26.966629], [-92.147141, 26.968002]]], [[[-92.1492, 26.972122], [-92.148514, 26.972122], [-92.148514, 26.971436], [-92.1492, 26.971436], [-92.1492, 26.972122]]], [[[-92.154694, 27.097778], [-92.154007, 27.097778], [-92.154007, 27.097092], [-92.154694, 27.097092], [-92.154694, 27.097778]]], [[[-92.160187, 26.907578], [-92.1595, 26.907578], [-92.1595, 26.906891], [-92.160187, 26.906891], [-92.160187, 26.907578]]], [[[-92.16774, 26.996155], [-92.167053, 26.996155], [-92.167053, 26.995468], [-92.166367, 26.995468], [-92.166367, 26.994781], [-92.16568, 26.994781], [-92.16568, 26.992035], [-92.164993, 26.992035], [-92.164993, 26.989975], [-92.164307, 26.989975], [-92.164307, 26.988602], [-92.162933, 26.988602], [-92.162933, 26.987915], [-92.162247, 26.987915], [-92.162247, 26.985855], [-92.16156, 26.985855], [-92.16156, 26.982422], [-92.160873, 26.982422], [-92.160873, 26.981049], [-92.160187, 26.981049], [-92.160187, 26.979675], [-92.160873, 26.979675], [-92.160873, 26.978989], [-92.16156, 26.978989], [-92.16156, 26.981049], [-92.162247, 26.981049], [-92.162247, 26.984482], [-92.162933, 26.984482], [-92.162933, 26.985168], [-92.16362, 26.985168], [-92.16362, 26.985855], [-92.164307, 26.985855], [-92.164307, 26.987915], [-92.164993, 26.987915], [-92.164993, 26.989288], [-92.16568, 26.989288], [-92.16568, 26.991348], [-92.167053, 26.991348], [-92.167053, 26.989975], [-92.16774, 26.989975], [-92.16774, 26.988602], [-92.168427, 26.988602], [-92.168427, 26.987228], [-92.169113, 26.987228], [-92.169113, 26.983109], [-92.168427, 26.983109], [-92.168427, 26.979675], [-92.16774, 26.979675], [-92.16774, 26.977615], [-92.167053, 26.977615], [-92.167053, 26.976929], [-92.16774, 26.976929], [-92.16774, 26.975555], [-92.167053, 26.975555], [-92.167053, 26.972809], [-92.166367, 26.972809], [-92.166367, 26.971436], [-92.16568, 26.971436], [-92.16568, 26.969376], [-92.16774, 26.969376], [-92.16774, 26.970749], [-92.168427, 26.970749], [-92.168427, 26.972122], [-92.169113, 26.972122], [-92.169113, 26.972809], [-92.1698, 26.972809], [-92.1698, 26.973495], [-92.170486, 26.973495], [-92.170486, 26.976929], [-92.1698, 26.976929], [-92.1698, 26.977615], [-92.169113, 26.977615], [-92.169113, 26.978302], [-92.1698, 26.978302], [-92.1698, 26.978989], [-92.171173, 26.978989], [-92.171173, 26.979675], [-92.17186, 26.979675], [-92.17186, 26.981735], [-92.173233, 26.981735], [-92.173233, 26.984482], [-92.17392, 26.984482], [-92.17392, 26.987915], [-92.173233, 26.987915], [-92.173233, 26.988602], [-92.172546, 26.988602], [-92.172546, 26.987915], [-92.17186, 26.987915], [-92.17186, 26.989288], [-92.171173, 26.989288], [-92.171173, 26.988602], [-92.1698, 26.988602], [-92.1698, 26.989288], [-92.169113, 26.989288], [-92.169113, 26.989975], [-92.170486, 26.989975], [-92.170486, 26.991348], [-92.171173, 26.991348], [-92.171173, 26.992035], [-92.170486, 26.992035], [-92.170486, 26.994095], [-92.169113, 26.994095], [-92.169113, 26.992035], [-92.16774, 26.992035], [-92.16774, 26.996155]]], [[[-92.166367, 27.024994], [-92.16568, 27.024994], [-92.16568, 27.021561], [-92.166367, 27.021561], [-92.166367, 27.019501], [-92.16774, 27.019501], [-92.16774, 27.018814], [-92.168427, 27.018814], [-92.168427, 27.015381], [-92.169113, 27.015381], [-92.169113, 27.014694], [-92.170486, 27.014694], [-92.170486, 27.012634], [-92.171173, 27.012634], [-92.171173, 27.009888], [-92.17186, 27.009888], [-92.17186, 27.008514], [-92.172546, 27.008514], [-92.172546, 27.007828], [-92.173233, 27.007828], [-92.173233, 27.005081], [-92.172546, 27.005081], [-92.172546, 27.004395], [-92.170486, 27.004395], [-92.170486, 27.003708], [-92.169113, 27.003708], [-92.169113, 27.003021], [-92.168427, 27.003021], [-92.168427, 27.002335], [-92.16774, 27.002335], [-92.16774, 27.001648], [-92.166367, 27.001648], [-92.166367, 27.000275], [-92.16568, 27.000275], [-92.16568, 26.999588], [-92.167053, 26.999588], [-92.167053, 26.998901], [-92.169113, 26.998901], [-92.169113, 26.999588], [-92.1698, 26.999588], [-92.1698, 26.998215], [-92.170486, 26.998215], [-92.170486, 26.997528], [-92.171173, 26.997528], [-92.171173, 26.996155], [-92.17186, 26.996155], [-92.17186, 26.993408], [-92.172546, 26.993408], [-92.172546, 26.998215], [-92.173233, 26.998215], [-92.173233, 27.000275], [-92.17392, 27.000275], [-92.17392, 27.000961], [-92.174606, 27.000961], [-92.174606, 27.004395], [-92.175293, 27.004395], [-92.175293, 27.005081], [-92.17598, 27.005081], [-92.17598, 27.005768], [-92.176666, 27.005768], [-92.176666, 27.007141], [-92.17804, 27.007141], [-92.17804, 27.007828], [-92.179413, 27.007828], [-92.179413, 27.009888], [-92.180099, 27.009888], [-92.180099, 27.010574], [-92.178726, 27.010574], [-92.178726, 27.009888], [-92.17804, 27.009888], [-92.17804, 27.010574], [-92.177353, 27.010574], [-92.177353, 27.013321], [-92.178726, 27.013321], [-92.178726, 27.012634], [-92.179413, 27.012634], [-92.179413, 27.011948], [-92.180099, 27.011948], [-92.180099, 27.014008], [-92.179413, 27.014008], [-92.179413, 27.015381], [-92.17804, 27.015381], [-92.17804, 27.016754], [-92.175293, 27.016754], [-92.175293, 27.015381], [-92.173233, 27.015381], [-92.173233, 27.016754], [-92.174606, 27.016754], [-92.174606, 27.018127], [-92.178726, 27.018127], [-92.178726, 27.018814], [-92.17804, 27.018814], [-92.17804, 27.019501], [-92.177353, 27.019501], [-92.177353, 27.020187], [-92.175293, 27.020187], [-92.175293, 27.019501], [-92.174606, 27.019501], [-92.174606, 27.020187], [-92.17392, 27.020187], [-92.17392, 27.018814], [-92.173233, 27.018814], [-92.173233, 27.019501], [-92.172546, 27.019501], [-92.172546, 27.020874], [-92.171173, 27.020874], [-92.171173, 27.021561], [-92.1698, 27.021561], [-92.1698, 27.022247], [-92.169113, 27.022247], [-92.169113, 27.024307], [-92.16774, 27.024307], [-92.16774, 27.023621], [-92.167053, 27.023621], [-92.167053, 27.024307], [-92.166367, 27.024307], [-92.166367, 27.024994]], [[-92.175293, 27.014008], [-92.175293, 27.013321], [-92.174606, 27.013321], [-92.174606, 27.014008], [-92.175293, 27.014008]], [[-92.174606, 27.013321], [-92.174606, 27.012634], [-92.17392, 27.012634], [-92.17392, 27.013321], [-92.174606, 27.013321]], [[-92.177353, 27.009201], [-92.177353, 27.008514], [-92.17598, 27.008514], [-92.17598, 27.009201], [-92.177353, 27.009201]]], [[[-92.16568, 26.999588], [-92.164993, 26.999588], [-92.164993, 26.998901], [-92.16568, 26.998901], [-92.16568, 26.999588]]], [[[-92.164993, 26.998901], [-92.164307, 26.998901], [-92.164307, 26.997528], [-92.162933, 26.997528], [-92.162933, 26.996841], [-92.162247, 26.996841], [-92.162247, 26.996155], [-92.16156, 26.996155], [-92.16156, 26.994095], [-92.162247, 26.994095], [-92.162247, 26.994781], [-92.162933, 26.994781], [-92.162933, 26.995468], [-92.164993, 26.995468], [-92.164993, 26.998901]]], [[[-92.16156, 26.994095], [-92.160873, 26.994095], [-92.160873, 26.993408], [-92.16156, 26.993408], [-92.16156, 26.994095]]], [[[-92.162247, 26.906891], [-92.16156, 26.906891], [-92.16156, 26.906204], [-92.162247, 26.906204], [-92.162247, 26.906891]]], [[[-92.16568, 27.03804], [-92.164993, 27.03804], [-92.164993, 27.034607], [-92.16362, 27.034607], [-92.16362, 27.032547], [-92.164307, 27.032547], [-92.164307, 27.031174], [-92.162933, 27.031174], [-92.162933, 27.030487], [-92.162247, 27.030487], [-92.162247, 27.026367], [-92.162933, 27.026367], [-92.162933, 27.027054], [-92.164993, 27.027054], [-92.164993, 27.026367], [-92.166367, 27.026367], [-92.166367, 27.027054], [-92.16568, 27.027054], [-92.16568, 27.0298], [-92.164993, 27.0298], [-92.164993, 27.031174], [-92.16568, 27.031174], [-92.16568, 27.032547], [-92.164993, 27.032547], [-92.164993, 27.03392], [-92.16568, 27.03392], [-92.16568, 27.03804]]], [[[-92.16568, 26.909637], [-92.164993, 26.909637], [-92.164993, 26.908264], [-92.16568, 26.908264], [-92.16568, 26.909637]]], [[[-92.171173, 26.912384], [-92.170486, 26.912384], [-92.170486, 26.911011], [-92.1698, 26.911011], [-92.1698, 26.910324], [-92.168427, 26.910324], [-92.168427, 26.911011], [-92.166367, 26.911011], [-92.166367, 26.908951], [-92.169113, 26.908951], [-92.169113, 26.909637], [-92.171173, 26.909637], [-92.171173, 26.912384]]], [[[-92.173233, 26.910324], [-92.172546, 26.910324], [-92.172546, 26.909637], [-92.17186, 26.909637], [-92.17186, 26.908951], [-92.171173, 26.908951], [-92.171173, 26.908264], [-92.169113, 26.908264], [-92.169113, 26.907578], [-92.1698, 26.907578], [-92.1698, 26.906204], [-92.170486, 26.906204], [-92.170486, 26.905518], [-92.172546, 26.905518], [-92.172546, 26.906204], [-92.174606, 26.906204], [-92.174606, 26.906891], [-92.175293, 26.906891], [-92.175293, 26.908264], [-92.17598, 26.908264], [-92.17598, 26.908951], [-92.17392, 26.908951], [-92.17392, 26.909637], [-92.173233, 26.909637], [-92.173233, 26.910324]]], [[[-92.173233, 27.024994], [-92.17186, 27.024994], [-92.17186, 27.024307], [-92.171173, 27.024307], [-92.171173, 27.022934], [-92.17186, 27.022934], [-92.17186, 27.021561], [-92.172546, 27.021561], [-92.172546, 27.023621], [-92.173233, 27.023621], [-92.173233, 27.024994]]], [[[-92.27829, 27.219315], [-92.27829, 27.220001], [-92.277603, 27.220001], [-92.277603, 27.219315], [-92.27829, 27.219315]]], [[[-92.27829, 27.219315], [-92.27829, 27.217255], [-92.277603, 27.217255], [-92.277603, 27.216568], [-92.27623, 27.216568], [-92.27623, 27.215881], [-92.275543, 27.215881], [-92.275543, 27.215195], [-92.27417, 27.215195], [-92.27417, 27.214508], [-92.272797, 27.214508], [-92.272797, 27.215195], [-92.27005, 27.215195], [-92.27005, 27.214508], [-92.267303, 27.214508], [-92.267303, 27.213821], [-92.266617, 27.213821], [-92.266617, 27.213135], [-92.265244, 27.213135], [-92.265244, 27.212448], [-92.262497, 27.212448], [-92.262497, 27.211761], [-92.26387, 27.211761], [-92.26387, 27.209702], [-92.26181, 27.209702], [-92.26181, 27.210388], [-92.261124, 27.210388], [-92.261124, 27.209702], [-92.25975, 27.209702], [-92.25975, 27.210388], [-92.258377, 27.210388], [-92.258377, 27.211075], [-92.259064, 27.211075], [-92.259064, 27.211761], [-92.260437, 27.211761], [-92.260437, 27.211075], [-92.261124, 27.211075], [-92.261124, 27.213135], [-92.26181, 27.213135], [-92.26181, 27.214508], [-92.25975, 27.214508], [-92.25975, 27.213821], [-92.259064, 27.213821], [-92.259064, 27.213135], [-92.258377, 27.213135], [-92.258377, 27.211761], [-92.25769, 27.211761], [-92.25769, 27.211075], [-92.257004, 27.211075], [-92.257004, 27.210388], [-92.256317, 27.210388], [-92.256317, 27.209702], [-92.254257, 27.209702], [-92.254257, 27.209015], [-92.252884, 27.209015], [-92.252884, 27.208328], [-92.250824, 27.208328], [-92.250824, 27.206268], [-92.249451, 27.206268], [-92.249451, 27.203522], [-92.248077, 27.203522], [-92.248077, 27.202835], [-92.245331, 27.202835], [-92.245331, 27.202148], [-92.243958, 27.202148], [-92.243958, 27.201462], [-92.243271, 27.201462], [-92.243271, 27.200775], [-92.242584, 27.200775], [-92.242584, 27.200089], [-92.241898, 27.200089], [-92.241898, 27.199402], [-92.243271, 27.199402], [-92.243271, 27.198029], [-92.243958, 27.198029], [-92.243958, 27.196655], [-92.242584, 27.196655], [-92.242584, 27.197342], [-92.241898, 27.197342], [-92.241898, 27.196655], [-92.241211, 27.196655], [-92.241211, 27.195969], [-92.239838, 27.195969], [-92.239838, 27.196655], [-92.239151, 27.196655], [-92.239151, 27.194595], [-92.237091, 27.194595], [-92.237091, 27.195969], [-92.237778, 27.195969], [-92.237778, 27.197342], [-92.236404, 27.197342], [-92.236404, 27.198029], [-92.235031, 27.198029], [-92.235031, 27.198715], [-92.233658, 27.198715], [-92.233658, 27.197342], [-92.231598, 27.197342], [-92.231598, 27.198715], [-92.230225, 27.198715], [-92.230225, 27.198029], [-92.229538, 27.198029], [-92.229538, 27.197342], [-92.228165, 27.197342], [-92.228165, 27.196655], [-92.227478, 27.196655], [-92.227478, 27.197342], [-92.225418, 27.197342], [-92.225418, 27.196655], [-92.224045, 27.196655], [-92.224045, 27.197342], [-92.222672, 27.197342], [-92.222672, 27.198029], [-92.219925, 27.198029], [-92.219925, 27.198715], [-92.217865, 27.198715], [-92.217865, 27.199402], [-92.217178, 27.199402], [-92.217178, 27.200089], [-92.216492, 27.200089], [-92.216492, 27.200775], [-92.215118, 27.200775], [-92.215118, 27.201462], [-92.214432, 27.201462], [-92.214432, 27.203522], [-92.213745, 27.203522], [-92.213745, 27.204208], [-92.213058, 27.204208], [-92.213058, 27.206268], [-92.213745, 27.206268], [-92.213745, 27.208328], [-92.213058, 27.208328], [-92.213058, 27.210388], [-92.213745, 27.210388], [-92.213745, 27.214508], [-92.214432, 27.214508], [-92.214432, 27.215195], [-92.215805, 27.215195], [-92.215805, 27.216568], [-92.216492, 27.216568], [-92.216492, 27.219315], [-92.217178, 27.219315], [-92.217178, 27.221375], [-92.218552, 27.221375], [-92.218552, 27.222061], [-92.219238, 27.222061], [-92.219238, 27.224121], [-92.215805, 27.224121], [-92.215805, 27.223434], [-92.214432, 27.223434], [-92.214432, 27.222061], [-92.213745, 27.222061], [-92.213745, 27.220688], [-92.213058, 27.220688], [-92.213058, 27.218628], [-92.212372, 27.218628], [-92.212372, 27.217255], [-92.213058, 27.217255], [-92.213058, 27.215195], [-92.212372, 27.215195], [-92.212372, 27.214508], [-92.209625, 27.214508], [-92.209625, 27.212448], [-92.208252, 27.212448], [-92.208252, 27.211761], [-92.207565, 27.211761], [-92.207565, 27.209702], [-92.206192, 27.209702], [-92.206192, 27.209015], [-92.205505, 27.209015], [-92.205505, 27.208328], [-92.204819, 27.208328], [-92.204819, 27.209702], [-92.205505, 27.209702], [-92.205505, 27.212448], [-92.206192, 27.212448], [-92.206192, 27.215195], [-92.205505, 27.215195], [-92.205505, 27.215881], [-92.204819, 27.215881], [-92.204819, 27.217255], [-92.204132, 27.217255], [-92.204132, 27.218628], [-92.203445, 27.218628], [-92.203445, 27.219315], [-92.202759, 27.219315], [-92.202759, 27.220001], [-92.202072, 27.220001], [-92.202072, 27.220688], [-92.201385, 27.220688], [-92.201385, 27.221375], [-92.200012, 27.221375], [-92.200012, 27.223434], [-92.199326, 27.223434], [-92.199326, 27.224121], [-92.198639, 27.224121], [-92.198639, 27.224808], [-92.197266, 27.224808], [-92.197266, 27.226181], [-92.196579, 27.226181], [-92.196579, 27.226868], [-92.195892, 27.226868], [-92.195892, 27.227554], [-92.195206, 27.227554], [-92.195206, 27.228241], [-92.194519, 27.228241], [-92.194519, 27.228928], [-92.193146, 27.228928], [-92.193146, 27.229614], [-92.192459, 27.229614], [-92.192459, 27.230301], [-92.191772, 27.230301], [-92.191772, 27.228928], [-92.191086, 27.228928], [-92.191086, 27.228241], [-92.190399, 27.228241], [-92.190399, 27.228928], [-92.189713, 27.228928], [-92.189713, 27.229614], [-92.190399, 27.229614], [-92.190399, 27.230301], [-92.188339, 27.230301], [-92.188339, 27.230988], [-92.187653, 27.230988], [-92.187653, 27.230301], [-92.186279, 27.230301], [-92.186279, 27.231674], [-92.184219, 27.231674], [-92.184219, 27.232361], [-92.183533, 27.232361], [-92.183533, 27.233734], [-92.182159, 27.233734], [-92.182159, 27.234421], [-92.180786, 27.234421], [-92.180786, 27.235107], [-92.180099, 27.235107], [-92.180099, 27.235794], [-92.17804, 27.235794], [-92.17804, 27.236481], [-92.177353, 27.236481], [-92.177353, 27.237854], [-92.17598, 27.237854], [-92.17598, 27.237167], [-92.175293, 27.237167], [-92.175293, 27.236481], [-92.172546, 27.236481], [-92.172546, 27.233734], [-92.173233, 27.233734], [-92.173233, 27.232361], [-92.17392, 27.232361], [-92.17392, 27.231674], [-92.174606, 27.231674], [-92.174606, 27.229614], [-92.175293, 27.229614], [-92.175293, 27.228928], [-92.17598, 27.228928], [-92.17598, 27.227554], [-92.177353, 27.227554], [-92.177353, 27.226181], [-92.176666, 27.226181], [-92.176666, 27.224808], [-92.177353, 27.224808], [-92.177353, 27.224121], [-92.17804, 27.224121], [-92.17804, 27.222748], [-92.178726, 27.222748], [-92.178726, 27.223434], [-92.179413, 27.223434], [-92.179413, 27.224121], [-92.180786, 27.224121], [-92.180786, 27.229614], [-92.181473, 27.229614], [-92.181473, 27.228928], [-92.182159, 27.228928], [-92.182159, 27.228241], [-92.183533, 27.228241], [-92.183533, 27.227554], [-92.184219, 27.227554], [-92.184219, 27.226181], [-92.184906, 27.226181], [-92.184906, 27.225494], [-92.185593, 27.225494], [-92.185593, 27.224808], [-92.186279, 27.224808], [-92.186279, 27.224121], [-92.186966, 27.224121], [-92.186966, 27.223434], [-92.187653, 27.223434], [-92.187653, 27.221375], [-92.188339, 27.221375], [-92.188339, 27.220688], [-92.189026, 27.220688], [-92.189026, 27.220001], [-92.189713, 27.220001], [-92.189713, 27.219315], [-92.191086, 27.219315], [-92.191086, 27.218628], [-92.190399, 27.218628], [-92.190399, 27.217255], [-92.191086, 27.217255], [-92.191086, 27.215881], [-92.191772, 27.215881], [-92.191772, 27.215195], [-92.192459, 27.215195], [-92.192459, 27.214508], [-92.193146, 27.214508], [-92.193146, 27.212448], [-92.193832, 27.212448], [-92.193832, 27.211761], [-92.194519, 27.211761], [-92.194519, 27.210388], [-92.195892, 27.210388], [-92.195892, 27.209702], [-92.197266, 27.209702], [-92.197266, 27.207642], [-92.197952, 27.207642], [-92.197952, 27.208328], [-92.200012, 27.208328], [-92.200012, 27.207642], [-92.200699, 27.207642], [-92.200699, 27.206955], [-92.201385, 27.206955], [-92.201385, 27.206268], [-92.203445, 27.206268], [-92.203445, 27.205582], [-92.204132, 27.205582], [-92.204132, 27.204208], [-92.204819, 27.204208], [-92.204819, 27.203522], [-92.205505, 27.203522], [-92.205505, 27.201462], [-92.206192, 27.201462], [-92.206192, 27.200775], [-92.206879, 27.200775], [-92.206879, 27.200089], [-92.208252, 27.200089], [-92.208252, 27.199402], [-92.209625, 27.199402], [-92.209625, 27.198715], [-92.210312, 27.198715], [-92.210312, 27.197342], [-92.211685, 27.197342], [-92.211685, 27.196655], [-92.210999, 27.196655], [-92.210999, 27.195282], [-92.211685, 27.195282], [-92.211685, 27.193909], [-92.212372, 27.193909], [-92.212372, 27.192535], [-92.213058, 27.192535], [-92.213058, 27.191849], [-92.212372, 27.191849], [-92.212372, 27.191162], [-92.213058, 27.191162], [-92.213058, 27.190475], [-92.213745, 27.190475], [-92.213745, 27.187729], [-92.214432, 27.187729], [-92.214432, 27.186356], [-92.215118, 27.186356], [-92.215118, 27.185669], [-92.215805, 27.185669], [-92.215805, 27.183609], [-92.214432, 27.183609], [-92.214432, 27.180176], [-92.213745, 27.180176], [-92.213745, 27.179489], [-92.213058, 27.179489], [-92.213058, 27.178802], [-92.212372, 27.178802], [-92.212372, 27.178116], [-92.211685, 27.178116], [-92.211685, 27.177429], [-92.209625, 27.177429], [-92.209625, 27.176743], [-92.208939, 27.176743], [-92.208939, 27.177429], [-92.207565, 27.177429], [-92.207565, 27.176743], [-92.206879, 27.176743], [-92.206879, 27.173996], [-92.206192, 27.173996], [-92.206192, 27.173309], [-92.205505, 27.173309], [-92.205505, 27.171249], [-92.206192, 27.171249], [-92.206192, 27.171936], [-92.206879, 27.171936], [-92.206879, 27.172623], [-92.207565, 27.172623], [-92.207565, 27.173996], [-92.209625, 27.173996], [-92.209625, 27.173309], [-92.210312, 27.173309], [-92.210312, 27.173996], [-92.210999, 27.173996], [-92.210999, 27.174683], [-92.212372, 27.174683], [-92.212372, 27.175369], [-92.213745, 27.175369], [-92.213745, 27.176743], [-92.214432, 27.176743], [-92.214432, 27.177429], [-92.215805, 27.177429], [-92.215805, 27.178116], [-92.216492, 27.178116], [-92.216492, 27.178802], [-92.217178, 27.178802], [-92.217178, 27.179489], [-92.217865, 27.179489], [-92.217865, 27.180176], [-92.217178, 27.180176], [-92.217178, 27.182236], [-92.217865, 27.182236], [-92.217865, 27.184296], [-92.217178, 27.184296], [-92.217178, 27.185669], [-92.216492, 27.185669], [-92.216492, 27.187042], [-92.215805, 27.187042], [-92.215805, 27.189102], [-92.215118, 27.189102], [-92.215118, 27.189789], [-92.214432, 27.189789], [-92.214432, 27.191162], [-92.215118, 27.191162], [-92.215118, 27.192535], [-92.214432, 27.192535], [-92.214432, 27.193909], [-92.215805, 27.193909], [-92.215805, 27.194595], [-92.216492, 27.194595], [-92.216492, 27.195969], [-92.217865, 27.195969], [-92.217865, 27.195282], [-92.218552, 27.195282], [-92.218552, 27.194595], [-92.219238, 27.194595], [-92.219238, 27.193909], [-92.219925, 27.193909], [-92.219925, 27.193222], [-92.221298, 27.193222], [-92.221298, 27.192535], [-92.224045, 27.192535], [-92.224045, 27.191849], [-92.224731, 27.191849], [-92.224731, 27.192535], [-92.225418, 27.192535], [-92.225418, 27.193222], [-92.228851, 27.193222], [-92.228851, 27.192535], [-92.230911, 27.192535], [-92.230911, 27.191849], [-92.232285, 27.191849], [-92.232285, 27.190475], [-92.234344, 27.190475], [-92.234344, 27.189789], [-92.235031, 27.189789], [-92.235031, 27.190475], [-92.235718, 27.190475], [-92.235718, 27.189789], [-92.236404, 27.189789], [-92.236404, 27.189102], [-92.237091, 27.189102], [-92.237091, 27.187729], [-92.241898, 27.187729], [-92.241898, 27.187042], [-92.243271, 27.187042], [-92.243271, 27.186356], [-92.243958, 27.186356], [-92.243958, 27.183609], [-92.244644, 27.183609], [-92.244644, 27.184296], [-92.245331, 27.184296], [-92.245331, 27.184982], [-92.246704, 27.184982], [-92.246704, 27.183609], [-92.247391, 27.183609], [-92.247391, 27.180862], [-92.246017, 27.180862], [-92.246017, 27.180176], [-92.247391, 27.180176], [-92.247391, 27.178802], [-92.248077, 27.178802], [-92.248077, 27.177429], [-92.247391, 27.177429], [-92.247391, 27.176743], [-92.246704, 27.176743], [-92.246704, 27.175369], [-92.248077, 27.175369], [-92.248077, 27.174683], [-92.248764, 27.174683], [-92.248764, 27.173996], [-92.250137, 27.173996], [-92.250137, 27.173309], [-92.252884, 27.173309], [-92.252884, 27.172623], [-92.253571, 27.172623], [-92.253571, 27.173996], [-92.254257, 27.173996], [-92.254257, 27.173309], [-92.254944, 27.173309], [-92.254944, 27.174683], [-92.256317, 27.174683], [-92.256317, 27.176056], [-92.25563, 27.176056], [-92.25563, 27.176743], [-92.256317, 27.176743], [-92.256317, 27.177429], [-92.257004, 27.177429], [-92.257004, 27.178116], [-92.256317, 27.178116], [-92.256317, 27.178802], [-92.25563, 27.178802], [-92.25563, 27.180176], [-92.254944, 27.180176], [-92.254944, 27.181549], [-92.25563, 27.181549], [-92.25563, 27.184296], [-92.256317, 27.184296], [-92.256317, 27.184982], [-92.25769, 27.184982], [-92.25769, 27.187042], [-92.258377, 27.187042], [-92.258377, 27.188416], [-92.259064, 27.188416], [-92.259064, 27.191162], [-92.261124, 27.191162], [-92.261124, 27.190475], [-92.26181, 27.190475], [-92.26181, 27.191162], [-92.262497, 27.191162], [-92.262497, 27.191849], [-92.261124, 27.191849], [-92.261124, 27.193909], [-92.26181, 27.193909], [-92.26181, 27.194595], [-92.263184, 27.194595], [-92.263184, 27.195969], [-92.26387, 27.195969], [-92.26387, 27.196655], [-92.264557, 27.196655], [-92.264557, 27.197342], [-92.265244, 27.197342], [-92.265244, 27.198029], [-92.266617, 27.198029], [-92.266617, 27.198715], [-92.267303, 27.198715], [-92.267303, 27.200089], [-92.271423, 27.200089], [-92.271423, 27.199402], [-92.273483, 27.199402], [-92.273483, 27.200089], [-92.274857, 27.200089], [-92.274857, 27.200775], [-92.275543, 27.200775], [-92.275543, 27.201462], [-92.27623, 27.201462], [-92.27623, 27.202148], [-92.276917, 27.202148], [-92.276917, 27.202835], [-92.277603, 27.202835], [-92.277603, 27.203522], [-92.278976, 27.203522], [-92.278976, 27.204208], [-92.28035, 27.204208], [-92.28035, 27.204895], [-92.281036, 27.204895], [-92.281036, 27.205582], [-92.281723, 27.205582], [-92.281723, 27.206268], [-92.28241, 27.206268], [-92.28241, 27.206955], [-92.283783, 27.206955], [-92.283783, 27.209015], [-92.28241, 27.209015], [-92.28241, 27.209702], [-92.283096, 27.209702], [-92.283096, 27.210388], [-92.283783, 27.210388], [-92.283783, 27.211075], [-92.28447, 27.211075], [-92.28447, 27.211761], [-92.285843, 27.211761], [-92.285843, 27.213135], [-92.287216, 27.213135], [-92.287216, 27.214508], [-92.287903, 27.214508], [-92.287903, 27.215195], [-92.288589, 27.215195], [-92.288589, 27.216568], [-92.290649, 27.216568], [-92.290649, 27.217255], [-92.289963, 27.217255], [-92.289963, 27.217941], [-92.289276, 27.217941], [-92.289276, 27.220001], [-92.288589, 27.220001], [-92.288589, 27.220688], [-92.289276, 27.220688], [-92.289276, 27.221375], [-92.289963, 27.221375], [-92.289963, 27.222748], [-92.289276, 27.222748], [-92.289276, 27.224808], [-92.288589, 27.224808], [-92.288589, 27.225494], [-92.287903, 27.225494], [-92.287903, 27.226181], [-92.287216, 27.226181], [-92.287216, 27.225494], [-92.28653, 27.225494], [-92.28653, 27.224808], [-92.283783, 27.224808], [-92.283783, 27.224121], [-92.28241, 27.224121], [-92.28241, 27.223434], [-92.281723, 27.223434], [-92.281723, 27.222061], [-92.281036, 27.222061], [-92.281036, 27.221375], [-92.28035, 27.221375], [-92.28035, 27.220688], [-92.279663, 27.220688], [-92.279663, 27.220001], [-92.278976, 27.220001], [-92.278976, 27.219315], [-92.27829, 27.219315]], [[-92.243271, 27.190475], [-92.243271, 27.187729], [-92.242584, 27.187729], [-92.242584, 27.188416], [-92.241898, 27.188416], [-92.241898, 27.189789], [-92.242584, 27.189789], [-92.242584, 27.190475], [-92.243271, 27.190475]], [[-92.254257, 27.176056], [-92.254257, 27.175369], [-92.253571, 27.175369], [-92.253571, 27.176056], [-92.254257, 27.176056]], [[-92.257004, 27.189789], [-92.257004, 27.189102], [-92.256317, 27.189102], [-92.256317, 27.189789], [-92.257004, 27.189789]], [[-92.265244, 27.206268], [-92.265244, 27.205582], [-92.268677, 27.205582], [-92.268677, 27.204895], [-92.270737, 27.204895], [-92.270737, 27.203522], [-92.27005, 27.203522], [-92.27005, 27.202835], [-92.26799, 27.202835], [-92.26799, 27.203522], [-92.266617, 27.203522], [-92.266617, 27.202835], [-92.265244, 27.202835], [-92.265244, 27.202148], [-92.26387, 27.202148], [-92.26387, 27.200775], [-92.263184, 27.200775], [-92.263184, 27.202835], [-92.262497, 27.202835], [-92.262497, 27.203522], [-92.26181, 27.203522], [-92.26181, 27.202835], [-92.261124, 27.202835], [-92.261124, 27.202148], [-92.26181, 27.202148], [-92.26181, 27.200089], [-92.261124, 27.200089], [-92.261124, 27.199402], [-92.260437, 27.199402], [-92.260437, 27.198715], [-92.258377, 27.198715], [-92.258377, 27.200775], [-92.25769, 27.200775], [-92.25769, 27.202148], [-92.258377, 27.202148], [-92.258377, 27.202835], [-92.259064, 27.202835], [-92.259064, 27.203522], [-92.261124, 27.203522], [-92.261124, 27.204208], [-92.26181, 27.204208], [-92.26181, 27.204895], [-92.26387, 27.204895], [-92.26387, 27.205582], [-92.264557, 27.205582], [-92.264557, 27.206268], [-92.265244, 27.206268]], [[-92.260437, 27.198029], [-92.260437, 27.197342], [-92.25975, 27.197342], [-92.25975, 27.198029], [-92.260437, 27.198029]], [[-92.26181, 27.198029], [-92.26181, 27.197342], [-92.261124, 27.197342], [-92.261124, 27.198029], [-92.26181, 27.198029]], [[-92.268677, 27.212448], [-92.268677, 27.211761], [-92.269363, 27.211761], [-92.269363, 27.211075], [-92.26799, 27.211075], [-92.26799, 27.210388], [-92.266617, 27.210388], [-92.266617, 27.211075], [-92.26593, 27.211075], [-92.26593, 27.211761], [-92.26799, 27.211761], [-92.26799, 27.212448], [-92.268677, 27.212448]], [[-92.270737, 27.212448], [-92.270737, 27.211761], [-92.27005, 27.211761], [-92.27005, 27.212448], [-92.270737, 27.212448]], [[-92.281723, 27.220001], [-92.281723, 27.218628], [-92.281036, 27.218628], [-92.281036, 27.220001], [-92.281723, 27.220001]]], [[[-92.205505, 27.171249], [-92.204819, 27.171249], [-92.204819, 27.170563], [-92.205505, 27.170563], [-92.205505, 27.171249]]], [[[-92.204819, 27.170563], [-92.204132, 27.170563], [-92.204132, 27.168503], [-92.203445, 27.168503], [-92.203445, 27.167816], [-92.204819, 27.167816], [-92.204819, 27.170563]]], [[[-92.252884, 27.172623], [-92.252197, 27.172623], [-92.252197, 27.171936], [-92.252884, 27.171936], [-92.252884, 27.172623]]], [[[-92.17804, 26.998901], [-92.177353, 26.998901], [-92.177353, 26.997528], [-92.17804, 26.997528], [-92.17804, 26.998901]]], [[[-92.177353, 26.997528], [-92.17598, 26.997528], [-92.17598, 26.996155], [-92.175293, 26.996155], [-92.175293, 26.993408], [-92.17598, 26.993408], [-92.17598, 26.995468], [-92.177353, 26.995468], [-92.177353, 26.997528]]], [[[-92.175293, 26.993408], [-92.174606, 26.993408], [-92.174606, 26.992722], [-92.175293, 26.992722], [-92.175293, 26.993408]]], [[[-92.174606, 26.992722], [-92.173233, 26.992722], [-92.173233, 26.992035], [-92.172546, 26.992035], [-92.172546, 26.991348], [-92.17392, 26.991348], [-92.17392, 26.992035], [-92.174606, 26.992035], [-92.174606, 26.992722]]], [[[-92.174606, 27.119064], [-92.17392, 27.119064], [-92.17392, 27.118378], [-92.174606, 27.118378], [-92.174606, 27.119064]]], [[[-92.176666, 27.004395], [-92.17598, 27.004395], [-92.17598, 27.003708], [-92.176666, 27.003708], [-92.176666, 27.004395]]], [[[-92.178726, 27.209015], [-92.17804, 27.209015], [-92.17804, 27.205582], [-92.178726, 27.205582], [-92.178726, 27.204895], [-92.179413, 27.204895], [-92.179413, 27.207642], [-92.178726, 27.207642], [-92.178726, 27.209015]]], [[[-92.17804, 27.209015], [-92.17804, 27.210388], [-92.177353, 27.210388], [-92.177353, 27.211075], [-92.17598, 27.211075], [-92.17598, 27.210388], [-92.176666, 27.210388], [-92.176666, 27.209702], [-92.177353, 27.209702], [-92.177353, 27.209015], [-92.17804, 27.209015]]], [[[-92.176666, 26.988602], [-92.17598, 26.988602], [-92.17598, 26.987915], [-92.176666, 26.987915], [-92.176666, 26.988602]]], [[[-92.178726, 27.000961], [-92.17804, 27.000961], [-92.17804, 27.000275], [-92.178726, 27.000275], [-92.178726, 27.000961]]], [[[-92.17804, 27.000961], [-92.17804, 27.001648], [-92.177353, 27.001648], [-92.177353, 27.000961], [-92.17804, 27.000961]]], [[[-92.184219, 27.214508], [-92.183533, 27.214508], [-92.183533, 27.213821], [-92.182159, 27.213821], [-92.182159, 27.214508], [-92.178726, 27.214508], [-92.178726, 27.211761], [-92.179413, 27.211761], [-92.179413, 27.211075], [-92.180786, 27.211075], [-92.180786, 27.209702], [-92.181473, 27.209702], [-92.181473, 27.203522], [-92.182159, 27.203522], [-92.182159, 27.200775], [-92.181473, 27.200775], [-92.181473, 27.198715], [-92.182159, 27.198715], [-92.182159, 27.196655], [-92.182846, 27.196655], [-92.182846, 27.195969], [-92.183533, 27.195969], [-92.183533, 27.194595], [-92.184906, 27.194595], [-92.184906, 27.192535], [-92.183533, 27.192535], [-92.183533, 27.191162], [-92.182846, 27.191162], [-92.182846, 27.190475], [-92.181473, 27.190475], [-92.181473, 27.187042], [-92.186279, 27.187042], [-92.186279, 27.185669], [-92.188339, 27.185669], [-92.188339, 27.187042], [-92.187653, 27.187042], [-92.187653, 27.187729], [-92.189026, 27.187729], [-92.189026, 27.189102], [-92.188339, 27.189102], [-92.188339, 27.191162], [-92.190399, 27.191162], [-92.190399, 27.192535], [-92.191086, 27.192535], [-92.191086, 27.195282], [-92.190399, 27.195282], [-92.190399, 27.196655], [-92.189713, 27.196655], [-92.189713, 27.198715], [-92.189026, 27.198715], [-92.189026, 27.200089], [-92.188339, 27.200089], [-92.188339, 27.200775], [-92.187653, 27.200775], [-92.187653, 27.202835], [-92.186966, 27.202835], [-92.186966, 27.204208], [-92.187653, 27.204208], [-92.187653, 27.204895], [-92.186966, 27.204895], [-92.186966, 27.206268], [-92.186279, 27.206268], [-92.186279, 27.209702], [-92.185593, 27.209702], [-92.185593, 27.211075], [-92.184906, 27.211075], [-92.184906, 27.213135], [-92.184219, 27.213135], [-92.184219, 27.214508]], [[-92.184219, 27.211761], [-92.184219, 27.211075], [-92.183533, 27.211075], [-92.183533, 27.211761], [-92.184219, 27.211761]]], [[[-92.181473, 27.007141], [-92.180099, 27.007141], [-92.180099, 27.005081], [-92.180786, 27.005081], [-92.180786, 27.004395], [-92.181473, 27.004395], [-92.181473, 27.005081], [-92.182846, 27.005081], [-92.182846, 27.005768], [-92.181473, 27.005768], [-92.181473, 27.007141]]], [[[-92.182159, 26.906891], [-92.181473, 26.906891], [-92.181473, 26.906204], [-92.182159, 26.906204], [-92.182159, 26.906891]]], [[[-92.181473, 26.906891], [-92.181473, 26.908264], [-92.180786, 26.908264], [-92.180786, 26.906891], [-92.181473, 26.906891]]], [[[-92.182159, 27.298965], [-92.181473, 27.298965], [-92.181473, 27.297592], [-92.182159, 27.297592], [-92.182159, 27.298965]]], [[[-92.184906, 26.92131], [-92.183533, 26.92131], [-92.183533, 26.917191], [-92.184219, 26.917191], [-92.184219, 26.91925], [-92.184906, 26.91925], [-92.184906, 26.92131]]], [[[-92.183533, 26.917191], [-92.182159, 26.917191], [-92.182159, 26.914444], [-92.183533, 26.914444], [-92.183533, 26.915131], [-92.184219, 26.915131], [-92.184219, 26.915817], [-92.183533, 26.915817], [-92.183533, 26.917191]]], [[[-92.183533, 26.914444], [-92.183533, 26.913071], [-92.184219, 26.913071], [-92.184219, 26.914444], [-92.183533, 26.914444]]], [[[-92.183533, 26.913071], [-92.182159, 26.913071], [-92.182159, 26.912384], [-92.182846, 26.912384], [-92.182846, 26.911697], [-92.183533, 26.911697], [-92.183533, 26.911011], [-92.184219, 26.911011], [-92.184219, 26.908264], [-92.184906, 26.908264], [-92.184906, 26.906891], [-92.185593, 26.906891], [-92.185593, 26.910324], [-92.184906, 26.910324], [-92.184906, 26.911697], [-92.184219, 26.911697], [-92.184219, 26.912384], [-92.183533, 26.912384], [-92.183533, 26.913071]]], [[[-92.189713, 27.011261], [-92.188339, 27.011261], [-92.188339, 27.010574], [-92.186966, 27.010574], [-92.186966, 27.009201], [-92.186279, 27.009201], [-92.186279, 27.008514], [-92.185593, 27.008514], [-92.185593, 27.007828], [-92.184906, 27.007828], [-92.184906, 27.005768], [-92.185593, 27.005768], [-92.185593, 27.006454], [-92.186279, 27.006454], [-92.186279, 27.007828], [-92.186966, 27.007828], [-92.186966, 27.008514], [-92.188339, 27.008514], [-92.188339, 27.009888], [-92.189713, 27.009888], [-92.189713, 27.011261]]], [[[-92.184906, 27.005768], [-92.183533, 27.005768], [-92.183533, 27.005081], [-92.184906, 27.005081], [-92.184906, 27.005768]]], [[[-92.186279, 26.906204], [-92.184906, 26.906204], [-92.184906, 26.905518], [-92.186279, 26.905518], [-92.186279, 26.906204]]], [[[-92.189713, 26.992035], [-92.188339, 26.992035], [-92.188339, 26.991348], [-92.189026, 26.991348], [-92.189026, 26.990662], [-92.188339, 26.990662], [-92.188339, 26.989288], [-92.189026, 26.989288], [-92.189026, 26.988602], [-92.189713, 26.988602], [-92.189713, 26.990662], [-92.190399, 26.990662], [-92.190399, 26.991348], [-92.189713, 26.991348], [-92.189713, 26.992035]]], [[[-92.189713, 27.297592], [-92.189026, 27.297592], [-92.189026, 27.296906], [-92.189713, 27.296906], [-92.189713, 27.297592]]], [[[-92.194519, 27.003708], [-92.193832, 27.003708], [-92.193832, 27.001648], [-92.193146, 27.001648], [-92.193146, 26.998901], [-92.193832, 26.998901], [-92.193832, 26.999588], [-92.194519, 26.999588], [-92.194519, 27.000961], [-92.195206, 27.000961], [-92.195206, 27.002335], [-92.194519, 27.002335], [-92.194519, 27.003708]]], [[[-92.193146, 27.001648], [-92.193146, 27.002335], [-92.192459, 27.002335], [-92.192459, 27.001648], [-92.193146, 27.001648]]], [[[-92.192459, 27.002335], [-92.192459, 27.005081], [-92.191086, 27.005081], [-92.191086, 27.004395], [-92.190399, 27.004395], [-92.190399, 27.003708], [-92.189713, 27.003708], [-92.189713, 27.003021], [-92.189026, 27.003021], [-92.189026, 27.001648], [-92.190399, 27.001648], [-92.190399, 27.002335], [-92.192459, 27.002335]]], [[[-92.190399, 27.186356], [-92.189713, 27.186356], [-92.189713, 27.185669], [-92.190399, 27.185669], [-92.190399, 27.186356]]], [[[-92.199326, 27.000961], [-92.198639, 27.000961], [-92.198639, 27.000275], [-92.197266, 27.000275], [-92.197266, 26.998901], [-92.196579, 26.998901], [-92.196579, 26.997528], [-92.195892, 26.997528], [-92.195892, 26.996841], [-92.196579, 26.996841], [-92.196579, 26.996155], [-92.195892, 26.996155], [-92.195892, 26.995468], [-92.195206, 26.995468], [-92.195206, 26.994781], [-92.197266, 26.994781], [-92.197266, 26.994095], [-92.197952, 26.994095], [-92.197952, 26.992722], [-92.197266, 26.992722], [-92.197266, 26.989975], [-92.196579, 26.989975], [-92.196579, 26.989288], [-92.195892, 26.989288], [-92.195892, 26.988602], [-92.195206, 26.988602], [-92.195206, 26.987915], [-92.193146, 26.987915], [-92.193146, 26.989288], [-92.193832, 26.989288], [-92.193832, 26.991348], [-92.193146, 26.991348], [-92.193146, 26.993408], [-92.192459, 26.993408], [-92.192459, 26.994095], [-92.193146, 26.994095], [-92.193146, 26.995468], [-92.192459, 26.995468], [-92.192459, 26.996155], [-92.191772, 26.996155], [-92.191772, 26.994781], [-92.191086, 26.994781], [-92.191086, 26.993408], [-92.191772, 26.993408], [-92.191772, 26.992035], [-92.192459, 26.992035], [-92.192459, 26.991348], [-92.191772, 26.991348], [-92.191772, 26.987915], [-92.191086, 26.987915], [-92.191086, 26.987228], [-92.190399, 26.987228], [-92.190399, 26.985855], [-92.191086, 26.985855], [-92.191086, 26.985168], [-92.191772, 26.985168], [-92.191772, 26.984482], [-92.190399, 26.984482], [-92.190399, 26.983795], [-92.192459, 26.983795], [-92.192459, 26.984482], [-92.193146, 26.984482], [-92.193146, 26.985855], [-92.193832, 26.985855], [-92.193832, 26.986542], [-92.196579, 26.986542], [-92.196579, 26.987915], [-92.197266, 26.987915], [-92.197266, 26.988602], [-92.197952, 26.988602], [-92.197952, 26.990662], [-92.198639, 26.990662], [-92.198639, 26.992035], [-92.199326, 26.992035], [-92.199326, 26.992722], [-92.200012, 26.992722], [-92.200012, 26.993408], [-92.200699, 26.993408], [-92.200699, 26.995468], [-92.202072, 26.995468], [-92.202072, 26.996155], [-92.202759, 26.996155], [-92.202759, 26.999588], [-92.201385, 26.999588], [-92.201385, 26.997528], [-92.200699, 26.997528], [-92.200699, 26.996155], [-92.200012, 26.996155], [-92.200012, 26.998215], [-92.199326, 26.998215], [-92.199326, 27.000961]]], [[[-92.192459, 26.996155], [-92.193146, 26.996155], [-92.193146, 26.997528], [-92.192459, 26.997528], [-92.192459, 26.996155]]], [[[-92.191772, 27.013321], [-92.190399, 27.013321], [-92.190399, 27.012634], [-92.191772, 27.012634], [-92.191772, 27.013321]]], [[[-92.192459, 27.187042], [-92.191086, 27.187042], [-92.191086, 27.185669], [-92.192459, 27.185669], [-92.192459, 27.187042]]], [[[-92.194519, 27.017441], [-92.193146, 27.017441], [-92.193146, 27.016068], [-92.192459, 27.016068], [-92.192459, 27.014008], [-92.193146, 27.014008], [-92.193146, 27.015381], [-92.193832, 27.015381], [-92.193832, 27.016754], [-92.194519, 27.016754], [-92.194519, 27.017441]]], [[[-92.208939, 27.038727], [-92.207565, 27.038727], [-92.207565, 27.03804], [-92.206879, 27.03804], [-92.206879, 27.036667], [-92.205505, 27.036667], [-92.205505, 27.034607], [-92.204819, 27.034607], [-92.204819, 27.03392], [-92.205505, 27.03392], [-92.205505, 27.033234], [-92.204819, 27.033234], [-92.204819, 27.032547], [-92.204132, 27.032547], [-92.204132, 27.030487], [-92.203445, 27.030487], [-92.203445, 27.028427], [-92.202759, 27.028427], [-92.202759, 27.026367], [-92.201385, 27.026367], [-92.201385, 27.024994], [-92.200699, 27.024994], [-92.200699, 27.023621], [-92.200012, 27.023621], [-92.200012, 27.022934], [-92.199326, 27.022934], [-92.199326, 27.021561], [-92.198639, 27.021561], [-92.198639, 27.020874], [-92.197952, 27.020874], [-92.197952, 27.020187], [-92.197266, 27.020187], [-92.197266, 27.019501], [-92.196579, 27.019501], [-92.196579, 27.018127], [-92.195206, 27.018127], [-92.195206, 27.016754], [-92.197266, 27.016754], [-92.197266, 27.018127], [-92.197952, 27.018127], [-92.197952, 27.018814], [-92.198639, 27.018814], [-92.198639, 27.019501], [-92.200012, 27.019501], [-92.200012, 27.020874], [-92.200699, 27.020874], [-92.200699, 27.022934], [-92.201385, 27.022934], [-92.201385, 27.024307], [-92.202072, 27.024307], [-92.202072, 27.024994], [-92.202759, 27.024994], [-92.202759, 27.025681], [-92.203445, 27.025681], [-92.203445, 27.027054], [-92.204132, 27.027054], [-92.204132, 27.0298], [-92.204819, 27.0298], [-92.204819, 27.030487], [-92.205505, 27.030487], [-92.205505, 27.03186], [-92.206192, 27.03186], [-92.206192, 27.033234], [-92.206879, 27.033234], [-92.206879, 27.03598], [-92.207565, 27.03598], [-92.207565, 27.036667], [-92.208252, 27.036667], [-92.208252, 27.037354], [-92.208939, 27.037354], [-92.208939, 27.038727]]], [[[-92.200699, 27.159576], [-92.200012, 27.159576], [-92.200012, 27.156143], [-92.200699, 27.156143], [-92.200699, 27.155457], [-92.201385, 27.155457], [-92.201385, 27.153397], [-92.200699, 27.153397], [-92.200699, 27.152023], [-92.201385, 27.152023], [-92.201385, 27.15065], [-92.202072, 27.15065], [-92.202072, 27.149963], [-92.202759, 27.149963], [-92.202759, 27.15065], [-92.204132, 27.15065], [-92.204132, 27.149963], [-92.204819, 27.149963], [-92.204819, 27.149277], [-92.206879, 27.149277], [-92.206879, 27.149963], [-92.208939, 27.149963], [-92.208939, 27.149277], [-92.210312, 27.149277], [-92.210312, 27.14859], [-92.210999, 27.14859], [-92.210999, 27.149963], [-92.211685, 27.149963], [-92.211685, 27.151337], [-92.207565, 27.151337], [-92.207565, 27.152023], [-92.206879, 27.152023], [-92.206879, 27.15271], [-92.204819, 27.15271], [-92.204819, 27.153397], [-92.204132, 27.153397], [-92.204132, 27.154083], [-92.203445, 27.154083], [-92.203445, 27.155457], [-92.202759, 27.155457], [-92.202759, 27.158203], [-92.201385, 27.158203], [-92.201385, 27.15889], [-92.200699, 27.15889], [-92.200699, 27.159576]]], [[[-92.200012, 27.159576], [-92.200012, 27.16095], [-92.198639, 27.16095], [-92.198639, 27.160263], [-92.199326, 27.160263], [-92.199326, 27.159576], [-92.200012, 27.159576]]], [[[-92.198639, 27.16095], [-92.198639, 27.161636], [-92.197266, 27.161636], [-92.197266, 27.16095], [-92.198639, 27.16095]]], [[[-92.198639, 27.084045], [-92.197952, 27.084045], [-92.197952, 27.083359], [-92.198639, 27.083359], [-92.198639, 27.084045]]], [[[-92.198639, 27.16301], [-92.197952, 27.16301], [-92.197952, 27.162323], [-92.198639, 27.162323], [-92.198639, 27.16301]]], [[[-92.25563, 27.15889], [-92.254944, 27.15889], [-92.254944, 27.16095], [-92.253571, 27.16095], [-92.253571, 27.162323], [-92.251511, 27.162323], [-92.251511, 27.16301], [-92.249451, 27.16301], [-92.249451, 27.163696], [-92.248764, 27.163696], [-92.248764, 27.16301], [-92.248077, 27.16301], [-92.248077, 27.161636], [-92.247391, 27.161636], [-92.247391, 27.16095], [-92.246017, 27.16095], [-92.246017, 27.160263], [-92.244644, 27.160263], [-92.244644, 27.159576], [-92.241898, 27.159576], [-92.241898, 27.15889], [-92.239838, 27.15889], [-92.239838, 27.158203], [-92.237091, 27.158203], [-92.237091, 27.157516], [-92.235718, 27.157516], [-92.235718, 27.156143], [-92.235031, 27.156143], [-92.235031, 27.155457], [-92.232971, 27.155457], [-92.232971, 27.15477], [-92.230225, 27.15477], [-92.230225, 27.154083], [-92.229538, 27.154083], [-92.229538, 27.153397], [-92.228851, 27.153397], [-92.228851, 27.15271], [-92.224731, 27.15271], [-92.224731, 27.152023], [-92.224045, 27.152023], [-92.224045, 27.151337], [-92.223358, 27.151337], [-92.223358, 27.15065], [-92.219925, 27.15065], [-92.219925, 27.149277], [-92.219238, 27.149277], [-92.219238, 27.14859], [-92.217865, 27.14859], [-92.217865, 27.149277], [-92.217178, 27.149277], [-92.217178, 27.151337], [-92.215805, 27.151337], [-92.215805, 27.149963], [-92.214432, 27.149963], [-92.214432, 27.14859], [-92.213058, 27.14859], [-92.213058, 27.14653], [-92.213745, 27.14653], [-92.213745, 27.145844], [-92.212372, 27.145844], [-92.212372, 27.143097], [-92.211685, 27.143097], [-92.211685, 27.14241], [-92.210999, 27.14241], [-92.210999, 27.141724], [-92.210312, 27.141724], [-92.210312, 27.13829], [-92.209625, 27.13829], [-92.209625, 27.134857], [-92.207565, 27.134857], [-92.207565, 27.136917], [-92.206879, 27.136917], [-92.206879, 27.13829], [-92.206192, 27.13829], [-92.206192, 27.138977], [-92.205505, 27.138977], [-92.205505, 27.136917], [-92.204819, 27.136917], [-92.204819, 27.13623], [-92.204132, 27.13623], [-92.204132, 27.135544], [-92.202759, 27.135544], [-92.202759, 27.13623], [-92.202072, 27.13623], [-92.202072, 27.136917], [-92.201385, 27.136917], [-92.201385, 27.134171], [-92.202072, 27.134171], [-92.202072, 27.133484], [-92.201385, 27.133484], [-92.201385, 27.131424], [-92.202072, 27.131424], [-92.202072, 27.130737], [-92.202759, 27.130737], [-92.202759, 27.130051], [-92.203445, 27.130051], [-92.203445, 27.125244], [-92.204132, 27.125244], [-92.204132, 27.123871], [-92.204819, 27.123871], [-92.204819, 27.123184], [-92.204132, 27.123184], [-92.204132, 27.122498], [-92.202759, 27.122498], [-92.202759, 27.123871], [-92.202072, 27.123871], [-92.202072, 27.125244], [-92.201385, 27.125244], [-92.201385, 27.125931], [-92.200699, 27.125931], [-92.200699, 27.126617], [-92.200012, 27.126617], [-92.200012, 27.127304], [-92.199326, 27.127304], [-92.199326, 27.128677], [-92.198639, 27.128677], [-92.198639, 27.129364], [-92.197952, 27.129364], [-92.197952, 27.126617], [-92.198639, 27.126617], [-92.198639, 27.125931], [-92.199326, 27.125931], [-92.199326, 27.123871], [-92.200012, 27.123871], [-92.200012, 27.121811], [-92.200699, 27.121811], [-92.200699, 27.120438], [-92.201385, 27.120438], [-92.201385, 27.119064], [-92.202072, 27.119064], [-92.202072, 27.118378], [-92.202759, 27.118378], [-92.202759, 27.117691], [-92.201385, 27.117691], [-92.201385, 27.117004], [-92.202072, 27.117004], [-92.202072, 27.116318], [-92.202759, 27.116318], [-92.202759, 27.114944], [-92.203445, 27.114944], [-92.203445, 27.114258], [-92.202759, 27.114258], [-92.202759, 27.112885], [-92.203445, 27.112885], [-92.203445, 27.111511], [-92.204132, 27.111511], [-92.204132, 27.104645], [-92.204819, 27.104645], [-92.204819, 27.098465], [-92.202759, 27.098465], [-92.202759, 27.097778], [-92.203445, 27.097778], [-92.203445, 27.096405], [-92.204132, 27.096405], [-92.204132, 27.095718], [-92.204819, 27.095718], [-92.204819, 27.095032], [-92.205505, 27.095032], [-92.205505, 27.095718], [-92.206192, 27.095718], [-92.206192, 27.096405], [-92.206879, 27.096405], [-92.206879, 27.097092], [-92.207565, 27.097092], [-92.207565, 27.097778], [-92.208939, 27.097778], [-92.208939, 27.099838], [-92.209625, 27.099838], [-92.209625, 27.100525], [-92.210312, 27.100525], [-92.210312, 27.101212], [-92.210999, 27.101212], [-92.210999, 27.103271], [-92.211685, 27.103271], [-92.211685, 27.103958], [-92.212372, 27.103958], [-92.212372, 27.106018], [-92.213058, 27.106018], [-92.213058, 27.106705], [-92.214432, 27.106705], [-92.214432, 27.107391], [-92.215805, 27.107391], [-92.215805, 27.108765], [-92.216492, 27.108765], [-92.216492, 27.109451], [-92.217178, 27.109451], [-92.217178, 27.110138], [-92.217865, 27.110138], [-92.217865, 27.110825], [-92.219925, 27.110825], [-92.219925, 27.110138], [-92.220612, 27.110138], [-92.220612, 27.109451], [-92.221985, 27.109451], [-92.221985, 27.108765], [-92.222672, 27.108765], [-92.222672, 27.107391], [-92.223358, 27.107391], [-92.223358, 27.104645], [-92.224045, 27.104645], [-92.224045, 27.101212], [-92.224731, 27.101212], [-92.224731, 27.099838], [-92.225418, 27.099838], [-92.225418, 27.098465], [-92.226105, 27.098465], [-92.226105, 27.097778], [-92.227478, 27.097778], [-92.227478, 27.097092], [-92.228165, 27.097092], [-92.228165, 27.096405], [-92.228851, 27.096405], [-92.228851, 27.095718], [-92.229538, 27.095718], [-92.229538, 27.094345], [-92.230225, 27.094345], [-92.230225, 27.092972], [-92.230911, 27.092972], [-92.230911, 27.092285], [-92.231598, 27.092285], [-92.231598, 27.091599], [-92.236404, 27.091599], [-92.236404, 27.092285], [-92.237778, 27.092285], [-92.237778, 27.094345], [-92.238464, 27.094345], [-92.238464, 27.095032], [-92.239151, 27.095032], [-92.239151, 27.094345], [-92.241211, 27.094345], [-92.241211, 27.095032], [-92.241898, 27.095032], [-92.241898, 27.095718], [-92.246017, 27.095718], [-92.246017, 27.095032], [-92.248764, 27.095032], [-92.248764, 27.094345], [-92.249451, 27.094345], [-92.249451, 27.095032], [-92.252197, 27.095032], [-92.252197, 27.094345], [-92.256317, 27.094345], [-92.256317, 27.092285], [-92.25769, 27.092285], [-92.25769, 27.091599], [-92.258377, 27.091599], [-92.258377, 27.090912], [-92.260437, 27.090912], [-92.260437, 27.091599], [-92.261124, 27.091599], [-92.261124, 27.092285], [-92.262497, 27.092285], [-92.262497, 27.094345], [-92.263184, 27.094345], [-92.263184, 27.098465], [-92.26387, 27.098465], [-92.26387, 27.101212], [-92.264557, 27.101212], [-92.264557, 27.101898], [-92.265244, 27.101898], [-92.265244, 27.102585], [-92.26593, 27.102585], [-92.26593, 27.103958], [-92.266617, 27.103958], [-92.266617, 27.105331], [-92.26593, 27.105331], [-92.26593, 27.106018], [-92.265244, 27.106018], [-92.265244, 27.106705], [-92.264557, 27.106705], [-92.264557, 27.108078], [-92.26387, 27.108078], [-92.26387, 27.108765], [-92.264557, 27.108765], [-92.264557, 27.110138], [-92.263184, 27.110138], [-92.263184, 27.111511], [-92.262497, 27.111511], [-92.262497, 27.114258], [-92.261124, 27.114258], [-92.261124, 27.112885], [-92.25975, 27.112885], [-92.25975, 27.113571], [-92.259064, 27.113571], [-92.259064, 27.112885], [-92.258377, 27.112885], [-92.258377, 27.113571], [-92.257004, 27.113571], [-92.257004, 27.114258], [-92.256317, 27.114258], [-92.256317, 27.114944], [-92.254944, 27.114944], [-92.254944, 27.115631], [-92.254257, 27.115631], [-92.254257, 27.116318], [-92.253571, 27.116318], [-92.253571, 27.117691], [-92.252884, 27.117691], [-92.252884, 27.118378], [-92.251511, 27.118378], [-92.251511, 27.119064], [-92.249451, 27.119064], [-92.249451, 27.120438], [-92.248764, 27.120438], [-92.248764, 27.121124], [-92.249451, 27.121124], [-92.249451, 27.121811], [-92.248077, 27.121811], [-92.248077, 27.121124], [-92.246017, 27.121124], [-92.246017, 27.120438], [-92.245331, 27.120438], [-92.245331, 27.119751], [-92.243958, 27.119751], [-92.243958, 27.120438], [-92.243271, 27.120438], [-92.243271, 27.119751], [-92.241211, 27.119751], [-92.241211, 27.117691], [-92.238464, 27.117691], [-92.238464, 27.114258], [-92.237778, 27.114258], [-92.237778, 27.113571], [-92.235031, 27.113571], [-92.235031, 27.114258], [-92.232971, 27.114258], [-92.232971, 27.115631], [-92.234344, 27.115631], [-92.234344, 27.116318], [-92.237778, 27.116318], [-92.237778, 27.117004], [-92.236404, 27.117004], [-92.236404, 27.117691], [-92.235031, 27.117691], [-92.235031, 27.119751], [-92.234344, 27.119751], [-92.234344, 27.119064], [-92.233658, 27.119064], [-92.233658, 27.117691], [-92.232285, 27.117691], [-92.232285, 27.117004], [-92.231598, 27.117004], [-92.231598, 27.116318], [-92.230911, 27.116318], [-92.230911, 27.114944], [-92.229538, 27.114944], [-92.229538, 27.117004], [-92.230225, 27.117004], [-92.230225, 27.119751], [-92.229538, 27.119751], [-92.229538, 27.117691], [-92.228851, 27.117691], [-92.228851, 27.119751], [-92.228165, 27.119751], [-92.228165, 27.121124], [-92.228851, 27.121124], [-92.228851, 27.123184], [-92.228165, 27.123184], [-92.228165, 27.125244], [-92.226791, 27.125244], [-92.226791, 27.121811], [-92.226105, 27.121811], [-92.226105, 27.120438], [-92.226791, 27.120438], [-92.226791, 27.117004], [-92.227478, 27.117004], [-92.227478, 27.116318], [-92.226791, 27.116318], [-92.226791, 27.113571], [-92.226105, 27.113571], [-92.226105, 27.112885], [-92.226791, 27.112885], [-92.226791, 27.110825], [-92.227478, 27.110825], [-92.227478, 27.110138], [-92.226791, 27.110138], [-92.226791, 27.106705], [-92.228165, 27.106705], [-92.228165, 27.106018], [-92.228851, 27.106018], [-92.228851, 27.105331], [-92.228165, 27.105331], [-92.228165, 27.104645], [-92.228851, 27.104645], [-92.228851, 27.103271], [-92.228165, 27.103271], [-92.228165, 27.103958], [-92.226791, 27.103958], [-92.226791, 27.104645], [-92.226105, 27.104645], [-92.226105, 27.106018], [-92.224731, 27.106018], [-92.224731, 27.106705], [-92.224045, 27.106705], [-92.224045, 27.109451], [-92.223358, 27.109451], [-92.223358, 27.111511], [-92.224045, 27.111511], [-92.224045, 27.112885], [-92.223358, 27.112885], [-92.223358, 27.114258], [-92.222672, 27.114258], [-92.222672, 27.116318], [-92.221985, 27.116318], [-92.221985, 27.119064], [-92.222672, 27.119064], [-92.222672, 27.121124], [-92.221985, 27.121124], [-92.221985, 27.122498], [-92.222672, 27.122498], [-92.222672, 27.123184], [-92.223358, 27.123184], [-92.223358, 27.123871], [-92.224731, 27.123871], [-92.224731, 27.124557], [-92.224045, 27.124557], [-92.224045, 27.126617], [-92.223358, 27.126617], [-92.223358, 27.127304], [-92.222672, 27.127304], [-92.222672, 27.128677], [-92.221985, 27.128677], [-92.221985, 27.132797], [-92.220612, 27.132797], [-92.220612, 27.134171], [-92.219925, 27.134171], [-92.219925, 27.135544], [-92.217865, 27.135544], [-92.217865, 27.13623], [-92.218552, 27.13623], [-92.218552, 27.13829], [-92.219925, 27.13829], [-92.219925, 27.136917], [-92.220612, 27.136917], [-92.220612, 27.13623], [-92.221985, 27.13623], [-92.221985, 27.14241], [-92.222672, 27.14241], [-92.222672, 27.143784], [-92.221985, 27.143784], [-92.221985, 27.14447], [-92.221298, 27.14447], [-92.221298, 27.145844], [-92.222672, 27.145844], [-92.222672, 27.14653], [-92.224731, 27.14653], [-92.224731, 27.147217], [-92.225418, 27.147217], [-92.225418, 27.147903], [-92.228165, 27.147903], [-92.228165, 27.147217], [-92.228851, 27.147217], [-92.228851, 27.147903], [-92.230225, 27.147903], [-92.230225, 27.14859], [-92.231598, 27.14859], [-92.231598, 27.149277], [-92.232285, 27.149277], [-92.232285, 27.15065], [-92.232971, 27.15065], [-92.232971, 27.149963], [-92.233658, 27.149963], [-92.233658, 27.149277], [-92.232971, 27.149277], [-92.232971, 27.14859], [-92.232285, 27.14859], [-92.232285, 27.147903], [-92.233658, 27.147903], [-92.233658, 27.14859], [-92.236404, 27.14859], [-92.236404, 27.147903], [-92.237091, 27.147903], [-92.237091, 27.14859], [-92.237778, 27.14859], [-92.237778, 27.149277], [-92.238464, 27.149277], [-92.238464, 27.149963], [-92.239838, 27.149963], [-92.239838, 27.15065], [-92.241211, 27.15065], [-92.241211, 27.151337], [-92.243271, 27.151337], [-92.243271, 27.152023], [-92.243958, 27.152023], [-92.243958, 27.15271], [-92.245331, 27.15271], [-92.245331, 27.153397], [-92.248764, 27.153397], [-92.248764, 27.154083], [-92.250824, 27.154083], [-92.250824, 27.15477], [-92.253571, 27.15477], [-92.253571, 27.155457], [-92.254944, 27.155457], [-92.254944, 27.156143], [-92.25563, 27.156143], [-92.25563, 27.15889]], [[-92.207565, 27.134857], [-92.207565, 27.132797], [-92.206879, 27.132797], [-92.206879, 27.132111], [-92.205505, 27.132111], [-92.205505, 27.133484], [-92.206192, 27.133484], [-92.206192, 27.134857], [-92.207565, 27.134857]], [[-92.248764, 27.154083], [-92.248077, 27.154083], [-92.248077, 27.15477], [-92.248764, 27.15477], [-92.248764, 27.154083]], [[-92.212372, 27.13623], [-92.212372, 27.135544], [-92.213058, 27.135544], [-92.213058, 27.134857], [-92.213745, 27.134857], [-92.213745, 27.132797], [-92.213058, 27.132797], [-92.213058, 27.132111], [-92.212372, 27.132111], [-92.212372, 27.130737], [-92.211685, 27.130737], [-92.211685, 27.130051], [-92.210999, 27.130051], [-92.210999, 27.127991], [-92.210312, 27.127991], [-92.210312, 27.127304], [-92.206879, 27.127304], [-92.206879, 27.127991], [-92.207565, 27.127991], [-92.207565, 27.128677], [-92.208252, 27.128677], [-92.208252, 27.129364], [-92.208939, 27.129364], [-92.208939, 27.130737], [-92.209625, 27.130737], [-92.209625, 27.132111], [-92.210312, 27.132111], [-92.210312, 27.133484], [-92.210999, 27.133484], [-92.210999, 27.134171], [-92.211685, 27.134171], [-92.211685, 27.133484], [-92.212372, 27.133484], [-92.212372, 27.134857], [-92.211685, 27.134857], [-92.211685, 27.13623], [-92.212372, 27.13623]], [[-92.210999, 27.122498], [-92.210999, 27.120438], [-92.210312, 27.120438], [-92.210312, 27.119064], [-92.209625, 27.119064], [-92.209625, 27.117691], [-92.208939, 27.117691], [-92.208939, 27.118378], [-92.208252, 27.118378], [-92.208252, 27.119064], [-92.207565, 27.119064], [-92.207565, 27.120438], [-92.208252, 27.120438], [-92.208252, 27.121124], [-92.208939, 27.121124], [-92.208939, 27.122498], [-92.210999, 27.122498]], [[-92.215805, 27.119064], [-92.215805, 27.117691], [-92.214432, 27.117691], [-92.214432, 27.119064], [-92.215805, 27.119064]], [[-92.214432, 27.117691], [-92.214432, 27.115631], [-92.215805, 27.115631], [-92.215805, 27.114944], [-92.216492, 27.114944], [-92.216492, 27.114258], [-92.217178, 27.114258], [-92.217178, 27.113571], [-92.216492, 27.113571], [-92.216492, 27.111511], [-92.215805, 27.111511], [-92.215805, 27.110138], [-92.215118, 27.110138], [-92.215118, 27.110825], [-92.214432, 27.110825], [-92.214432, 27.112885], [-92.213745, 27.112885], [-92.213745, 27.110825], [-92.213058, 27.110825], [-92.213058, 27.108765], [-92.212372, 27.108765], [-92.212372, 27.106705], [-92.211685, 27.106705], [-92.211685, 27.106018], [-92.210312, 27.106018], [-92.210312, 27.106705], [-92.209625, 27.106705], [-92.209625, 27.108765], [-92.208939, 27.108765], [-92.208939, 27.110825], [-92.209625, 27.110825], [-92.209625, 27.112885], [-92.210312, 27.112885], [-92.210312, 27.114944], [-92.210999, 27.114944], [-92.210999, 27.115631], [-92.211685, 27.115631], [-92.211685, 27.116318], [-92.212372, 27.116318], [-92.212372, 27.117004], [-92.213058, 27.117004], [-92.213058, 27.117691], [-92.214432, 27.117691]], [[-92.215118, 27.13623], [-92.215118, 27.135544], [-92.215805, 27.135544], [-92.215805, 27.134857], [-92.215118, 27.134857], [-92.215118, 27.134171], [-92.214432, 27.134171], [-92.214432, 27.135544], [-92.213745, 27.135544], [-92.213745, 27.13623], [-92.215118, 27.13623]], [[-92.215805, 27.13829], [-92.215805, 27.136917], [-92.214432, 27.136917], [-92.214432, 27.13829], [-92.215805, 27.13829]], [[-92.215805, 27.121811], [-92.215805, 27.121124], [-92.215118, 27.121124], [-92.215118, 27.120438], [-92.214432, 27.120438], [-92.214432, 27.121811], [-92.215805, 27.121811]], [[-92.216492, 27.141037], [-92.216492, 27.14035], [-92.215805, 27.14035], [-92.215805, 27.139664], [-92.215118, 27.139664], [-92.215118, 27.141037], [-92.216492, 27.141037]], [[-92.216492, 27.149277], [-92.216492, 27.147903], [-92.215805, 27.147903], [-92.215805, 27.149277], [-92.216492, 27.149277]], [[-92.217865, 27.127991], [-92.217865, 27.125931], [-92.217178, 27.125931], [-92.217178, 27.127991], [-92.217865, 27.127991]], [[-92.227478, 27.102585], [-92.227478, 27.101898], [-92.226791, 27.101898], [-92.226791, 27.102585], [-92.227478, 27.102585]], [[-92.235031, 27.112885], [-92.235031, 27.111511], [-92.234344, 27.111511], [-92.234344, 27.112198], [-92.233658, 27.112198], [-92.233658, 27.112885], [-92.235031, 27.112885]], [[-92.236404, 27.15065], [-92.236404, 27.149277], [-92.235031, 27.149277], [-92.235031, 27.15065], [-92.236404, 27.15065]], [[-92.238464, 27.152023], [-92.238464, 27.151337], [-92.237778, 27.151337], [-92.237778, 27.152023], [-92.238464, 27.152023]], [[-92.241211, 27.098465], [-92.241211, 27.097092], [-92.239838, 27.097092], [-92.239838, 27.095718], [-92.238464, 27.095718], [-92.238464, 27.097778], [-92.239151, 27.097778], [-92.239151, 27.098465], [-92.241211, 27.098465]], [[-92.241211, 27.107391], [-92.241211, 27.106705], [-92.239838, 27.106705], [-92.239838, 27.107391], [-92.241211, 27.107391]], [[-92.243958, 27.115631], [-92.243958, 27.113571], [-92.243271, 27.113571], [-92.243271, 27.112885], [-92.241898, 27.112885], [-92.241898, 27.111511], [-92.241211, 27.111511], [-92.241211, 27.110825], [-92.239838, 27.110825], [-92.239838, 27.112885], [-92.240524, 27.112885], [-92.240524, 27.113571], [-92.241211, 27.113571], [-92.241211, 27.114944], [-92.241898, 27.114944], [-92.241898, 27.115631], [-92.243958, 27.115631]], [[-92.261124, 27.108765], [-92.261124, 27.107391], [-92.258377, 27.107391], [-92.258377, 27.108078], [-92.259064, 27.108078], [-92.259064, 27.108765], [-92.261124, 27.108765]], [[-92.258377, 27.107391], [-92.258377, 27.106018], [-92.259064, 27.106018], [-92.259064, 27.104645], [-92.260437, 27.104645], [-92.260437, 27.103958], [-92.261124, 27.103958], [-92.261124, 27.104645], [-92.262497, 27.104645], [-92.262497, 27.103271], [-92.26181, 27.103271], [-92.26181, 27.099152], [-92.261124, 27.099152], [-92.261124, 27.097092], [-92.260437, 27.097092], [-92.260437, 27.098465], [-92.25975, 27.098465], [-92.25975, 27.099838], [-92.260437, 27.099838], [-92.260437, 27.101212], [-92.259064, 27.101212], [-92.259064, 27.101898], [-92.260437, 27.101898], [-92.260437, 27.102585], [-92.259064, 27.102585], [-92.259064, 27.103271], [-92.25563, 27.103271], [-92.25563, 27.103958], [-92.254944, 27.103958], [-92.254944, 27.104645], [-92.253571, 27.104645], [-92.253571, 27.106018], [-92.254257, 27.106018], [-92.254257, 27.107391], [-92.25563, 27.107391], [-92.25563, 27.108078], [-92.257004, 27.108078], [-92.257004, 27.107391], [-92.258377, 27.107391]], [[-92.253571, 27.104645], [-92.253571, 27.103958], [-92.252884, 27.103958], [-92.252884, 27.103271], [-92.252197, 27.103271], [-92.252197, 27.102585], [-92.250824, 27.102585], [-92.250824, 27.103271], [-92.250137, 27.103271], [-92.250137, 27.102585], [-92.249451, 27.102585], [-92.249451, 27.101898], [-92.248764, 27.101898], [-92.248764, 27.100525], [-92.248077, 27.100525], [-92.248077, 27.099838], [-92.247391, 27.099838], [-92.247391, 27.096405], [-92.243958, 27.096405], [-92.243958, 27.097092], [-92.242584, 27.097092], [-92.242584, 27.098465], [-92.241898, 27.098465], [-92.241898, 27.100525], [-92.241211, 27.100525], [-92.241211, 27.101898], [-92.242584, 27.101898], [-92.242584, 27.104645], [-92.243271, 27.104645], [-92.243271, 27.106018], [-92.243958, 27.106018], [-92.243958, 27.106705], [-92.244644, 27.106705], [-92.244644, 27.108078], [-92.248077, 27.108078], [-92.248077, 27.110825], [-92.247391, 27.110825], [-92.247391, 27.111511], [-92.248077, 27.111511], [-92.248077, 27.112885], [-92.249451, 27.112885], [-92.249451, 27.111511], [-92.250137, 27.111511], [-92.250137, 27.110825], [-92.249451, 27.110825], [-92.249451, 27.109451], [-92.250137, 27.109451], [-92.250137, 27.108765], [-92.250824, 27.108765], [-92.250824, 27.107391], [-92.251511, 27.107391], [-92.251511, 27.106705], [-92.250824, 27.106705], [-92.250824, 27.105331], [-92.252197, 27.105331], [-92.252197, 27.104645], [-92.253571, 27.104645]], [[-92.242584, 27.153397], [-92.242584, 27.15271], [-92.241898, 27.15271], [-92.241898, 27.153397], [-92.242584, 27.153397]], [[-92.246704, 27.111511], [-92.246704, 27.110138], [-92.244644, 27.110138], [-92.244644, 27.110825], [-92.245331, 27.110825], [-92.245331, 27.111511], [-92.246704, 27.111511]], [[-92.249451, 27.114944], [-92.249451, 27.114258], [-92.248764, 27.114258], [-92.248764, 27.114944], [-92.249451, 27.114944]], [[-92.250824, 27.117004], [-92.250824, 27.115631], [-92.249451, 27.115631], [-92.249451, 27.117004], [-92.250824, 27.117004]], [[-92.25563, 27.101212], [-92.25563, 27.098465], [-92.256317, 27.098465], [-92.256317, 27.095718], [-92.252197, 27.095718], [-92.252197, 27.097092], [-92.251511, 27.097092], [-92.251511, 27.097778], [-92.253571, 27.097778], [-92.253571, 27.100525], [-92.254257, 27.100525], [-92.254257, 27.101212], [-92.25563, 27.101212]], [[-92.253571, 27.114944], [-92.253571, 27.113571], [-92.252884, 27.113571], [-92.252884, 27.112885], [-92.252197, 27.112885], [-92.252197, 27.114258], [-92.252884, 27.114258], [-92.252884, 27.114944], [-92.253571, 27.114944]], [[-92.253571, 27.15683], [-92.253571, 27.156143], [-92.252197, 27.156143], [-92.252197, 27.15683], [-92.253571, 27.15683]]], [[[-92.256317, 27.159576], [-92.25563, 27.159576], [-92.25563, 27.15889], [-92.256317, 27.15889], [-92.256317, 27.159576]]], [[[-92.232285, 27.147903], [-92.230911, 27.147903], [-92.230911, 27.147217], [-92.232285, 27.147217], [-92.232285, 27.147903]]], [[[-92.228851, 27.147217], [-92.228851, 27.14653], [-92.226791, 27.14653], [-92.226791, 27.145844], [-92.229538, 27.145844], [-92.229538, 27.14653], [-92.230225, 27.14653], [-92.230225, 27.147217], [-92.228851, 27.147217]]], [[[-92.243271, 27.090912], [-92.241898, 27.090912], [-92.241898, 27.090225], [-92.241211, 27.090225], [-92.241211, 27.089539], [-92.242584, 27.089539], [-92.242584, 27.088852], [-92.243958, 27.088852], [-92.243958, 27.090225], [-92.243271, 27.090225], [-92.243271, 27.090912]]], [[[-92.241211, 27.089539], [-92.239151, 27.089539], [-92.239151, 27.088852], [-92.238464, 27.088852], [-92.238464, 27.088165], [-92.237091, 27.088165], [-92.237091, 27.087479], [-92.232285, 27.087479], [-92.232285, 27.088165], [-92.231598, 27.088165], [-92.231598, 27.088852], [-92.230225, 27.088852], [-92.230225, 27.089539], [-92.229538, 27.089539], [-92.229538, 27.090225], [-92.230225, 27.090225], [-92.230225, 27.091599], [-92.229538, 27.091599], [-92.229538, 27.092285], [-92.228851, 27.092285], [-92.228851, 27.092972], [-92.228165, 27.092972], [-92.228165, 27.093658], [-92.226105, 27.093658], [-92.226105, 27.095718], [-92.225418, 27.095718], [-92.225418, 27.097092], [-92.224731, 27.097092], [-92.224731, 27.097778], [-92.224045, 27.097778], [-92.224045, 27.098465], [-92.222672, 27.098465], [-92.222672, 27.099152], [-92.221985, 27.099152], [-92.221985, 27.099838], [-92.221298, 27.099838], [-92.221298, 27.101212], [-92.220612, 27.101212], [-92.220612, 27.103271], [-92.219238, 27.103271], [-92.219238, 27.103958], [-92.218552, 27.103958], [-92.218552, 27.103271], [-92.217865, 27.103271], [-92.217865, 27.102585], [-92.217178, 27.102585], [-92.217178, 27.101898], [-92.216492, 27.101898], [-92.216492, 27.102585], [-92.215118, 27.102585], [-92.215118, 27.103271], [-92.214432, 27.103271], [-92.214432, 27.102585], [-92.213745, 27.102585], [-92.213745, 27.101898], [-92.213058, 27.101898], [-92.213058, 27.100525], [-92.212372, 27.100525], [-92.212372, 27.099838], [-92.211685, 27.099838], [-92.211685, 27.097778], [-92.210999, 27.097778], [-92.210999, 27.096405], [-92.210312, 27.096405], [-92.210312, 27.095718], [-92.209625, 27.095718], [-92.209625, 27.095032], [-92.208939, 27.095032], [-92.208939, 27.094345], [-92.206879, 27.094345], [-92.206879, 27.090912], [-92.205505, 27.090912], [-92.205505, 27.090225], [-92.204819, 27.090225], [-92.204819, 27.090912], [-92.203445, 27.090912], [-92.203445, 27.090225], [-92.200699, 27.090225], [-92.200699, 27.089539], [-92.199326, 27.089539], [-92.199326, 27.088852], [-92.198639, 27.088852], [-92.198639, 27.085419], [-92.200012, 27.085419], [-92.200012, 27.084732], [-92.200699, 27.084732], [-92.200699, 27.084045], [-92.200012, 27.084045], [-92.200012, 27.083359], [-92.200699, 27.083359], [-92.200699, 27.082672], [-92.201385, 27.082672], [-92.201385, 27.080612], [-92.200699, 27.080612], [-92.200699, 27.079239], [-92.202759, 27.079239], [-92.202759, 27.077179], [-92.203445, 27.077179], [-92.203445, 27.074432], [-92.204132, 27.074432], [-92.204132, 27.071686], [-92.204819, 27.071686], [-92.204819, 27.070999], [-92.205505, 27.070999], [-92.205505, 27.071686], [-92.206192, 27.071686], [-92.206192, 27.070999], [-92.206879, 27.070999], [-92.206879, 27.071686], [-92.207565, 27.071686], [-92.207565, 27.072372], [-92.206879, 27.072372], [-92.206879, 27.074432], [-92.206192, 27.074432], [-92.206192, 27.076492], [-92.205505, 27.076492], [-92.205505, 27.079926], [-92.206192, 27.079926], [-92.206192, 27.080612], [-92.205505, 27.080612], [-92.205505, 27.084732], [-92.206192, 27.084732], [-92.206192, 27.088852], [-92.205505, 27.088852], [-92.205505, 27.089539], [-92.206192, 27.089539], [-92.206192, 27.090225], [-92.207565, 27.090225], [-92.207565, 27.089539], [-92.209625, 27.089539], [-92.209625, 27.088852], [-92.210312, 27.088852], [-92.210312, 27.089539], [-92.210999, 27.089539], [-92.210999, 27.092285], [-92.211685, 27.092285], [-92.211685, 27.095032], [-92.210999, 27.095032], [-92.210999, 27.095718], [-92.211685, 27.095718], [-92.211685, 27.096405], [-92.212372, 27.096405], [-92.212372, 27.097778], [-92.213745, 27.097778], [-92.213745, 27.096405], [-92.213058, 27.096405], [-92.213058, 27.095718], [-92.213745, 27.095718], [-92.213745, 27.092285], [-92.214432, 27.092285], [-92.214432, 27.090912], [-92.213745, 27.090912], [-92.213745, 27.089539], [-92.214432, 27.089539], [-92.214432, 27.088165], [-92.215118, 27.088165], [-92.215118, 27.087479], [-92.214432, 27.087479], [-92.214432, 27.085419], [-92.215805, 27.085419], [-92.215805, 27.080612], [-92.216492, 27.080612], [-92.216492, 27.079239], [-92.215805, 27.079239], [-92.215805, 27.078552], [-92.216492, 27.078552], [-92.216492, 27.077866], [-92.217178, 27.077866], [-92.217178, 27.076492], [-92.218552, 27.076492], [-92.218552, 27.075119], [-92.219238, 27.075119], [-92.219238, 27.074432], [-92.220612, 27.074432], [-92.220612, 27.076492], [-92.219925, 27.076492], [-92.219925, 27.081299], [-92.222672, 27.081299], [-92.222672, 27.078552], [-92.223358, 27.078552], [-92.223358, 27.077866], [-92.224045, 27.077866], [-92.224045, 27.077179], [-92.224731, 27.077179], [-92.224731, 27.075119], [-92.225418, 27.075119], [-92.225418, 27.074432], [-92.226791, 27.074432], [-92.226791, 27.077179], [-92.226105, 27.077179], [-92.226105, 27.081299], [-92.225418, 27.081299], [-92.225418, 27.084045], [-92.227478, 27.084045], [-92.227478, 27.081985], [-92.230225, 27.081985], [-92.230225, 27.082672], [-92.231598, 27.082672], [-92.231598, 27.081985], [-92.233658, 27.081985], [-92.233658, 27.081299], [-92.235718, 27.081299], [-92.235718, 27.081985], [-92.236404, 27.081985], [-92.236404, 27.083359], [-92.237091, 27.083359], [-92.237091, 27.084045], [-92.237778, 27.084045], [-92.237778, 27.087479], [-92.240524, 27.087479], [-92.240524, 27.088852], [-92.241211, 27.088852], [-92.241211, 27.089539]], [[-92.217865, 27.098465], [-92.217865, 27.097778], [-92.217178, 27.097778], [-92.217178, 27.098465], [-92.217865, 27.098465]], [[-92.219238, 27.082672], [-92.219238, 27.081299], [-92.218552, 27.081299], [-92.218552, 27.080612], [-92.219238, 27.080612], [-92.219238, 27.078552], [-92.218552, 27.078552], [-92.218552, 27.079239], [-92.217865, 27.079239], [-92.217865, 27.082672], [-92.219238, 27.082672]], [[-92.224045, 27.082672], [-92.224045, 27.081985], [-92.223358, 27.081985], [-92.223358, 27.082672], [-92.224045, 27.082672]], [[-92.226105, 27.087479], [-92.226105, 27.085419], [-92.224731, 27.085419], [-92.224731, 27.087479], [-92.226105, 27.087479]]], [[[-92.241211, 27.088852], [-92.241211, 27.087479], [-92.240524, 27.087479], [-92.240524, 27.086792], [-92.241211, 27.086792], [-92.241211, 27.086105], [-92.241898, 27.086105], [-92.241898, 27.085419], [-92.242584, 27.085419], [-92.242584, 27.087479], [-92.241898, 27.087479], [-92.241898, 27.088852], [-92.241211, 27.088852]]], [[[-92.202759, 27.096405], [-92.200699, 27.096405], [-92.200699, 27.095718], [-92.202759, 27.095718], [-92.202759, 27.096405]]], [[[-92.202759, 26.864319], [-92.201385, 26.864319], [-92.201385, 26.862946], [-92.202759, 26.862946], [-92.202759, 26.864319]]], [[[-92.221298, 26.864319], [-92.220612, 26.864319], [-92.220612, 26.863632], [-92.221298, 26.863632], [-92.221298, 26.864319]]], [[[-92.220612, 26.864319], [-92.220612, 26.865692], [-92.218552, 26.865692], [-92.218552, 26.866379], [-92.216492, 26.866379], [-92.216492, 26.867065], [-92.213058, 26.867065], [-92.213058, 26.866379], [-92.210999, 26.866379], [-92.210999, 26.865692], [-92.210312, 26.865692], [-92.210312, 26.865005], [-92.208939, 26.865005], [-92.208939, 26.864319], [-92.204132, 26.864319], [-92.204132, 26.863632], [-92.203445, 26.863632], [-92.203445, 26.862946], [-92.204819, 26.862946], [-92.204819, 26.863632], [-92.206192, 26.863632], [-92.206192, 26.862946], [-92.208939, 26.862946], [-92.208939, 26.863632], [-92.210312, 26.863632], [-92.210312, 26.864319], [-92.210999, 26.864319], [-92.210999, 26.865005], [-92.212372, 26.865005], [-92.212372, 26.865692], [-92.213745, 26.865692], [-92.213745, 26.866379], [-92.215805, 26.866379], [-92.215805, 26.865692], [-92.216492, 26.865692], [-92.216492, 26.865005], [-92.218552, 26.865005], [-92.218552, 26.864319], [-92.220612, 26.864319]]], [[[-92.217865, 26.872559], [-92.216492, 26.872559], [-92.216492, 26.871872], [-92.215118, 26.871872], [-92.215118, 26.872559], [-92.213745, 26.872559], [-92.213745, 26.871872], [-92.213058, 26.871872], [-92.213058, 26.871185], [-92.212372, 26.871185], [-92.212372, 26.870499], [-92.211685, 26.870499], [-92.211685, 26.869812], [-92.209625, 26.869812], [-92.209625, 26.868439], [-92.206192, 26.868439], [-92.206192, 26.869812], [-92.205505, 26.869812], [-92.205505, 26.869125], [-92.204819, 26.869125], [-92.204819, 26.868439], [-92.204132, 26.868439], [-92.204132, 26.867752], [-92.203445, 26.867752], [-92.203445, 26.867065], [-92.207565, 26.867065], [-92.207565, 26.866379], [-92.208939, 26.866379], [-92.208939, 26.867065], [-92.211685, 26.867065], [-92.211685, 26.867752], [-92.212372, 26.867752], [-92.212372, 26.868439], [-92.213058, 26.868439], [-92.213058, 26.869812], [-92.215118, 26.869812], [-92.215118, 26.870499], [-92.220612, 26.870499], [-92.220612, 26.871872], [-92.218552, 26.871872], [-92.218552, 26.871185], [-92.217865, 26.871185], [-92.217865, 26.872559]]], [[[-92.210999, 27.000275], [-92.208252, 27.000275], [-92.208252, 26.999588], [-92.207565, 26.999588], [-92.207565, 26.997528], [-92.206879, 26.997528], [-92.206879, 26.996155], [-92.206192, 26.996155], [-92.206192, 26.995468], [-92.205505, 26.995468], [-92.205505, 26.994781], [-92.204819, 26.994781], [-92.204819, 26.994095], [-92.204132, 26.994095], [-92.204132, 26.992035], [-92.204819, 26.992035], [-92.204819, 26.992722], [-92.205505, 26.992722], [-92.205505, 26.994095], [-92.206192, 26.994095], [-92.206192, 26.994781], [-92.206879, 26.994781], [-92.206879, 26.995468], [-92.208252, 26.995468], [-92.208252, 26.996155], [-92.208939, 26.996155], [-92.208939, 26.996841], [-92.209625, 26.996841], [-92.209625, 26.997528], [-92.210312, 26.997528], [-92.210312, 26.999588], [-92.210999, 26.999588], [-92.210999, 27.000275]]], [[[-92.212372, 27.005081], [-92.211685, 27.005081], [-92.211685, 27.004395], [-92.210999, 27.004395], [-92.210999, 27.003021], [-92.210312, 27.003021], [-92.210312, 27.001648], [-92.211685, 27.001648], [-92.211685, 27.003708], [-92.212372, 27.003708], [-92.212372, 27.005081]]], [[[-92.213745, 27.153397], [-92.213058, 27.153397], [-92.213058, 27.15271], [-92.213745, 27.15271], [-92.213745, 27.153397]]], [[[-92.215805, 27.04628], [-92.214432, 27.04628], [-92.214432, 27.045593], [-92.213745, 27.045593], [-92.213745, 27.044907], [-92.213058, 27.044907], [-92.213058, 27.041473], [-92.213745, 27.041473], [-92.213745, 27.042847], [-92.214432, 27.042847], [-92.214432, 27.044907], [-92.215118, 27.044907], [-92.215118, 27.045593], [-92.215805, 27.045593], [-92.215805, 27.04628]]], [[[-92.214432, 27.114944], [-92.213745, 27.114944], [-92.213745, 27.114258], [-92.214432, 27.114258], [-92.214432, 27.114944]]], [[[-92.223358, 27.002335], [-92.222672, 27.002335], [-92.222672, 27.001648], [-92.221985, 27.001648], [-92.221985, 27.000961], [-92.220612, 27.000961], [-92.220612, 27.000275], [-92.219925, 27.000275], [-92.219925, 26.998901], [-92.219238, 26.998901], [-92.219238, 26.998215], [-92.218552, 26.998215], [-92.218552, 26.996155], [-92.217865, 26.996155], [-92.217865, 26.994781], [-92.218552, 26.994781], [-92.218552, 26.995468], [-92.219925, 26.995468], [-92.219925, 26.997528], [-92.221298, 26.997528], [-92.221298, 26.998215], [-92.221985, 26.998215], [-92.221985, 26.999588], [-92.222672, 26.999588], [-92.222672, 27.000961], [-92.223358, 27.000961], [-92.223358, 27.002335]]], [[[-92.217865, 26.994781], [-92.215805, 26.994781], [-92.215805, 26.994095], [-92.215118, 26.994095], [-92.215118, 26.993408], [-92.216492, 26.993408], [-92.216492, 26.994095], [-92.217865, 26.994095], [-92.217865, 26.994781]]], [[[-92.219925, 27.03186], [-92.218552, 27.03186], [-92.218552, 27.0298], [-92.217865, 27.0298], [-92.217865, 27.029114], [-92.217178, 27.029114], [-92.217178, 27.02774], [-92.216492, 27.02774], [-92.216492, 27.025681], [-92.215805, 27.025681], [-92.215805, 27.021561], [-92.215118, 27.021561], [-92.215118, 27.020874], [-92.215805, 27.020874], [-92.215805, 27.019501], [-92.216492, 27.019501], [-92.216492, 27.022247], [-92.217178, 27.022247], [-92.217178, 27.024994], [-92.217865, 27.024994], [-92.217865, 27.027054], [-92.218552, 27.027054], [-92.218552, 27.029114], [-92.219238, 27.029114], [-92.219238, 27.031174], [-92.219925, 27.031174], [-92.219925, 27.03186]]], [[[-92.217178, 27.000275], [-92.215805, 27.000275], [-92.215805, 26.999588], [-92.217178, 26.999588], [-92.217178, 27.000275]]], [[[-92.226105, 26.904831], [-92.224731, 26.904831], [-92.224731, 26.904144], [-92.226105, 26.904144], [-92.226105, 26.904831]]], [[[-92.224731, 26.904144], [-92.224045, 26.904144], [-92.224045, 26.904831], [-92.223358, 26.904831], [-92.223358, 26.904144], [-92.222672, 26.904144], [-92.222672, 26.900024], [-92.221985, 26.900024], [-92.221985, 26.898651], [-92.222672, 26.898651], [-92.222672, 26.897964], [-92.223358, 26.897964], [-92.223358, 26.900024], [-92.224045, 26.900024], [-92.224045, 26.902771], [-92.224731, 26.902771], [-92.224731, 26.904144]]], [[[-92.222672, 26.897964], [-92.220612, 26.897964], [-92.220612, 26.896591], [-92.219925, 26.896591], [-92.219925, 26.895905], [-92.219238, 26.895905], [-92.219238, 26.895218], [-92.218552, 26.895218], [-92.218552, 26.893845], [-92.217865, 26.893845], [-92.217865, 26.893158], [-92.218552, 26.893158], [-92.218552, 26.891785], [-92.219925, 26.891785], [-92.219925, 26.893158], [-92.220612, 26.893158], [-92.220612, 26.895218], [-92.221985, 26.895218], [-92.221985, 26.897278], [-92.222672, 26.897278], [-92.222672, 26.897964]]], [[[-92.219238, 27.15271], [-92.218552, 27.15271], [-92.218552, 27.151337], [-92.219238, 27.151337], [-92.219238, 27.15271]]], [[[-92.223358, 27.042847], [-92.222672, 27.042847], [-92.222672, 27.0401], [-92.223358, 27.0401], [-92.223358, 27.042847]]], [[[-92.223358, 27.042847], [-92.224045, 27.042847], [-92.224045, 27.044907], [-92.224731, 27.044907], [-92.224731, 27.05246], [-92.224045, 27.05246], [-92.224045, 27.053146], [-92.224731, 27.053146], [-92.224731, 27.055893], [-92.224045, 27.055893], [-92.224045, 27.057266], [-92.224731, 27.057266], [-92.224731, 27.057953], [-92.224045, 27.057953], [-92.224045, 27.060013], [-92.223358, 27.060013], [-92.223358, 27.062759], [-92.222672, 27.062759], [-92.222672, 27.067566], [-92.221985, 27.067566], [-92.221985, 27.068939], [-92.220612, 27.068939], [-92.220612, 27.069626], [-92.219238, 27.069626], [-92.219238, 27.066193], [-92.219925, 27.066193], [-92.219925, 27.064819], [-92.220612, 27.064819], [-92.220612, 27.061386], [-92.221298, 27.061386], [-92.221298, 27.060699], [-92.221985, 27.060699], [-92.221985, 27.060013], [-92.222672, 27.060013], [-92.222672, 27.055893], [-92.223358, 27.055893], [-92.223358, 27.053833], [-92.222672, 27.053833], [-92.222672, 27.051086], [-92.223358, 27.051086], [-92.223358, 27.0504], [-92.222672, 27.0504], [-92.222672, 27.04834], [-92.223358, 27.04834], [-92.223358, 27.042847]]], [[[-92.220612, 27.035294], [-92.219925, 27.035294], [-92.219925, 27.032547], [-92.220612, 27.032547], [-92.220612, 27.035294]]], [[[-92.220612, 27.072372], [-92.219925, 27.072372], [-92.219925, 27.071686], [-92.220612, 27.071686], [-92.220612, 27.072372]]], [[[-92.221298, 26.899338], [-92.220612, 26.899338], [-92.220612, 26.898651], [-92.221298, 26.898651], [-92.221298, 26.899338]]], [[[-92.221298, 27.036667], [-92.220612, 27.036667], [-92.220612, 27.03598], [-92.221298, 27.03598], [-92.221298, 27.036667]]], [[[-92.225418, 27.132111], [-92.224731, 27.132111], [-92.224731, 27.130051], [-92.224045, 27.130051], [-92.224045, 27.129364], [-92.224731, 27.129364], [-92.224731, 27.128677], [-92.225418, 27.128677], [-92.225418, 27.129364], [-92.226105, 27.129364], [-92.226105, 27.131424], [-92.225418, 27.131424], [-92.225418, 27.132111]]], [[[-92.224731, 27.132111], [-92.224731, 27.133484], [-92.224045, 27.133484], [-92.224045, 27.135544], [-92.223358, 27.135544], [-92.223358, 27.136917], [-92.222672, 27.136917], [-92.222672, 27.134857], [-92.221985, 27.134857], [-92.221985, 27.134171], [-92.222672, 27.134171], [-92.222672, 27.133484], [-92.223358, 27.133484], [-92.223358, 27.132797], [-92.224045, 27.132797], [-92.224045, 27.132111], [-92.224731, 27.132111]]], [[[-92.223358, 26.994095], [-92.222672, 26.994095], [-92.222672, 26.993408], [-92.223358, 26.993408], [-92.223358, 26.994095]]], [[[-92.226105, 27.029114], [-92.225418, 27.029114], [-92.225418, 27.028427], [-92.224731, 27.028427], [-92.224731, 27.027054], [-92.225418, 27.027054], [-92.225418, 27.02774], [-92.226105, 27.02774], [-92.226105, 27.029114]]], [[[-92.224731, 27.027054], [-92.223358, 27.027054], [-92.223358, 27.023621], [-92.222672, 27.023621], [-92.222672, 27.020874], [-92.223358, 27.020874], [-92.223358, 27.019501], [-92.224045, 27.019501], [-92.224045, 27.022247], [-92.224731, 27.022247], [-92.224731, 27.027054]]], [[[-92.225418, 26.997528], [-92.224045, 26.997528], [-92.224045, 26.996155], [-92.225418, 26.996155], [-92.225418, 26.997528]]], [[[-92.225418, 26.870499], [-92.224045, 26.870499], [-92.224045, 26.869812], [-92.224731, 26.869812], [-92.224731, 26.869125], [-92.225418, 26.869125], [-92.225418, 26.870499]]], [[[-92.226105, 27.14653], [-92.225418, 27.14653], [-92.225418, 27.145844], [-92.224731, 27.145844], [-92.224731, 27.145157], [-92.226105, 27.145157], [-92.226105, 27.14653]]], [[[-92.232285, 27.224808], [-92.231598, 27.224808], [-92.231598, 27.224121], [-92.232285, 27.224121], [-92.232285, 27.224808]]], [[[-92.231598, 27.224808], [-92.231598, 27.225494], [-92.230225, 27.225494], [-92.230225, 27.224808], [-92.231598, 27.224808]]], [[[-92.230225, 27.225494], [-92.230225, 27.226181], [-92.229538, 27.226181], [-92.229538, 27.225494], [-92.230225, 27.225494]]], [[[-92.229538, 27.226181], [-92.229538, 27.226868], [-92.228851, 27.226868], [-92.228851, 27.227554], [-92.229538, 27.227554], [-92.229538, 27.228241], [-92.228165, 27.228241], [-92.228165, 27.226868], [-92.227478, 27.226868], [-92.227478, 27.227554], [-92.226791, 27.227554], [-92.226791, 27.228241], [-92.224731, 27.228241], [-92.224731, 27.227554], [-92.225418, 27.227554], [-92.225418, 27.226181], [-92.229538, 27.226181]]], [[[-92.226105, 26.902771], [-92.225418, 26.902771], [-92.225418, 26.902084], [-92.226105, 26.902084], [-92.226105, 26.902771]]], [[[-92.230225, 27.0401], [-92.229538, 27.0401], [-92.229538, 27.038727], [-92.230225, 27.038727], [-92.230225, 27.0401]]], [[[-92.230225, 27.0401], [-92.230911, 27.0401], [-92.230911, 27.043533], [-92.231598, 27.043533], [-92.231598, 27.044907], [-92.230911, 27.044907], [-92.230911, 27.045593], [-92.231598, 27.045593], [-92.231598, 27.04628], [-92.230911, 27.04628], [-92.230911, 27.046967], [-92.230225, 27.046967], [-92.230225, 27.049026], [-92.229538, 27.049026], [-92.229538, 27.055206], [-92.228851, 27.055206], [-92.228851, 27.057266], [-92.228165, 27.057266], [-92.228165, 27.062073], [-92.227478, 27.062073], [-92.227478, 27.060013], [-92.226791, 27.060013], [-92.226791, 27.05452], [-92.227478, 27.05452], [-92.227478, 27.053833], [-92.228165, 27.053833], [-92.228165, 27.05246], [-92.227478, 27.05246], [-92.227478, 27.051773], [-92.228165, 27.051773], [-92.228165, 27.042847], [-92.228851, 27.042847], [-92.228851, 27.040787], [-92.228165, 27.040787], [-92.228165, 27.039413], [-92.228851, 27.039413], [-92.228851, 27.0401], [-92.229538, 27.0401], [-92.229538, 27.04216], [-92.230225, 27.04216], [-92.230225, 27.0401]], [[-92.230225, 27.045593], [-92.230225, 27.044907], [-92.229538, 27.044907], [-92.229538, 27.045593], [-92.230225, 27.045593]]], [[[-92.228165, 27.073059], [-92.227478, 27.073059], [-92.227478, 27.072372], [-92.226791, 27.072372], [-92.226791, 27.071686], [-92.228165, 27.071686], [-92.228165, 27.073059]]], [[[-92.229538, 26.905518], [-92.228165, 26.905518], [-92.228165, 26.904144], [-92.229538, 26.904144], [-92.229538, 26.905518]]], [[[-92.228165, 26.904144], [-92.227478, 26.904144], [-92.227478, 26.903458], [-92.228165, 26.903458], [-92.228165, 26.904144]]], [[[-92.229538, 26.872559], [-92.228165, 26.872559], [-92.228165, 26.871872], [-92.227478, 26.871872], [-92.227478, 26.871185], [-92.228851, 26.871185], [-92.228851, 26.871872], [-92.229538, 26.871872], [-92.229538, 26.872559]]], [[[-92.229538, 27.078552], [-92.228851, 27.078552], [-92.228851, 27.077179], [-92.229538, 27.077179], [-92.229538, 27.076492], [-92.230225, 27.076492], [-92.230225, 27.077866], [-92.229538, 27.077866], [-92.229538, 27.078552]]], [[[-92.230911, 26.910324], [-92.230225, 26.910324], [-92.230225, 26.908264], [-92.229538, 26.908264], [-92.229538, 26.907578], [-92.230911, 26.907578], [-92.230911, 26.910324]]], [[[-92.232971, 27.077179], [-92.232285, 27.077179], [-92.232285, 27.076492], [-92.231598, 27.076492], [-92.231598, 27.075806], [-92.232971, 27.075806], [-92.232971, 27.077179]]], [[[-92.233658, 26.875992], [-92.232971, 26.875992], [-92.232971, 26.875305], [-92.233658, 26.875305], [-92.233658, 26.875992]]], [[[-92.232971, 26.875992], [-92.232971, 26.876678], [-92.232285, 26.876678], [-92.232285, 26.875992], [-92.232971, 26.875992]]], [[[-92.239151, 27.055206], [-92.238464, 27.055206], [-92.238464, 27.05452], [-92.239151, 27.05452], [-92.239151, 27.055206]]], [[[-92.238464, 27.055206], [-92.238464, 27.057266], [-92.239151, 27.057266], [-92.239151, 27.060013], [-92.240524, 27.060013], [-92.240524, 27.064133], [-92.241211, 27.064133], [-92.241211, 27.065506], [-92.240524, 27.065506], [-92.240524, 27.066193], [-92.239838, 27.066193], [-92.239838, 27.066879], [-92.240524, 27.066879], [-92.240524, 27.067566], [-92.241211, 27.067566], [-92.241211, 27.068253], [-92.241898, 27.068253], [-92.241898, 27.068939], [-92.241211, 27.068939], [-92.241211, 27.069626], [-92.239838, 27.069626], [-92.239838, 27.068939], [-92.237778, 27.068939], [-92.237778, 27.070999], [-92.238464, 27.070999], [-92.238464, 27.072372], [-92.237091, 27.072372], [-92.237091, 27.073059], [-92.235718, 27.073059], [-92.235718, 27.072372], [-92.235031, 27.072372], [-92.235031, 27.071686], [-92.232971, 27.071686], [-92.232971, 27.070313], [-92.233658, 27.070313], [-92.233658, 27.069626], [-92.232971, 27.069626], [-92.232971, 27.068939], [-92.233658, 27.068939], [-92.233658, 27.068253], [-92.235718, 27.068253], [-92.235718, 27.067566], [-92.236404, 27.067566], [-92.236404, 27.066879], [-92.237091, 27.066879], [-92.237091, 27.065506], [-92.236404, 27.065506], [-92.236404, 27.064819], [-92.235718, 27.064819], [-92.235718, 27.064133], [-92.236404, 27.064133], [-92.236404, 27.059326], [-92.235718, 27.059326], [-92.235718, 27.057953], [-92.233658, 27.057953], [-92.233658, 27.055893], [-92.235031, 27.055893], [-92.235031, 27.053833], [-92.234344, 27.053833], [-92.234344, 27.053146], [-92.233658, 27.053146], [-92.233658, 27.051773], [-92.234344, 27.051773], [-92.234344, 27.0504], [-92.233658, 27.0504], [-92.233658, 27.049026], [-92.235031, 27.049026], [-92.235031, 27.046967], [-92.234344, 27.046967], [-92.234344, 27.04628], [-92.233658, 27.04628], [-92.233658, 27.044907], [-92.232971, 27.044907], [-92.232971, 27.042847], [-92.232285, 27.042847], [-92.232285, 27.04216], [-92.233658, 27.04216], [-92.233658, 27.042847], [-92.235031, 27.042847], [-92.235031, 27.04422], [-92.235718, 27.04422], [-92.235718, 27.04628], [-92.236404, 27.04628], [-92.236404, 27.053146], [-92.237091, 27.053146], [-92.237091, 27.05452], [-92.237778, 27.05452], [-92.237778, 27.055206], [-92.238464, 27.055206]], [[-92.239151, 27.067566], [-92.239151, 27.065506], [-92.237778, 27.065506], [-92.237778, 27.067566], [-92.239151, 27.067566]]], [[[-92.234344, 27.066193], [-92.233658, 27.066193], [-92.233658, 27.065506], [-92.234344, 27.065506], [-92.234344, 27.066193]]], [[[-92.233658, 27.065506], [-92.232971, 27.065506], [-92.232971, 27.064819], [-92.233658, 27.064819], [-92.233658, 27.065506]]], [[[-92.233658, 27.064133], [-92.232971, 27.064133], [-92.232971, 27.063446], [-92.233658, 27.063446], [-92.233658, 27.064133]]], [[[-92.236404, 26.896591], [-92.235718, 26.896591], [-92.235718, 26.895905], [-92.236404, 26.895905], [-92.236404, 26.896591]]], [[[-92.238464, 27.044907], [-92.237778, 27.044907], [-92.237778, 27.04422], [-92.238464, 27.04422], [-92.238464, 27.044907]]], [[[-92.240524, 27.200089], [-92.239838, 27.200089], [-92.239838, 27.199402], [-92.239151, 27.199402], [-92.239151, 27.198029], [-92.239838, 27.198029], [-92.239838, 27.198715], [-92.240524, 27.198715], [-92.240524, 27.200089]]], [[[-92.241898, 27.162323], [-92.241211, 27.162323], [-92.241211, 27.161636], [-92.241898, 27.161636], [-92.241898, 27.162323]]], [[[-92.248077, 26.920624], [-92.246704, 26.920624], [-92.246704, 26.919937], [-92.246017, 26.919937], [-92.246017, 26.918564], [-92.245331, 26.918564], [-92.245331, 26.917877], [-92.244644, 26.917877], [-92.244644, 26.917191], [-92.243958, 26.917191], [-92.243958, 26.916504], [-92.243271, 26.916504], [-92.243271, 26.915131], [-92.243958, 26.915131], [-92.243958, 26.913757], [-92.244644, 26.913757], [-92.244644, 26.915131], [-92.245331, 26.915131], [-92.245331, 26.916504], [-92.246017, 26.916504], [-92.246017, 26.917191], [-92.246704, 26.917191], [-92.246704, 26.917877], [-92.247391, 26.917877], [-92.247391, 26.91925], [-92.248077, 26.91925], [-92.248077, 26.920624]]], [[[-92.243958, 26.913757], [-92.243271, 26.913757], [-92.243271, 26.915131], [-92.242584, 26.915131], [-92.242584, 26.914444], [-92.241898, 26.914444], [-92.241898, 26.911697], [-92.241211, 26.911697], [-92.241211, 26.909637], [-92.242584, 26.909637], [-92.242584, 26.910324], [-92.243271, 26.910324], [-92.243271, 26.911011], [-92.243958, 26.911011], [-92.243958, 26.913757]]], [[[-92.245331, 27.163696], [-92.244644, 27.163696], [-92.244644, 27.16301], [-92.245331, 27.16301], [-92.245331, 27.163696]]], [[[-92.252197, 27.075806], [-92.251511, 27.075806], [-92.251511, 27.070999], [-92.252197, 27.070999], [-92.252197, 27.071686], [-92.253571, 27.071686], [-92.253571, 27.073746], [-92.252884, 27.073746], [-92.252884, 27.075119], [-92.252197, 27.075119], [-92.252197, 27.075806]]], [[[-92.251511, 27.075806], [-92.251511, 27.076492], [-92.250824, 27.076492], [-92.250824, 27.075806], [-92.251511, 27.075806]]], [[[-92.250824, 27.076492], [-92.250824, 27.077179], [-92.250137, 27.077179], [-92.250137, 27.076492], [-92.250824, 27.076492]]], [[[-92.250137, 27.077179], [-92.250137, 27.077866], [-92.249451, 27.077866], [-92.249451, 27.077179], [-92.250137, 27.077179]]], [[[-92.249451, 27.077866], [-92.249451, 27.078552], [-92.248764, 27.078552], [-92.248764, 27.077866], [-92.249451, 27.077866]]], [[[-92.248764, 27.078552], [-92.248764, 27.081299], [-92.249451, 27.081299], [-92.249451, 27.081985], [-92.248764, 27.081985], [-92.248764, 27.084045], [-92.250137, 27.084045], [-92.250137, 27.083359], [-92.250824, 27.083359], [-92.250824, 27.082672], [-92.251511, 27.082672], [-92.251511, 27.084045], [-92.250824, 27.084045], [-92.250824, 27.084732], [-92.249451, 27.084732], [-92.249451, 27.085419], [-92.248764, 27.085419], [-92.248764, 27.084732], [-92.246704, 27.084732], [-92.246704, 27.085419], [-92.246017, 27.085419], [-92.246017, 27.084732], [-92.245331, 27.084732], [-92.245331, 27.081985], [-92.244644, 27.081985], [-92.244644, 27.081299], [-92.245331, 27.081299], [-92.245331, 27.080612], [-92.246017, 27.080612], [-92.246017, 27.078552], [-92.246704, 27.078552], [-92.246704, 27.077866], [-92.247391, 27.077866], [-92.247391, 27.078552], [-92.248764, 27.078552]]], [[[-92.250137, 26.924744], [-92.249451, 26.924744], [-92.249451, 26.92337], [-92.250137, 26.92337], [-92.250137, 26.924744]]], [[[-92.249451, 26.92337], [-92.248764, 26.92337], [-92.248764, 26.922684], [-92.249451, 26.922684], [-92.249451, 26.92337]]], [[[-92.248764, 26.922684], [-92.248077, 26.922684], [-92.248077, 26.921997], [-92.248764, 26.921997], [-92.248764, 26.922684]]], [[[-92.423172, 27.110825], [-92.422485, 27.110825], [-92.422485, 27.110138], [-92.421799, 27.110138], [-92.421799, 27.109451], [-92.421112, 27.109451], [-92.421112, 27.108765], [-92.419739, 27.108765], [-92.419739, 27.107391], [-92.417679, 27.107391], [-92.417679, 27.106705], [-92.418365, 27.106705], [-92.418365, 27.106018], [-92.420425, 27.106018], [-92.420425, 27.104645], [-92.421112, 27.104645], [-92.421112, 27.103271], [-92.421799, 27.103271], [-92.421799, 27.098465], [-92.422485, 27.098465], [-92.422485, 27.097778], [-92.421799, 27.097778], [-92.421799, 27.095718], [-92.422485, 27.095718], [-92.422485, 27.095032], [-92.423859, 27.095032], [-92.423859, 27.093658], [-92.423172, 27.093658], [-92.423172, 27.091599], [-92.422485, 27.091599], [-92.422485, 27.090225], [-92.423172, 27.090225], [-92.423172, 27.089539], [-92.422485, 27.089539], [-92.422485, 27.087479], [-92.421112, 27.087479], [-92.421112, 27.086792], [-92.420425, 27.086792], [-92.420425, 27.084732], [-92.421112, 27.084732], [-92.421112, 27.083359], [-92.419739, 27.083359], [-92.419739, 27.086792], [-92.418365, 27.086792], [-92.418365, 27.084045], [-92.417679, 27.084045], [-92.417679, 27.081985], [-92.416992, 27.081985], [-92.416992, 27.081299], [-92.416306, 27.081299], [-92.416306, 27.080612], [-92.415619, 27.080612], [-92.415619, 27.078552], [-92.414246, 27.078552], [-92.414246, 27.077179], [-92.413559, 27.077179], [-92.413559, 27.077866], [-92.412872, 27.077866], [-92.412872, 27.078552], [-92.413559, 27.078552], [-92.413559, 27.081299], [-92.412872, 27.081299], [-92.412872, 27.081985], [-92.413559, 27.081985], [-92.413559, 27.084045], [-92.414246, 27.084045], [-92.414246, 27.086105], [-92.414932, 27.086105], [-92.414932, 27.088165], [-92.415619, 27.088165], [-92.415619, 27.089539], [-92.414932, 27.089539], [-92.414932, 27.088852], [-92.414246, 27.088852], [-92.414246, 27.086792], [-92.413559, 27.086792], [-92.413559, 27.084732], [-92.412186, 27.084732], [-92.412186, 27.081985], [-92.410812, 27.081985], [-92.410812, 27.078552], [-92.411499, 27.078552], [-92.411499, 27.077866], [-92.410812, 27.077866], [-92.410812, 27.077179], [-92.408066, 27.077179], [-92.408066, 27.076492], [-92.404633, 27.076492], [-92.404633, 27.077179], [-92.403946, 27.077179], [-92.403946, 27.076492], [-92.403259, 27.076492], [-92.403259, 27.075119], [-92.402573, 27.075119], [-92.402573, 27.074432], [-92.397766, 27.074432], [-92.397766, 27.073059], [-92.397079, 27.073059], [-92.397079, 27.073746], [-92.396393, 27.073746], [-92.396393, 27.074432], [-92.39502, 27.074432], [-92.39502, 27.073746], [-92.394333, 27.073746], [-92.394333, 27.073059], [-92.39296, 27.073059], [-92.39296, 27.072372], [-92.3909, 27.072372], [-92.3909, 27.073059], [-92.390213, 27.073059], [-92.390213, 27.072372], [-92.389526, 27.072372], [-92.389526, 27.074432], [-92.38884, 27.074432], [-92.38884, 27.075119], [-92.38678, 27.075119], [-92.38678, 27.075806], [-92.384033, 27.075806], [-92.384033, 27.076492], [-92.383347, 27.076492], [-92.383347, 27.077179], [-92.37854, 27.077179], [-92.37854, 27.081985], [-92.377853, 27.081985], [-92.377853, 27.084045], [-92.377167, 27.084045], [-92.377167, 27.084732], [-92.373734, 27.084732], [-92.373734, 27.085419], [-92.3703, 27.085419], [-92.3703, 27.086792], [-92.369614, 27.086792], [-92.369614, 27.087479], [-92.36824, 27.087479], [-92.36824, 27.088165], [-92.367554, 27.088165], [-92.367554, 27.089539], [-92.366867, 27.089539], [-92.366867, 27.090225], [-92.36618, 27.090225], [-92.36618, 27.090912], [-92.363434, 27.090912], [-92.363434, 27.091599], [-92.362747, 27.091599], [-92.362747, 27.092285], [-92.360687, 27.092285], [-92.360687, 27.091599], [-92.358627, 27.091599], [-92.358627, 27.092285], [-92.357941, 27.092285], [-92.357941, 27.091599], [-92.354507, 27.091599], [-92.354507, 27.090912], [-92.353821, 27.090912], [-92.353821, 27.091599], [-92.353134, 27.091599], [-92.353134, 27.090912], [-92.352448, 27.090912], [-92.352448, 27.090225], [-92.351761, 27.090225], [-92.351761, 27.089539], [-92.348328, 27.089539], [-92.348328, 27.088852], [-92.347641, 27.088852], [-92.347641, 27.088165], [-92.345581, 27.088165], [-92.345581, 27.088852], [-92.342834, 27.088852], [-92.342834, 27.089539], [-92.342148, 27.089539], [-92.342148, 27.088852], [-92.340775, 27.088852], [-92.340775, 27.088165], [-92.340088, 27.088165], [-92.340088, 27.085419], [-92.339401, 27.085419], [-92.339401, 27.083359], [-92.338028, 27.083359], [-92.338028, 27.084045], [-92.336655, 27.084045], [-92.336655, 27.083359], [-92.335968, 27.083359], [-92.335968, 27.082672], [-92.333908, 27.082672], [-92.333908, 27.083359], [-92.334595, 27.083359], [-92.334595, 27.084732], [-92.333908, 27.084732], [-92.333908, 27.084045], [-92.333221, 27.084045], [-92.333221, 27.084732], [-92.331161, 27.084732], [-92.331161, 27.084045], [-92.330475, 27.084045], [-92.330475, 27.084732], [-92.329788, 27.084732], [-92.329788, 27.083359], [-92.330475, 27.083359], [-92.330475, 27.081299], [-92.328415, 27.081299], [-92.328415, 27.080612], [-92.327728, 27.080612], [-92.327728, 27.078552], [-92.325668, 27.078552], [-92.325668, 27.079239], [-92.324982, 27.079239], [-92.324982, 27.080612], [-92.323608, 27.080612], [-92.323608, 27.079926], [-92.322922, 27.079926], [-92.322922, 27.079239], [-92.321548, 27.079239], [-92.321548, 27.080612], [-92.320175, 27.080612], [-92.320175, 27.079239], [-92.319489, 27.079239], [-92.319489, 27.078552], [-92.318115, 27.078552], [-92.318115, 27.079239], [-92.316742, 27.079239], [-92.316742, 27.078552], [-92.315369, 27.078552], [-92.315369, 27.081299], [-92.314682, 27.081299], [-92.314682, 27.081985], [-92.313995, 27.081985], [-92.313995, 27.083359], [-92.313309, 27.083359], [-92.313309, 27.084732], [-92.312622, 27.084732], [-92.312622, 27.085419], [-92.311249, 27.085419], [-92.311249, 27.086105], [-92.310562, 27.086105], [-92.310562, 27.085419], [-92.309189, 27.085419], [-92.309189, 27.084732], [-92.308502, 27.084732], [-92.308502, 27.084045], [-92.301636, 27.084045], [-92.301636, 27.083359], [-92.300262, 27.083359], [-92.300262, 27.082672], [-92.296829, 27.082672], [-92.296829, 27.081985], [-92.296143, 27.081985], [-92.296143, 27.081299], [-92.294769, 27.081299], [-92.294769, 27.081985], [-92.294083, 27.081985], [-92.294083, 27.081299], [-92.293396, 27.081299], [-92.293396, 27.080612], [-92.292709, 27.080612], [-92.292709, 27.078552], [-92.292023, 27.078552], [-92.292023, 27.077866], [-92.289963, 27.077866], [-92.289963, 27.076492], [-92.288589, 27.076492], [-92.288589, 27.075806], [-92.281036, 27.075806], [-92.281036, 27.075119], [-92.28035, 27.075119], [-92.28035, 27.074432], [-92.27829, 27.074432], [-92.27829, 27.073059], [-92.277603, 27.073059], [-92.277603, 27.073746], [-92.276917, 27.073746], [-92.276917, 27.074432], [-92.275543, 27.074432], [-92.275543, 27.075119], [-92.27417, 27.075119], [-92.27417, 27.074432], [-92.273483, 27.074432], [-92.273483, 27.073746], [-92.272797, 27.073746], [-92.272797, 27.072372], [-92.269363, 27.072372], [-92.269363, 27.073059], [-92.26799, 27.073059], [-92.26799, 27.075119], [-92.267303, 27.075119], [-92.267303, 27.076492], [-92.266617, 27.076492], [-92.266617, 27.077866], [-92.26593, 27.077866], [-92.26593, 27.078552], [-92.265244, 27.078552], [-92.265244, 27.079926], [-92.264557, 27.079926], [-92.264557, 27.081299], [-92.26387, 27.081299], [-92.26387, 27.081985], [-92.263184, 27.081985], [-92.263184, 27.083359], [-92.262497, 27.083359], [-92.262497, 27.084045], [-92.26181, 27.084045], [-92.26181, 27.084732], [-92.261124, 27.084732], [-92.261124, 27.085419], [-92.25975, 27.085419], [-92.25975, 27.086105], [-92.259064, 27.086105], [-92.259064, 27.086792], [-92.258377, 27.086792], [-92.258377, 27.088165], [-92.25769, 27.088165], [-92.25769, 27.088852], [-92.256317, 27.088852], [-92.256317, 27.088165], [-92.254944, 27.088165], [-92.254944, 27.088852], [-92.254257, 27.088852], [-92.254257, 27.089539], [-92.252884, 27.089539], [-92.252884, 27.090225], [-92.251511, 27.090225], [-92.251511, 27.089539], [-92.252197, 27.089539], [-92.252197, 27.088852], [-92.253571, 27.088852], [-92.253571, 27.087479], [-92.25563, 27.087479], [-92.25563, 27.086792], [-92.256317, 27.086792], [-92.256317, 27.086105], [-92.257004, 27.086105], [-92.257004, 27.085419], [-92.258377, 27.085419], [-92.258377, 27.084045], [-92.259064, 27.084045], [-92.259064, 27.083359], [-92.260437, 27.083359], [-92.260437, 27.082672], [-92.261124, 27.082672], [-92.261124, 27.081985], [-92.262497, 27.081985], [-92.262497, 27.081299], [-92.263184, 27.081299], [-92.263184, 27.079239], [-92.26387, 27.079239], [-92.26387, 27.077866], [-92.264557, 27.077866], [-92.264557, 27.074432], [-92.265244, 27.074432], [-92.265244, 27.071686], [-92.26593, 27.071686], [-92.26593, 27.070313], [-92.267303, 27.070313], [-92.267303, 27.069626], [-92.26799, 27.069626], [-92.26799, 27.068939], [-92.268677, 27.068939], [-92.268677, 27.068253], [-92.271423, 27.068253], [-92.271423, 27.067566], [-92.272797, 27.067566], [-92.272797, 27.068253], [-92.27417, 27.068253], [-92.27417, 27.067566], [-92.274857, 27.067566], [-92.274857, 27.066193], [-92.275543, 27.066193], [-92.275543, 27.064819], [-92.276917, 27.064819], [-92.276917, 27.064133], [-92.281723, 27.064133], [-92.281723, 27.064819], [-92.28241, 27.064819], [-92.28241, 27.065506], [-92.285843, 27.065506], [-92.285843, 27.066879], [-92.28653, 27.066879], [-92.28653, 27.067566], [-92.285156, 27.067566], [-92.285156, 27.068253], [-92.28447, 27.068253], [-92.28447, 27.067566], [-92.283783, 27.067566], [-92.283783, 27.068253], [-92.283096, 27.068253], [-92.283096, 27.069626], [-92.28241, 27.069626], [-92.28241, 27.070313], [-92.28447, 27.070313], [-92.28447, 27.071686], [-92.285843, 27.071686], [-92.285843, 27.070999], [-92.287216, 27.070999], [-92.287216, 27.070313], [-92.293396, 27.070313], [-92.293396, 27.071686], [-92.294083, 27.071686], [-92.294083, 27.073059], [-92.294769, 27.073059], [-92.294769, 27.074432], [-92.295456, 27.074432], [-92.295456, 27.075119], [-92.296143, 27.075119], [-92.296143, 27.076492], [-92.297516, 27.076492], [-92.297516, 27.077866], [-92.296829, 27.077866], [-92.296829, 27.080612], [-92.297516, 27.080612], [-92.297516, 27.081299], [-92.298889, 27.081299], [-92.298889, 27.080612], [-92.300262, 27.080612], [-92.300262, 27.081299], [-92.300949, 27.081299], [-92.300949, 27.082672], [-92.303009, 27.082672], [-92.303009, 27.081985], [-92.303696, 27.081985], [-92.303696, 27.081299], [-92.307129, 27.081299], [-92.307129, 27.080612], [-92.306442, 27.080612], [-92.306442, 27.078552], [-92.307816, 27.078552], [-92.307816, 27.077866], [-92.309189, 27.077866], [-92.309189, 27.079239], [-92.309875, 27.079239], [-92.309875, 27.079926], [-92.310562, 27.079926], [-92.310562, 27.079239], [-92.311249, 27.079239], [-92.311249, 27.080612], [-92.311935, 27.080612], [-92.311935, 27.077179], [-92.312622, 27.077179], [-92.312622, 27.075119], [-92.313995, 27.075119], [-92.313995, 27.074432], [-92.315369, 27.074432], [-92.315369, 27.075119], [-92.316055, 27.075119], [-92.316055, 27.075806], [-92.318802, 27.075806], [-92.318802, 27.075119], [-92.319489, 27.075119], [-92.319489, 27.074432], [-92.320175, 27.074432], [-92.320175, 27.073059], [-92.320862, 27.073059], [-92.320862, 27.071686], [-92.322922, 27.071686], [-92.322922, 27.070999], [-92.324295, 27.070999], [-92.324295, 27.070313], [-92.328415, 27.070313], [-92.328415, 27.069626], [-92.330475, 27.069626], [-92.330475, 27.070313], [-92.331848, 27.070313], [-92.331848, 27.071686], [-92.331161, 27.071686], [-92.331161, 27.072372], [-92.331848, 27.072372], [-92.331848, 27.073059], [-92.332535, 27.073059], [-92.332535, 27.073746], [-92.331848, 27.073746], [-92.331848, 27.076492], [-92.333221, 27.076492], [-92.333221, 27.077179], [-92.334595, 27.077179], [-92.334595, 27.075806], [-92.333908, 27.075806], [-92.333908, 27.075119], [-92.333221, 27.075119], [-92.333221, 27.073059], [-92.334595, 27.073059], [-92.334595, 27.071686], [-92.333908, 27.071686], [-92.333908, 27.070999], [-92.334595, 27.070999], [-92.334595, 27.070313], [-92.364807, 27.070313], [-92.364807, 27.070999], [-92.36618, 27.070999], [-92.36618, 27.070313], [-92.367554, 27.070313], [-92.367554, 27.070999], [-92.368927, 27.070999], [-92.368927, 27.070313], [-92.414932, 27.070313], [-92.414932, 27.070999], [-92.415619, 27.070999], [-92.415619, 27.070313], [-92.416306, 27.070313], [-92.416306, 27.071686], [-92.419052, 27.071686], [-92.419052, 27.070999], [-92.419739, 27.070999], [-92.419739, 27.071686], [-92.421112, 27.071686], [-92.421112, 27.070313], [-92.423172, 27.070313], [-92.423172, 27.070999], [-92.423859, 27.070999], [-92.423859, 27.071686], [-92.424545, 27.071686], [-92.424545, 27.075119], [-92.425232, 27.075119], [-92.425232, 27.076492], [-92.426605, 27.076492], [-92.426605, 27.079239], [-92.425919, 27.079239], [-92.425919, 27.079926], [-92.426605, 27.079926], [-92.426605, 27.080612], [-92.427292, 27.080612], [-92.427292, 27.081299], [-92.427979, 27.081299], [-92.427979, 27.082672], [-92.428665, 27.082672], [-92.428665, 27.083359], [-92.427979, 27.083359], [-92.427979, 27.084045], [-92.428665, 27.084045], [-92.428665, 27.084732], [-92.427979, 27.084732], [-92.427979, 27.085419], [-92.427292, 27.085419], [-92.427292, 27.088165], [-92.427979, 27.088165], [-92.427979, 27.098465], [-92.427292, 27.098465], [-92.427292, 27.101898], [-92.427979, 27.101898], [-92.427979, 27.102585], [-92.425232, 27.102585], [-92.425232, 27.103271], [-92.426605, 27.103271], [-92.426605, 27.106705], [-92.424545, 27.106705], [-92.424545, 27.104645], [-92.423859, 27.104645], [-92.423859, 27.103271], [-92.423172, 27.103271], [-92.423172, 27.103958], [-92.422485, 27.103958], [-92.422485, 27.104645], [-92.423172, 27.104645], [-92.423172, 27.105331], [-92.422485, 27.105331], [-92.422485, 27.106705], [-92.421799, 27.106705], [-92.421799, 27.108078], [-92.422485, 27.108078], [-92.422485, 27.108765], [-92.423172, 27.108765], [-92.423172, 27.109451], [-92.423859, 27.109451], [-92.423859, 27.110138], [-92.423172, 27.110138], [-92.423172, 27.110825]], [[-92.377853, 27.081985], [-92.377853, 27.081299], [-92.377167, 27.081299], [-92.377167, 27.080612], [-92.375793, 27.080612], [-92.375793, 27.081985], [-92.37648, 27.081985], [-92.37648, 27.082672], [-92.377167, 27.082672], [-92.377167, 27.081985], [-92.377853, 27.081985]], [[-92.328415, 27.070313], [-92.328415, 27.070999], [-92.329102, 27.070999], [-92.329102, 27.070313], [-92.328415, 27.070313]], [[-92.281723, 27.067566], [-92.281723, 27.066879], [-92.281036, 27.066879], [-92.281036, 27.067566], [-92.281723, 27.067566]], [[-92.330475, 27.073059], [-92.330475, 27.072372], [-92.329788, 27.072372], [-92.329788, 27.073059], [-92.330475, 27.073059]], [[-92.329788, 27.072372], [-92.329788, 27.071686], [-92.329102, 27.071686], [-92.329102, 27.072372], [-92.329788, 27.072372]], [[-92.338715, 27.074432], [-92.338715, 27.073746], [-92.338028, 27.073746], [-92.338028, 27.072372], [-92.337341, 27.072372], [-92.337341, 27.071686], [-92.335281, 27.071686], [-92.335281, 27.072372], [-92.335968, 27.072372], [-92.335968, 27.073059], [-92.337341, 27.073059], [-92.337341, 27.074432], [-92.338715, 27.074432]], [[-92.359314, 27.089539], [-92.359314, 27.088852], [-92.358627, 27.088852], [-92.358627, 27.088165], [-92.360001, 27.088165], [-92.360001, 27.087479], [-92.361374, 27.087479], [-92.361374, 27.088165], [-92.362747, 27.088165], [-92.362747, 27.087479], [-92.363434, 27.087479], [-92.363434, 27.086792], [-92.36412, 27.086792], [-92.36412, 27.081985], [-92.363434, 27.081985], [-92.363434, 27.081299], [-92.362747, 27.081299], [-92.362747, 27.081985], [-92.360001, 27.081985], [-92.360001, 27.081299], [-92.357254, 27.081299], [-92.357254, 27.080612], [-92.356567, 27.080612], [-92.356567, 27.081299], [-92.353821, 27.081299], [-92.353821, 27.080612], [-92.352448, 27.080612], [-92.352448, 27.081299], [-92.353134, 27.081299], [-92.353134, 27.081985], [-92.353821, 27.081985], [-92.353821, 27.084045], [-92.356567, 27.084045], [-92.356567, 27.084732], [-92.357941, 27.084732], [-92.357941, 27.086792], [-92.355881, 27.086792], [-92.355881, 27.088165], [-92.356567, 27.088165], [-92.356567, 27.088852], [-92.357254, 27.088852], [-92.357254, 27.089539], [-92.359314, 27.089539]], [[-92.356567, 27.080612], [-92.356567, 27.079239], [-92.355881, 27.079239], [-92.355881, 27.080612], [-92.356567, 27.080612]], [[-92.360687, 27.080612], [-92.360687, 27.079239], [-92.358627, 27.079239], [-92.358627, 27.079926], [-92.359314, 27.079926], [-92.359314, 27.080612], [-92.360687, 27.080612]], [[-92.362061, 27.090912], [-92.362061, 27.090225], [-92.361374, 27.090225], [-92.361374, 27.088852], [-92.360001, 27.088852], [-92.360001, 27.090225], [-92.360687, 27.090225], [-92.360687, 27.090912], [-92.362061, 27.090912]], [[-92.360687, 27.076492], [-92.360687, 27.075806], [-92.360001, 27.075806], [-92.360001, 27.076492], [-92.360687, 27.076492]], [[-92.36618, 27.081299], [-92.36618, 27.079239], [-92.366867, 27.079239], [-92.366867, 27.078552], [-92.368927, 27.078552], [-92.368927, 27.077866], [-92.369614, 27.077866], [-92.369614, 27.076492], [-92.3703, 27.076492], [-92.3703, 27.075806], [-92.368927, 27.075806], [-92.368927, 27.075119], [-92.3703, 27.075119], [-92.3703, 27.074432], [-92.367554, 27.074432], [-92.367554, 27.073746], [-92.366867, 27.073746], [-92.366867, 27.075119], [-92.36618, 27.075119], [-92.36618, 27.075806], [-92.364807, 27.075806], [-92.364807, 27.075119], [-92.365494, 27.075119], [-92.365494, 27.074432], [-92.36412, 27.074432], [-92.36412, 27.073746], [-92.363434, 27.073746], [-92.363434, 27.073059], [-92.362747, 27.073059], [-92.362747, 27.073746], [-92.362061, 27.073746], [-92.362061, 27.074432], [-92.363434, 27.074432], [-92.363434, 27.075806], [-92.36412, 27.075806], [-92.36412, 27.077179], [-92.364807, 27.077179], [-92.364807, 27.077866], [-92.365494, 27.077866], [-92.365494, 27.078552], [-92.364807, 27.078552], [-92.364807, 27.081299], [-92.36618, 27.081299]], [[-92.362061, 27.073746], [-92.362061, 27.073059], [-92.361374, 27.073059], [-92.361374, 27.073746], [-92.362061, 27.073746]], [[-92.3703, 27.081985], [-92.3703, 27.081299], [-92.371674, 27.081299], [-92.371674, 27.078552], [-92.370987, 27.078552], [-92.370987, 27.079239], [-92.3703, 27.079239], [-92.3703, 27.080612], [-92.368927, 27.080612], [-92.368927, 27.081985], [-92.3703, 27.081985]], [[-92.368927, 27.081985], [-92.367554, 27.081985], [-92.367554, 27.082672], [-92.368927, 27.082672], [-92.368927, 27.081985]], [[-92.423859, 27.074432], [-92.423859, 27.073059], [-92.423172, 27.073059], [-92.423172, 27.074432], [-92.423859, 27.074432]]], [[[-92.328415, 27.069626], [-92.327728, 27.069626], [-92.327728, 27.068939], [-92.328415, 27.068939], [-92.328415, 27.069626]]], [[[-92.415619, 27.089539], [-92.416306, 27.089539], [-92.416306, 27.090225], [-92.416992, 27.090225], [-92.416992, 27.090912], [-92.417679, 27.090912], [-92.417679, 27.091599], [-92.415619, 27.091599], [-92.415619, 27.089539]]], [[[-92.259064, 27.179489], [-92.258377, 27.179489], [-92.258377, 27.178802], [-92.259064, 27.178802], [-92.259064, 27.179489]]], [[[-92.305756, 27.181549], [-92.303009, 27.181549], [-92.303009, 27.180862], [-92.302322, 27.180862], [-92.302322, 27.179489], [-92.301636, 27.179489], [-92.301636, 27.178802], [-92.300949, 27.178802], [-92.300949, 27.178116], [-92.300262, 27.178116], [-92.300262, 27.176743], [-92.299576, 27.176743], [-92.299576, 27.175369], [-92.300262, 27.175369], [-92.300262, 27.174683], [-92.299576, 27.174683], [-92.299576, 27.173309], [-92.298889, 27.173309], [-92.298889, 27.171936], [-92.297516, 27.171936], [-92.297516, 27.173309], [-92.296143, 27.173309], [-92.296143, 27.172623], [-92.294083, 27.172623], [-92.294083, 27.171936], [-92.292709, 27.171936], [-92.292709, 27.169876], [-92.291336, 27.169876], [-92.291336, 27.169189], [-92.290649, 27.169189], [-92.290649, 27.167816], [-92.289963, 27.167816], [-92.289963, 27.166443], [-92.289276, 27.166443], [-92.289276, 27.165756], [-92.288589, 27.165756], [-92.288589, 27.16507], [-92.287903, 27.16507], [-92.287903, 27.16301], [-92.287216, 27.16301], [-92.287216, 27.160263], [-92.285843, 27.160263], [-92.285843, 27.159576], [-92.28447, 27.159576], [-92.28447, 27.158203], [-92.283783, 27.158203], [-92.283783, 27.157516], [-92.28241, 27.157516], [-92.28241, 27.15683], [-92.281723, 27.15683], [-92.281723, 27.155457], [-92.281036, 27.155457], [-92.281036, 27.15477], [-92.278976, 27.15477], [-92.278976, 27.154083], [-92.276917, 27.154083], [-92.276917, 27.153397], [-92.27623, 27.153397], [-92.27623, 27.15271], [-92.27417, 27.15271], [-92.27417, 27.152023], [-92.272797, 27.152023], [-92.272797, 27.151337], [-92.271423, 27.151337], [-92.271423, 27.15065], [-92.269363, 27.15065], [-92.269363, 27.149963], [-92.26799, 27.149963], [-92.26799, 27.149277], [-92.267303, 27.149277], [-92.267303, 27.14859], [-92.266617, 27.14859], [-92.266617, 27.147903], [-92.265244, 27.147903], [-92.265244, 27.14653], [-92.26593, 27.14653], [-92.26593, 27.145844], [-92.269363, 27.145844], [-92.269363, 27.14653], [-92.272797, 27.14653], [-92.272797, 27.147217], [-92.275543, 27.147217], [-92.275543, 27.147903], [-92.276917, 27.147903], [-92.276917, 27.14859], [-92.279663, 27.14859], [-92.279663, 27.149277], [-92.28035, 27.149277], [-92.28035, 27.149963], [-92.281036, 27.149963], [-92.281036, 27.15065], [-92.28241, 27.15065], [-92.28241, 27.151337], [-92.283783, 27.151337], [-92.283783, 27.152023], [-92.285843, 27.152023], [-92.285843, 27.15271], [-92.287216, 27.15271], [-92.287216, 27.153397], [-92.287903, 27.153397], [-92.287903, 27.15477], [-92.288589, 27.15477], [-92.288589, 27.155457], [-92.289276, 27.155457], [-92.289276, 27.158203], [-92.290649, 27.158203], [-92.290649, 27.15889], [-92.292023, 27.15889], [-92.292023, 27.160263], [-92.292709, 27.160263], [-92.292709, 27.161636], [-92.293396, 27.161636], [-92.293396, 27.162323], [-92.294083, 27.162323], [-92.294083, 27.163696], [-92.294769, 27.163696], [-92.294769, 27.164383], [-92.295456, 27.164383], [-92.295456, 27.16507], [-92.296143, 27.16507], [-92.296143, 27.166443], [-92.296829, 27.166443], [-92.296829, 27.167816], [-92.299576, 27.167816], [-92.299576, 27.168503], [-92.300262, 27.168503], [-92.300262, 27.170563], [-92.300949, 27.170563], [-92.300949, 27.171249], [-92.301636, 27.171249], [-92.301636, 27.171936], [-92.302322, 27.171936], [-92.302322, 27.173309], [-92.303009, 27.173309], [-92.303009, 27.173996], [-92.304382, 27.173996], [-92.304382, 27.174683], [-92.305069, 27.174683], [-92.305069, 27.173996], [-92.306442, 27.173996], [-92.306442, 27.175369], [-92.307129, 27.175369], [-92.307129, 27.177429], [-92.307816, 27.177429], [-92.307816, 27.180176], [-92.306442, 27.180176], [-92.306442, 27.180862], [-92.305756, 27.180862], [-92.305756, 27.181549]], [[-92.28035, 27.153397], [-92.28035, 27.15271], [-92.27829, 27.15271], [-92.27829, 27.153397], [-92.28035, 27.153397]]], [[[-92.269363, 27.067566], [-92.268677, 27.067566], [-92.268677, 27.066879], [-92.26799, 27.066879], [-92.26799, 27.066193], [-92.269363, 27.066193], [-92.269363, 27.067566]]], [[[-92.287903, 27.211075], [-92.28653, 27.211075], [-92.28653, 27.210388], [-92.287903, 27.210388], [-92.287903, 27.211075]]], [[[-92.292023, 27.213135], [-92.290649, 27.213135], [-92.290649, 27.212448], [-92.292023, 27.212448], [-92.292023, 27.213135]]], [[[-92.292709, 27.0504], [-92.292023, 27.0504], [-92.292023, 27.049713], [-92.292709, 27.049713], [-92.292709, 27.0504]]], [[[-92.305756, 27.057266], [-92.305069, 27.057266], [-92.305069, 27.05658], [-92.305756, 27.05658], [-92.305756, 27.057266]]], [[[-92.305069, 27.05658], [-92.303009, 27.05658], [-92.303009, 27.057266], [-92.301636, 27.057266], [-92.301636, 27.05658], [-92.298203, 27.05658], [-92.298203, 27.057266], [-92.297516, 27.057266], [-92.297516, 27.05658], [-92.295456, 27.05658], [-92.295456, 27.055893], [-92.294769, 27.055893], [-92.294769, 27.055206], [-92.292709, 27.055206], [-92.292709, 27.05452], [-92.292023, 27.05452], [-92.292023, 27.053833], [-92.295456, 27.053833], [-92.295456, 27.05452], [-92.296143, 27.05452], [-92.296143, 27.055206], [-92.297516, 27.055206], [-92.297516, 27.055893], [-92.299576, 27.055893], [-92.299576, 27.055206], [-92.301636, 27.055206], [-92.301636, 27.055893], [-92.305069, 27.055893], [-92.305069, 27.05658]]], [[[-92.307816, 27.093658], [-92.307129, 27.093658], [-92.307129, 27.092972], [-92.306442, 27.092972], [-92.306442, 27.089539], [-92.307129, 27.089539], [-92.307129, 27.088852], [-92.303696, 27.088852], [-92.303696, 27.089539], [-92.303009, 27.089539], [-92.303009, 27.088852], [-92.302322, 27.088852], [-92.302322, 27.089539], [-92.300949, 27.089539], [-92.300949, 27.088852], [-92.300262, 27.088852], [-92.300262, 27.088165], [-92.298889, 27.088165], [-92.298889, 27.090912], [-92.297516, 27.090912], [-92.297516, 27.089539], [-92.296829, 27.089539], [-92.296829, 27.088165], [-92.296143, 27.088165], [-92.296143, 27.087479], [-92.295456, 27.087479], [-92.295456, 27.085419], [-92.294769, 27.085419], [-92.294769, 27.084732], [-92.294083, 27.084732], [-92.294083, 27.083359], [-92.293396, 27.083359], [-92.293396, 27.082672], [-92.294769, 27.082672], [-92.294769, 27.083359], [-92.295456, 27.083359], [-92.295456, 27.084045], [-92.296143, 27.084045], [-92.296143, 27.084732], [-92.298889, 27.084732], [-92.298889, 27.085419], [-92.299576, 27.085419], [-92.299576, 27.086792], [-92.300949, 27.086792], [-92.300949, 27.087479], [-92.309875, 27.087479], [-92.309875, 27.088165], [-92.311249, 27.088165], [-92.311249, 27.089539], [-92.309189, 27.089539], [-92.309189, 27.090225], [-92.307129, 27.090225], [-92.307129, 27.090912], [-92.307816, 27.090912], [-92.307816, 27.091599], [-92.308502, 27.091599], [-92.308502, 27.090912], [-92.309875, 27.090912], [-92.309875, 27.091599], [-92.309189, 27.091599], [-92.309189, 27.092285], [-92.307816, 27.092285], [-92.307816, 27.093658]]], [[[-92.307129, 27.093658], [-92.307129, 27.094345], [-92.306442, 27.094345], [-92.306442, 27.097778], [-92.305069, 27.097778], [-92.305069, 27.096405], [-92.305756, 27.096405], [-92.305756, 27.095718], [-92.305069, 27.095718], [-92.305069, 27.095032], [-92.305756, 27.095032], [-92.305756, 27.093658], [-92.307129, 27.093658]]], [[[-92.305069, 27.097778], [-92.305069, 27.098465], [-92.304382, 27.098465], [-92.304382, 27.099838], [-92.303696, 27.099838], [-92.303696, 27.100525], [-92.303009, 27.100525], [-92.303009, 27.101898], [-92.303696, 27.101898], [-92.303696, 27.102585], [-92.304382, 27.102585], [-92.304382, 27.103271], [-92.305069, 27.103271], [-92.305069, 27.103958], [-92.303696, 27.103958], [-92.303696, 27.103271], [-92.302322, 27.103271], [-92.302322, 27.103958], [-92.301636, 27.103958], [-92.301636, 27.106018], [-92.300949, 27.106018], [-92.300949, 27.103271], [-92.301636, 27.103271], [-92.301636, 27.101898], [-92.300949, 27.101898], [-92.300949, 27.101212], [-92.300262, 27.101212], [-92.300262, 27.100525], [-92.300949, 27.100525], [-92.300949, 27.098465], [-92.302322, 27.098465], [-92.302322, 27.097778], [-92.300949, 27.097778], [-92.300949, 27.096405], [-92.303696, 27.096405], [-92.303696, 27.097092], [-92.304382, 27.097092], [-92.304382, 27.097778], [-92.305069, 27.097778]]], [[[-92.301636, 27.106018], [-92.302322, 27.106018], [-92.302322, 27.107391], [-92.303696, 27.107391], [-92.303696, 27.108765], [-92.304382, 27.108765], [-92.304382, 27.109451], [-92.305069, 27.109451], [-92.305069, 27.111511], [-92.303696, 27.111511], [-92.303696, 27.110138], [-92.302322, 27.110138], [-92.302322, 27.110825], [-92.300949, 27.110825], [-92.300949, 27.109451], [-92.300262, 27.109451], [-92.300262, 27.108765], [-92.300949, 27.108765], [-92.300949, 27.106705], [-92.301636, 27.106705], [-92.301636, 27.106018]]], [[[-92.307816, 27.051086], [-92.306442, 27.051086], [-92.306442, 27.0504], [-92.307816, 27.0504], [-92.307816, 27.051086]]], [[[-92.306442, 27.0504], [-92.305069, 27.0504], [-92.305069, 27.049713], [-92.304382, 27.049713], [-92.304382, 27.049026], [-92.303009, 27.049026], [-92.303009, 27.04834], [-92.301636, 27.04834], [-92.301636, 27.046967], [-92.300949, 27.046967], [-92.300949, 27.04628], [-92.299576, 27.04628], [-92.299576, 27.045593], [-92.296829, 27.045593], [-92.296829, 27.044907], [-92.300949, 27.044907], [-92.300949, 27.045593], [-92.301636, 27.045593], [-92.301636, 27.04628], [-92.302322, 27.04628], [-92.302322, 27.046967], [-92.303696, 27.046967], [-92.303696, 27.047653], [-92.304382, 27.047653], [-92.304382, 27.04834], [-92.305069, 27.04834], [-92.305069, 27.049026], [-92.305756, 27.049026], [-92.305756, 27.049713], [-92.306442, 27.049713], [-92.306442, 27.0504]]], [[[-92.305069, 27.090225], [-92.304382, 27.090225], [-92.304382, 27.089539], [-92.305069, 27.089539], [-92.305069, 27.090225]]], [[[-92.311249, 27.077179], [-92.309875, 27.077179], [-92.309875, 27.075806], [-92.311249, 27.075806], [-92.311249, 27.077179]]], [[[-92.315369, 27.057953], [-92.312622, 27.057953], [-92.312622, 27.057266], [-92.311935, 27.057266], [-92.311935, 27.057953], [-92.311249, 27.057953], [-92.311249, 27.05658], [-92.313995, 27.05658], [-92.313995, 27.057266], [-92.315369, 27.057266], [-92.315369, 27.057953]]], [[[-92.326355, 27.061386], [-92.324982, 27.061386], [-92.324982, 27.060013], [-92.324295, 27.060013], [-92.324295, 27.060699], [-92.323608, 27.060699], [-92.323608, 27.061386], [-92.321548, 27.061386], [-92.321548, 27.060013], [-92.319489, 27.060013], [-92.319489, 27.059326], [-92.318802, 27.059326], [-92.318802, 27.05864], [-92.320175, 27.05864], [-92.320175, 27.057953], [-92.321548, 27.057953], [-92.321548, 27.05864], [-92.322922, 27.05864], [-92.322922, 27.05658], [-92.324982, 27.05658], [-92.324982, 27.057266], [-92.324295, 27.057266], [-92.324295, 27.05864], [-92.324982, 27.05864], [-92.324982, 27.059326], [-92.325668, 27.059326], [-92.325668, 27.060013], [-92.326355, 27.060013], [-92.326355, 27.061386]]], [[[-92.325668, 27.082672], [-92.324982, 27.082672], [-92.324982, 27.081985], [-92.325668, 27.081985], [-92.325668, 27.082672]]], [[[-92.324982, 27.082672], [-92.324982, 27.083359], [-92.322922, 27.083359], [-92.322922, 27.082672], [-92.324982, 27.082672]]], [[[-92.324295, 27.065506], [-92.323608, 27.065506], [-92.323608, 27.064819], [-92.324295, 27.064819], [-92.324295, 27.065506]]], [[[-92.327042, 27.082672], [-92.326355, 27.082672], [-92.326355, 27.081985], [-92.327042, 27.081985], [-92.327042, 27.082672]]], [[[-92.331848, 27.057953], [-92.330475, 27.057953], [-92.330475, 27.057266], [-92.329102, 27.057266], [-92.329102, 27.055893], [-92.330475, 27.055893], [-92.330475, 27.05658], [-92.331161, 27.05658], [-92.331161, 27.057266], [-92.331848, 27.057266], [-92.331848, 27.057953]]], [[[-92.333908, 27.064819], [-92.331848, 27.064819], [-92.331848, 27.063446], [-92.331161, 27.063446], [-92.331161, 27.062759], [-92.331848, 27.062759], [-92.331848, 27.062073], [-92.332535, 27.062073], [-92.332535, 27.061386], [-92.333908, 27.061386], [-92.333908, 27.062073], [-92.335281, 27.062073], [-92.335281, 27.062759], [-92.335968, 27.062759], [-92.335968, 27.063446], [-92.335281, 27.063446], [-92.335281, 27.064133], [-92.333908, 27.064133], [-92.333908, 27.064819]]], [[[-92.332535, 27.061386], [-92.331161, 27.061386], [-92.331161, 27.060699], [-92.330475, 27.060699], [-92.330475, 27.059326], [-92.332535, 27.059326], [-92.332535, 27.061386]]], [[[-92.342834, 27.272873], [-92.340775, 27.272873], [-92.340775, 27.272186], [-92.340088, 27.272186], [-92.340088, 27.272873], [-92.339401, 27.272873], [-92.339401, 27.272186], [-92.338715, 27.272186], [-92.338715, 27.2715], [-92.340088, 27.2715], [-92.340088, 27.270813], [-92.343521, 27.270813], [-92.343521, 27.270126], [-92.344208, 27.270126], [-92.344208, 27.26944], [-92.344894, 27.26944], [-92.344894, 27.270813], [-92.345581, 27.270813], [-92.345581, 27.2715], [-92.344894, 27.2715], [-92.344894, 27.272186], [-92.342834, 27.272186], [-92.342834, 27.272873]]], [[[-92.344208, 27.102585], [-92.343521, 27.102585], [-92.343521, 27.101898], [-92.342834, 27.101898], [-92.342834, 27.101212], [-92.344208, 27.101212], [-92.344208, 27.097778], [-92.344894, 27.097778], [-92.344894, 27.098465], [-92.346954, 27.098465], [-92.346954, 27.096405], [-92.347641, 27.096405], [-92.347641, 27.095718], [-92.346268, 27.095718], [-92.346268, 27.096405], [-92.345581, 27.096405], [-92.345581, 27.095718], [-92.344894, 27.095718], [-92.344894, 27.096405], [-92.344208, 27.096405], [-92.344208, 27.097092], [-92.343521, 27.097092], [-92.343521, 27.096405], [-92.342148, 27.096405], [-92.342148, 27.097092], [-92.341461, 27.097092], [-92.341461, 27.099152], [-92.340775, 27.099152], [-92.340775, 27.099838], [-92.340088, 27.099838], [-92.340088, 27.098465], [-92.339401, 27.098465], [-92.339401, 27.097778], [-92.338715, 27.097778], [-92.338715, 27.096405], [-92.340775, 27.096405], [-92.340775, 27.095718], [-92.341461, 27.095718], [-92.341461, 27.095032], [-92.340775, 27.095032], [-92.340775, 27.093658], [-92.341461, 27.093658], [-92.341461, 27.092972], [-92.342148, 27.092972], [-92.342148, 27.093658], [-92.342834, 27.093658], [-92.342834, 27.092972], [-92.343521, 27.092972], [-92.343521, 27.092285], [-92.344208, 27.092285], [-92.344208, 27.091599], [-92.344894, 27.091599], [-92.344894, 27.090912], [-92.346954, 27.090912], [-92.346954, 27.091599], [-92.347641, 27.091599], [-92.347641, 27.092285], [-92.351074, 27.092285], [-92.351074, 27.093658], [-92.352448, 27.093658], [-92.352448, 27.094345], [-92.355881, 27.094345], [-92.355881, 27.095032], [-92.353821, 27.095032], [-92.353821, 27.095718], [-92.353134, 27.095718], [-92.353134, 27.096405], [-92.352448, 27.096405], [-92.352448, 27.097092], [-92.351761, 27.097092], [-92.351761, 27.097778], [-92.351074, 27.097778], [-92.351074, 27.099152], [-92.350388, 27.099152], [-92.350388, 27.101212], [-92.349701, 27.101212], [-92.349701, 27.101898], [-92.347641, 27.101898], [-92.347641, 27.101212], [-92.346954, 27.101212], [-92.346954, 27.100525], [-92.345581, 27.100525], [-92.345581, 27.101212], [-92.344894, 27.101212], [-92.344894, 27.101898], [-92.344208, 27.101898], [-92.344208, 27.102585]]], [[[-92.346954, 27.208328], [-92.346268, 27.208328], [-92.346268, 27.207642], [-92.344208, 27.207642], [-92.344208, 27.206268], [-92.345581, 27.206268], [-92.345581, 27.204895], [-92.346954, 27.204895], [-92.346954, 27.204208], [-92.348328, 27.204208], [-92.348328, 27.203522], [-92.349701, 27.203522], [-92.349701, 27.204208], [-92.351074, 27.204208], [-92.351074, 27.204895], [-92.350388, 27.204895], [-92.350388, 27.205582], [-92.349701, 27.205582], [-92.349701, 27.207642], [-92.349014, 27.207642], [-92.349014, 27.206955], [-92.348328, 27.206955], [-92.348328, 27.207642], [-92.346954, 27.207642], [-92.346954, 27.208328]]], [[[-92.353134, 27.270126], [-92.352448, 27.270126], [-92.352448, 27.268753], [-92.353134, 27.268753], [-92.353134, 27.270126]]], [[[-92.354507, 27.266006], [-92.353821, 27.266006], [-92.353821, 27.26532], [-92.354507, 27.26532], [-92.354507, 27.266006]]], [[[-92.397079, 27.182236], [-92.396393, 27.182236], [-92.396393, 27.181549], [-92.39502, 27.181549], [-92.39502, 27.180862], [-92.39296, 27.180862], [-92.39296, 27.180176], [-92.391586, 27.180176], [-92.391586, 27.179489], [-92.390213, 27.179489], [-92.390213, 27.178802], [-92.38678, 27.178802], [-92.38678, 27.179489], [-92.385406, 27.179489], [-92.385406, 27.178802], [-92.38266, 27.178802], [-92.38266, 27.177429], [-92.381973, 27.177429], [-92.381973, 27.176056], [-92.3806, 27.176056], [-92.3806, 27.175369], [-92.37854, 27.175369], [-92.37854, 27.174683], [-92.377853, 27.174683], [-92.377853, 27.173996], [-92.377167, 27.173996], [-92.377167, 27.173309], [-92.375793, 27.173309], [-92.375793, 27.172623], [-92.375107, 27.172623], [-92.375107, 27.171936], [-92.37236, 27.171936], [-92.37236, 27.171249], [-92.371674, 27.171249], [-92.371674, 27.169876], [-92.3703, 27.169876], [-92.3703, 27.168503], [-92.369614, 27.168503], [-92.369614, 27.167816], [-92.367554, 27.167816], [-92.367554, 27.16713], [-92.366867, 27.16713], [-92.366867, 27.165756], [-92.36618, 27.165756], [-92.36618, 27.164383], [-92.364807, 27.164383], [-92.364807, 27.16301], [-92.363434, 27.16301], [-92.363434, 27.162323], [-92.362747, 27.162323], [-92.362747, 27.161636], [-92.36412, 27.161636], [-92.36412, 27.162323], [-92.365494, 27.162323], [-92.365494, 27.163696], [-92.367554, 27.163696], [-92.367554, 27.164383], [-92.368927, 27.164383], [-92.368927, 27.163696], [-92.369614, 27.163696], [-92.369614, 27.164383], [-92.3703, 27.164383], [-92.3703, 27.16507], [-92.370987, 27.16507], [-92.370987, 27.165756], [-92.371674, 27.165756], [-92.371674, 27.166443], [-92.373047, 27.166443], [-92.373047, 27.165756], [-92.375793, 27.165756], [-92.375793, 27.166443], [-92.37648, 27.166443], [-92.37648, 27.16713], [-92.377167, 27.16713], [-92.377167, 27.168503], [-92.37854, 27.168503], [-92.37854, 27.169876], [-92.379913, 27.169876], [-92.379913, 27.168503], [-92.38266, 27.168503], [-92.38266, 27.169876], [-92.383347, 27.169876], [-92.383347, 27.170563], [-92.381973, 27.170563], [-92.381973, 27.171249], [-92.38266, 27.171249], [-92.38266, 27.171936], [-92.383347, 27.171936], [-92.383347, 27.173996], [-92.384033, 27.173996], [-92.384033, 27.174683], [-92.386093, 27.174683], [-92.386093, 27.175369], [-92.38678, 27.175369], [-92.38678, 27.176743], [-92.38884, 27.176743], [-92.38884, 27.177429], [-92.391586, 27.177429], [-92.391586, 27.178116], [-92.392273, 27.178116], [-92.392273, 27.177429], [-92.39502, 27.177429], [-92.39502, 27.178116], [-92.396393, 27.178116], [-92.396393, 27.178802], [-92.397079, 27.178802], [-92.397079, 27.182236]]], [[[-92.362747, 27.161636], [-92.360001, 27.161636], [-92.360001, 27.16095], [-92.358627, 27.16095], [-92.358627, 27.160263], [-92.361374, 27.160263], [-92.361374, 27.16095], [-92.362747, 27.16095], [-92.362747, 27.161636]]], [[[-92.358627, 27.160263], [-92.356567, 27.160263], [-92.356567, 27.159576], [-92.354507, 27.159576], [-92.354507, 27.15889], [-92.357254, 27.15889], [-92.357254, 27.159576], [-92.358627, 27.159576], [-92.358627, 27.160263]]], [[[-92.371674, 27.171249], [-92.371674, 27.171936], [-92.3703, 27.171936], [-92.3703, 27.171249], [-92.371674, 27.171249]]], [[[-92.361374, 27.26944], [-92.360687, 27.26944], [-92.360687, 27.266006], [-92.361374, 27.266006], [-92.361374, 27.26738], [-92.362747, 27.26738], [-92.362747, 27.266693], [-92.36412, 27.266693], [-92.36412, 27.26738], [-92.364807, 27.26738], [-92.364807, 27.266693], [-92.365494, 27.266693], [-92.365494, 27.266006], [-92.36824, 27.266006], [-92.36824, 27.266693], [-92.369614, 27.266693], [-92.369614, 27.26738], [-92.366867, 27.26738], [-92.366867, 27.268066], [-92.363434, 27.268066], [-92.363434, 27.268753], [-92.361374, 27.268753], [-92.361374, 27.26944]]], [[[-92.360687, 27.266006], [-92.359314, 27.266006], [-92.359314, 27.264633], [-92.360001, 27.264633], [-92.360001, 27.26532], [-92.360687, 27.26532], [-92.360687, 27.266006]]], [[[-92.375107, 27.266693], [-92.37442, 27.266693], [-92.37442, 27.266006], [-92.375107, 27.266006], [-92.375107, 27.266693]]], [[[-92.377853, 27.180176], [-92.377167, 27.180176], [-92.377167, 27.179489], [-92.377853, 27.179489], [-92.377853, 27.180176]]], [[[-92.381973, 27.182236], [-92.381287, 27.182236], [-92.381287, 27.181549], [-92.381973, 27.181549], [-92.381973, 27.182236]]], [[[-92.39502, 27.089539], [-92.394333, 27.089539], [-92.394333, 27.088852], [-92.39502, 27.088852], [-92.39502, 27.089539]]], [[[-92.394333, 27.089539], [-92.394333, 27.090225], [-92.391586, 27.090225], [-92.391586, 27.089539], [-92.3909, 27.089539], [-92.3909, 27.088852], [-92.389526, 27.088852], [-92.389526, 27.088165], [-92.388153, 27.088165], [-92.388153, 27.087479], [-92.38678, 27.087479], [-92.38678, 27.086792], [-92.38472, 27.086792], [-92.38472, 27.086105], [-92.385406, 27.086105], [-92.385406, 27.085419], [-92.387466, 27.085419], [-92.387466, 27.086105], [-92.388153, 27.086105], [-92.388153, 27.086792], [-92.38884, 27.086792], [-92.38884, 27.087479], [-92.3909, 27.087479], [-92.3909, 27.088165], [-92.391586, 27.088165], [-92.391586, 27.088852], [-92.39296, 27.088852], [-92.39296, 27.089539], [-92.394333, 27.089539]]], [[[-92.39502, 27.126617], [-92.394333, 27.126617], [-92.394333, 27.125931], [-92.393646, 27.125931], [-92.393646, 27.124557], [-92.39502, 27.124557], [-92.39502, 27.123184], [-92.396393, 27.123184], [-92.396393, 27.122498], [-92.397079, 27.122498], [-92.397079, 27.121811], [-92.397766, 27.121811], [-92.397766, 27.119064], [-92.398453, 27.119064], [-92.398453, 27.118378], [-92.399139, 27.118378], [-92.399139, 27.117691], [-92.401199, 27.117691], [-92.401199, 27.119064], [-92.402573, 27.119064], [-92.402573, 27.117691], [-92.403259, 27.117691], [-92.403259, 27.117004], [-92.403946, 27.117004], [-92.403946, 27.115631], [-92.404633, 27.115631], [-92.404633, 27.114944], [-92.405319, 27.114944], [-92.405319, 27.116318], [-92.406006, 27.116318], [-92.406006, 27.117004], [-92.408752, 27.117004], [-92.408752, 27.119064], [-92.410126, 27.119064], [-92.410126, 27.118378], [-92.410812, 27.118378], [-92.410812, 27.117004], [-92.411499, 27.117004], [-92.411499, 27.116318], [-92.412186, 27.116318], [-92.412186, 27.115631], [-92.411499, 27.115631], [-92.411499, 27.114944], [-92.412186, 27.114944], [-92.412186, 27.113571], [-92.413559, 27.113571], [-92.413559, 27.111511], [-92.412872, 27.111511], [-92.412872, 27.110825], [-92.411499, 27.110825], [-92.411499, 27.110138], [-92.410126, 27.110138], [-92.410126, 27.108078], [-92.412186, 27.108078], [-92.412186, 27.107391], [-92.414932, 27.107391], [-92.414932, 27.108078], [-92.416306, 27.108078], [-92.416306, 27.108765], [-92.417679, 27.108765], [-92.417679, 27.109451], [-92.418365, 27.109451], [-92.418365, 27.110138], [-92.420425, 27.110138], [-92.420425, 27.110825], [-92.421112, 27.110825], [-92.421112, 27.112885], [-92.421799, 27.112885], [-92.421799, 27.113571], [-92.422485, 27.113571], [-92.422485, 27.114258], [-92.423172, 27.114258], [-92.423172, 27.116318], [-92.422485, 27.116318], [-92.422485, 27.115631], [-92.421112, 27.115631], [-92.421112, 27.116318], [-92.421799, 27.116318], [-92.421799, 27.117004], [-92.422485, 27.117004], [-92.422485, 27.119064], [-92.421799, 27.119064], [-92.421799, 27.119751], [-92.419739, 27.119751], [-92.419739, 27.117691], [-92.419052, 27.117691], [-92.419052, 27.117004], [-92.418365, 27.117004], [-92.418365, 27.119064], [-92.417679, 27.119064], [-92.417679, 27.119751], [-92.418365, 27.119751], [-92.418365, 27.121124], [-92.419052, 27.121124], [-92.419052, 27.121811], [-92.417679, 27.121811], [-92.417679, 27.122498], [-92.416992, 27.122498], [-92.416992, 27.121811], [-92.416306, 27.121811], [-92.416306, 27.122498], [-92.414932, 27.122498], [-92.414932, 27.123184], [-92.413559, 27.123184], [-92.413559, 27.122498], [-92.412872, 27.122498], [-92.412872, 27.121124], [-92.409439, 27.121124], [-92.409439, 27.121811], [-92.408752, 27.121811], [-92.408752, 27.122498], [-92.408066, 27.122498], [-92.408066, 27.123184], [-92.407379, 27.123184], [-92.407379, 27.125244], [-92.408066, 27.125244], [-92.408066, 27.126617], [-92.407379, 27.126617], [-92.407379, 27.125931], [-92.405319, 27.125931], [-92.405319, 27.126617], [-92.404633, 27.126617], [-92.404633, 27.125931], [-92.403946, 27.125931], [-92.403946, 27.125244], [-92.403259, 27.125244], [-92.403259, 27.125931], [-92.401886, 27.125931], [-92.401886, 27.127991], [-92.402573, 27.127991], [-92.402573, 27.130051], [-92.404633, 27.130051], [-92.404633, 27.130737], [-92.403946, 27.130737], [-92.403946, 27.132111], [-92.404633, 27.132111], [-92.404633, 27.133484], [-92.405319, 27.133484], [-92.405319, 27.134171], [-92.406006, 27.134171], [-92.406006, 27.134857], [-92.409439, 27.134857], [-92.409439, 27.134171], [-92.413559, 27.134171], [-92.413559, 27.133484], [-92.415619, 27.133484], [-92.415619, 27.132797], [-92.416992, 27.132797], [-92.416992, 27.132111], [-92.417679, 27.132111], [-92.417679, 27.130737], [-92.418365, 27.130737], [-92.418365, 27.130051], [-92.419052, 27.130051], [-92.419052, 27.129364], [-92.420425, 27.129364], [-92.420425, 27.128677], [-92.419739, 27.128677], [-92.419739, 27.127304], [-92.417679, 27.127304], [-92.417679, 27.126617], [-92.416992, 27.126617], [-92.416992, 27.123184], [-92.417679, 27.123184], [-92.417679, 27.123871], [-92.418365, 27.123871], [-92.418365, 27.125931], [-92.419052, 27.125931], [-92.419052, 27.123871], [-92.420425, 27.123871], [-92.420425, 27.125244], [-92.421112, 27.125244], [-92.421112, 27.125931], [-92.421799, 27.125931], [-92.421799, 27.127304], [-92.423859, 27.127304], [-92.423859, 27.126617], [-92.424545, 27.126617], [-92.424545, 27.125931], [-92.425919, 27.125931], [-92.425919, 27.126617], [-92.429352, 27.126617], [-92.429352, 27.125931], [-92.430038, 27.125931], [-92.430038, 27.126617], [-92.430725, 27.126617], [-92.430725, 27.127304], [-92.432098, 27.127304], [-92.432098, 27.126617], [-92.433472, 27.126617], [-92.433472, 27.125931], [-92.434845, 27.125931], [-92.434845, 27.126617], [-92.435532, 27.126617], [-92.435532, 27.127304], [-92.436905, 27.127304], [-92.436905, 27.128677], [-92.437592, 27.128677], [-92.437592, 27.130051], [-92.438965, 27.130051], [-92.438965, 27.131424], [-92.434845, 27.131424], [-92.434845, 27.130737], [-92.434158, 27.130737], [-92.434158, 27.129364], [-92.434845, 27.129364], [-92.434845, 27.128677], [-92.430725, 27.128677], [-92.430725, 27.129364], [-92.428665, 27.129364], [-92.428665, 27.128677], [-92.427292, 27.128677], [-92.427292, 27.129364], [-92.424545, 27.129364], [-92.424545, 27.130051], [-92.423172, 27.130051], [-92.423172, 27.131424], [-92.423859, 27.131424], [-92.423859, 27.132111], [-92.430038, 27.132111], [-92.430038, 27.132797], [-92.429352, 27.132797], [-92.429352, 27.133484], [-92.427292, 27.133484], [-92.427292, 27.134171], [-92.427979, 27.134171], [-92.427979, 27.134857], [-92.423859, 27.134857], [-92.423859, 27.134171], [-92.422485, 27.134171], [-92.422485, 27.133484], [-92.418365, 27.133484], [-92.418365, 27.132797], [-92.417679, 27.132797], [-92.417679, 27.134171], [-92.416992, 27.134171], [-92.416992, 27.135544], [-92.415619, 27.135544], [-92.415619, 27.13623], [-92.412186, 27.13623], [-92.412186, 27.136917], [-92.408066, 27.136917], [-92.408066, 27.137604], [-92.407379, 27.137604], [-92.407379, 27.13829], [-92.406006, 27.13829], [-92.406006, 27.136917], [-92.404633, 27.136917], [-92.404633, 27.13623], [-92.403946, 27.13623], [-92.403946, 27.136917], [-92.403259, 27.136917], [-92.403259, 27.13829], [-92.397766, 27.13829], [-92.397766, 27.138977], [-92.397079, 27.138977], [-92.397079, 27.13829], [-92.396393, 27.13829], [-92.396393, 27.136917], [-92.395706, 27.136917], [-92.395706, 27.13623], [-92.394333, 27.13623], [-92.394333, 27.136917], [-92.39296, 27.136917], [-92.39296, 27.137604], [-92.392273, 27.137604], [-92.392273, 27.139664], [-92.391586, 27.139664], [-92.391586, 27.14241], [-92.392273, 27.14241], [-92.392273, 27.143784], [-92.391586, 27.143784], [-92.391586, 27.14447], [-92.390213, 27.14447], [-92.390213, 27.141724], [-92.389526, 27.141724], [-92.389526, 27.14035], [-92.390213, 27.14035], [-92.390213, 27.139664], [-92.3909, 27.139664], [-92.3909, 27.13829], [-92.389526, 27.13829], [-92.389526, 27.13623], [-92.38884, 27.13623], [-92.38884, 27.134857], [-92.388153, 27.134857], [-92.388153, 27.133484], [-92.38884, 27.133484], [-92.38884, 27.132797], [-92.389526, 27.132797], [-92.389526, 27.131424], [-92.38884, 27.131424], [-92.38884, 27.130737], [-92.389526, 27.130737], [-92.389526, 27.129364], [-92.391586, 27.129364], [-92.391586, 27.127991], [-92.392273, 27.127991], [-92.392273, 27.128677], [-92.394333, 27.128677], [-92.394333, 27.127991], [-92.39502, 27.127991], [-92.39502, 27.126617]], [[-92.395706, 27.126617], [-92.395706, 27.125931], [-92.39502, 27.125931], [-92.39502, 27.126617], [-92.395706, 27.126617]], [[-92.401199, 27.136917], [-92.401199, 27.13623], [-92.401886, 27.13623], [-92.401886, 27.135544], [-92.402573, 27.135544], [-92.402573, 27.133484], [-92.401886, 27.133484], [-92.401886, 27.132797], [-92.401199, 27.132797], [-92.401199, 27.132111], [-92.399826, 27.132111], [-92.399826, 27.130051], [-92.399139, 27.130051], [-92.399139, 27.128677], [-92.397079, 27.128677], [-92.397079, 27.129364], [-92.396393, 27.129364], [-92.396393, 27.130051], [-92.395706, 27.130051], [-92.395706, 27.131424], [-92.39502, 27.131424], [-92.39502, 27.132111], [-92.394333, 27.132111], [-92.394333, 27.132797], [-92.39502, 27.132797], [-92.39502, 27.133484], [-92.395706, 27.133484], [-92.395706, 27.132797], [-92.397079, 27.132797], [-92.397079, 27.133484], [-92.397766, 27.133484], [-92.397766, 27.134171], [-92.398453, 27.134171], [-92.398453, 27.135544], [-92.399826, 27.135544], [-92.399826, 27.136917], [-92.401199, 27.136917]], [[-92.397079, 27.134857], [-92.397079, 27.134171], [-92.396393, 27.134171], [-92.396393, 27.134857], [-92.397079, 27.134857]], [[-92.414932, 27.121811], [-92.414932, 27.121124], [-92.414246, 27.121124], [-92.414246, 27.120438], [-92.414932, 27.120438], [-92.414932, 27.119751], [-92.415619, 27.119751], [-92.415619, 27.120438], [-92.416992, 27.120438], [-92.416992, 27.116318], [-92.418365, 27.116318], [-92.418365, 27.114944], [-92.416992, 27.114944], [-92.416992, 27.114258], [-92.416306, 27.114258], [-92.416306, 27.115631], [-92.415619, 27.115631], [-92.415619, 27.117004], [-92.414932, 27.117004], [-92.414932, 27.119064], [-92.414246, 27.119064], [-92.414246, 27.119751], [-92.413559, 27.119751], [-92.413559, 27.121811], [-92.414932, 27.121811]]], [[[-92.396393, 27.174683], [-92.395706, 27.174683], [-92.395706, 27.173996], [-92.396393, 27.173996], [-92.396393, 27.174683]]], [[[-92.395706, 27.173996], [-92.393646, 27.173996], [-92.393646, 27.173309], [-92.392273, 27.173309], [-92.392273, 27.172623], [-92.39502, 27.172623], [-92.39502, 27.173309], [-92.395706, 27.173309], [-92.395706, 27.173996]]], [[[-92.397079, 27.081985], [-92.396393, 27.081985], [-92.396393, 27.081299], [-92.397079, 27.081299], [-92.397079, 27.081985]]], [[[-92.396393, 27.081985], [-92.396393, 27.082672], [-92.395706, 27.082672], [-92.395706, 27.081985], [-92.396393, 27.081985]]], [[[-92.398453, 27.176743], [-92.397766, 27.176743], [-92.397766, 27.175369], [-92.397079, 27.175369], [-92.397079, 27.174683], [-92.398453, 27.174683], [-92.398453, 27.176743]]], [[[-92.406693, 27.084732], [-92.406006, 27.084732], [-92.406006, 27.084045], [-92.403259, 27.084045], [-92.403259, 27.083359], [-92.402573, 27.083359], [-92.402573, 27.081299], [-92.401886, 27.081299], [-92.401886, 27.079239], [-92.403259, 27.079239], [-92.403259, 27.077866], [-92.404633, 27.077866], [-92.404633, 27.080612], [-92.405319, 27.080612], [-92.405319, 27.082672], [-92.406006, 27.082672], [-92.406006, 27.083359], [-92.406693, 27.083359], [-92.406693, 27.084732]]], [[[-92.437592, 27.078552], [-92.434845, 27.078552], [-92.434845, 27.077866], [-92.433472, 27.077866], [-92.433472, 27.076492], [-92.432785, 27.076492], [-92.432785, 27.074432], [-92.432098, 27.074432], [-92.432098, 27.072372], [-92.431412, 27.072372], [-92.431412, 27.070999], [-92.434158, 27.070999], [-92.434158, 27.075806], [-92.436905, 27.075806], [-92.436905, 27.077179], [-92.437592, 27.077179], [-92.437592, 27.078552]]], [[[-92.439651, 27.128677], [-92.438965, 27.128677], [-92.438965, 27.127991], [-92.438278, 27.127991], [-92.438278, 27.127304], [-92.437592, 27.127304], [-92.437592, 27.126617], [-92.436905, 27.126617], [-92.436905, 27.125931], [-92.436218, 27.125931], [-92.436218, 27.123871], [-92.436905, 27.123871], [-92.436905, 27.125244], [-92.438965, 27.125244], [-92.438965, 27.123871], [-92.439651, 27.123871], [-92.439651, 27.123184], [-92.441025, 27.123184], [-92.441025, 27.121124], [-92.440338, 27.121124], [-92.440338, 27.119751], [-92.439651, 27.119751], [-92.439651, 27.119064], [-92.436905, 27.119064], [-92.436905, 27.118378], [-92.436218, 27.118378], [-92.436218, 27.117691], [-92.435532, 27.117691], [-92.435532, 27.116318], [-92.436218, 27.116318], [-92.436218, 27.117004], [-92.438278, 27.117004], [-92.438278, 27.117691], [-92.439651, 27.117691], [-92.439651, 27.118378], [-92.440338, 27.118378], [-92.440338, 27.119064], [-92.441711, 27.119064], [-92.441711, 27.116318], [-92.442398, 27.116318], [-92.442398, 27.115631], [-92.443085, 27.115631], [-92.443085, 27.114944], [-92.443771, 27.114944], [-92.443771, 27.113571], [-92.444458, 27.113571], [-92.444458, 27.114258], [-92.445831, 27.114258], [-92.445831, 27.113571], [-92.446518, 27.113571], [-92.446518, 27.111511], [-92.447205, 27.111511], [-92.447205, 27.110825], [-92.450638, 27.110825], [-92.450638, 27.110138], [-92.452011, 27.110138], [-92.452011, 27.109451], [-92.454758, 27.109451], [-92.454758, 27.108765], [-92.455444, 27.108765], [-92.455444, 27.108078], [-92.456131, 27.108078], [-92.456131, 27.106705], [-92.457504, 27.106705], [-92.457504, 27.104645], [-92.456818, 27.104645], [-92.456818, 27.101898], [-92.457504, 27.101898], [-92.457504, 27.101212], [-92.456818, 27.101212], [-92.456818, 27.099838], [-92.457504, 27.099838], [-92.457504, 27.099152], [-92.458191, 27.099152], [-92.458191, 27.096405], [-92.458878, 27.096405], [-92.458878, 27.095032], [-92.459564, 27.095032], [-92.459564, 27.094345], [-92.460251, 27.094345], [-92.460251, 27.092972], [-92.460938, 27.092972], [-92.460938, 27.096405], [-92.460251, 27.096405], [-92.460251, 27.097092], [-92.459564, 27.097092], [-92.459564, 27.102585], [-92.458878, 27.102585], [-92.458878, 27.104645], [-92.459564, 27.104645], [-92.459564, 27.106018], [-92.458878, 27.106018], [-92.458878, 27.107391], [-92.458191, 27.107391], [-92.458191, 27.108765], [-92.458878, 27.108765], [-92.458878, 27.110138], [-92.458191, 27.110138], [-92.458191, 27.111511], [-92.457504, 27.111511], [-92.457504, 27.112198], [-92.456131, 27.112198], [-92.456131, 27.111511], [-92.455444, 27.111511], [-92.455444, 27.112885], [-92.451324, 27.112885], [-92.451324, 27.113571], [-92.449951, 27.113571], [-92.449951, 27.114258], [-92.448578, 27.114258], [-92.448578, 27.114944], [-92.446518, 27.114944], [-92.446518, 27.117691], [-92.445145, 27.117691], [-92.445145, 27.119064], [-92.444458, 27.119064], [-92.444458, 27.119751], [-92.447205, 27.119751], [-92.447205, 27.120438], [-92.447891, 27.120438], [-92.447891, 27.121124], [-92.449265, 27.121124], [-92.449265, 27.121811], [-92.450638, 27.121811], [-92.450638, 27.122498], [-92.456818, 27.122498], [-92.456818, 27.123184], [-92.460251, 27.123184], [-92.460251, 27.123871], [-92.460938, 27.123871], [-92.460938, 27.124557], [-92.459564, 27.124557], [-92.459564, 27.125931], [-92.456131, 27.125931], [-92.456131, 27.125244], [-92.452011, 27.125244], [-92.452011, 27.124557], [-92.451324, 27.124557], [-92.451324, 27.123871], [-92.448578, 27.123871], [-92.448578, 27.123184], [-92.447891, 27.123184], [-92.447891, 27.122498], [-92.447205, 27.122498], [-92.447205, 27.121811], [-92.443085, 27.121811], [-92.443085, 27.123871], [-92.445831, 27.123871], [-92.445831, 27.124557], [-92.446518, 27.124557], [-92.446518, 27.125244], [-92.443085, 27.125244], [-92.443085, 27.124557], [-92.441711, 27.124557], [-92.441711, 27.125244], [-92.441025, 27.125244], [-92.441025, 27.126617], [-92.440338, 27.126617], [-92.440338, 27.127991], [-92.439651, 27.127991], [-92.439651, 27.128677]]], [[[-92.443771, 27.077179], [-92.441711, 27.077179], [-92.441711, 27.076492], [-92.441025, 27.076492], [-92.441025, 27.075806], [-92.440338, 27.075806], [-92.440338, 27.075119], [-92.441025, 27.075119], [-92.441025, 27.072372], [-92.440338, 27.072372], [-92.440338, 27.070313], [-92.441711, 27.070313], [-92.441711, 27.071686], [-92.442398, 27.071686], [-92.442398, 27.075806], [-92.443771, 27.075806], [-92.443771, 27.077179]]], [[[-92.442398, 27.034607], [-92.441711, 27.034607], [-92.441711, 27.03392], [-92.442398, 27.03392], [-92.442398, 27.034607]]], [[[-92.445145, 27.035294], [-92.443085, 27.035294], [-92.443085, 27.034607], [-92.445145, 27.034607], [-92.445145, 27.035294]]], [[[-92.447205, 27.126617], [-92.446518, 27.126617], [-92.446518, 27.125931], [-92.447205, 27.125931], [-92.447205, 27.126617]]], [[[-92.449265, 27.098465], [-92.448578, 27.098465], [-92.448578, 27.097778], [-92.447891, 27.097778], [-92.447891, 27.089539], [-92.447205, 27.089539], [-92.447205, 27.086105], [-92.447891, 27.086105], [-92.447891, 27.087479], [-92.449265, 27.087479], [-92.449265, 27.084045], [-92.449951, 27.084045], [-92.449951, 27.081985], [-92.450638, 27.081985], [-92.450638, 27.078552], [-92.451324, 27.078552], [-92.451324, 27.077866], [-92.452011, 27.077866], [-92.452011, 27.077179], [-92.452698, 27.077179], [-92.452698, 27.076492], [-92.452011, 27.076492], [-92.452011, 27.075806], [-92.452698, 27.075806], [-92.452698, 27.074432], [-92.453384, 27.074432], [-92.453384, 27.070313], [-92.455444, 27.070313], [-92.455444, 27.070999], [-92.456131, 27.070999], [-92.456131, 27.073059], [-92.455444, 27.073059], [-92.455444, 27.074432], [-92.454758, 27.074432], [-92.454758, 27.075806], [-92.454071, 27.075806], [-92.454071, 27.077179], [-92.453384, 27.077179], [-92.453384, 27.077866], [-92.452698, 27.077866], [-92.452698, 27.079239], [-92.452011, 27.079239], [-92.452011, 27.083359], [-92.451324, 27.083359], [-92.451324, 27.084045], [-92.450638, 27.084045], [-92.450638, 27.087479], [-92.449951, 27.087479], [-92.449951, 27.089539], [-92.449265, 27.089539], [-92.449265, 27.092972], [-92.449951, 27.092972], [-92.449951, 27.095032], [-92.449265, 27.095032], [-92.449265, 27.098465]]], [[[-92.456818, 27.128677], [-92.456131, 27.128677], [-92.456131, 27.127991], [-92.454758, 27.127991], [-92.454758, 27.127304], [-92.454071, 27.127304], [-92.454071, 27.127991], [-92.452698, 27.127991], [-92.452698, 27.127304], [-92.453384, 27.127304], [-92.453384, 27.126617], [-92.456131, 27.126617], [-92.456131, 27.127304], [-92.456818, 27.127304], [-92.456818, 27.128677]]], [[[-92.454758, 27.0298], [-92.454071, 27.0298], [-92.454071, 27.024994], [-92.454758, 27.024994], [-92.454758, 27.0298]]], [[[-92.456131, 27.018814], [-92.454758, 27.018814], [-92.454758, 27.017441], [-92.455444, 27.017441], [-92.455444, 27.018127], [-92.456131, 27.018127], [-92.456131, 27.018814]]], [[[-92.469864, 27.174683], [-92.469177, 27.174683], [-92.469177, 27.175369], [-92.468491, 27.175369], [-92.468491, 27.173996], [-92.466431, 27.173996], [-92.466431, 27.176056], [-92.465744, 27.176056], [-92.465744, 27.177429], [-92.465057, 27.177429], [-92.465057, 27.178802], [-92.462311, 27.178802], [-92.462311, 27.179489], [-92.460938, 27.179489], [-92.460938, 27.178802], [-92.460251, 27.178802], [-92.460251, 27.179489], [-92.458878, 27.179489], [-92.458878, 27.180176], [-92.458191, 27.180176], [-92.458191, 27.180862], [-92.457504, 27.180862], [-92.457504, 27.181549], [-92.456131, 27.181549], [-92.456131, 27.180862], [-92.455444, 27.180862], [-92.455444, 27.180176], [-92.456131, 27.180176], [-92.456131, 27.179489], [-92.456818, 27.179489], [-92.456818, 27.178802], [-92.457504, 27.178802], [-92.457504, 27.178116], [-92.458191, 27.178116], [-92.458191, 27.177429], [-92.458878, 27.177429], [-92.458878, 27.176743], [-92.459564, 27.176743], [-92.459564, 27.177429], [-92.460251, 27.177429], [-92.460251, 27.178116], [-92.462311, 27.178116], [-92.462311, 27.177429], [-92.462997, 27.177429], [-92.462997, 27.176743], [-92.463684, 27.176743], [-92.463684, 27.173996], [-92.464371, 27.173996], [-92.464371, 27.171249], [-92.463684, 27.171249], [-92.463684, 27.170563], [-92.465744, 27.170563], [-92.465744, 27.168503], [-92.466431, 27.168503], [-92.466431, 27.167816], [-92.465744, 27.167816], [-92.465744, 27.164383], [-92.466431, 27.164383], [-92.466431, 27.16507], [-92.467117, 27.16507], [-92.467117, 27.166443], [-92.467804, 27.166443], [-92.467804, 27.169876], [-92.468491, 27.169876], [-92.468491, 27.168503], [-92.469177, 27.168503], [-92.469177, 27.166443], [-92.469864, 27.166443], [-92.469864, 27.163696], [-92.470551, 27.163696], [-92.470551, 27.161636], [-92.469864, 27.161636], [-92.469864, 27.160263], [-92.469177, 27.160263], [-92.469177, 27.159576], [-92.467804, 27.159576], [-92.467804, 27.15889], [-92.467117, 27.15889], [-92.467117, 27.158203], [-92.467804, 27.158203], [-92.467804, 27.156143], [-92.468491, 27.156143], [-92.468491, 27.155457], [-92.469177, 27.155457], [-92.469177, 27.15683], [-92.473297, 27.15683], [-92.473297, 27.157516], [-92.473984, 27.157516], [-92.473984, 27.15683], [-92.47467, 27.15683], [-92.47467, 27.159576], [-92.473984, 27.159576], [-92.473984, 27.160263], [-92.47467, 27.160263], [-92.47467, 27.16507], [-92.473984, 27.16507], [-92.473984, 27.165756], [-92.473297, 27.165756], [-92.473297, 27.166443], [-92.47261, 27.166443], [-92.47261, 27.169876], [-92.471924, 27.169876], [-92.471924, 27.171936], [-92.473297, 27.171936], [-92.473297, 27.173996], [-92.47261, 27.173996], [-92.47261, 27.175369], [-92.473297, 27.175369], [-92.473297, 27.178116], [-92.47261, 27.178116], [-92.47261, 27.178802], [-92.473297, 27.178802], [-92.473297, 27.180176], [-92.471924, 27.180176], [-92.471924, 27.179489], [-92.471237, 27.179489], [-92.471237, 27.180176], [-92.470551, 27.180176], [-92.470551, 27.181549], [-92.469864, 27.181549], [-92.469864, 27.180862], [-92.469177, 27.180862], [-92.469177, 27.177429], [-92.469864, 27.177429], [-92.469864, 27.174683]], [[-92.470551, 27.174683], [-92.470551, 27.173996], [-92.469864, 27.173996], [-92.469864, 27.174683], [-92.470551, 27.174683]]], [[[-92.48085, 26.809387], [-92.47879, 26.809387], [-92.47879, 26.808701], [-92.478104, 26.808701], [-92.478104, 26.808014], [-92.477417, 26.808014], [-92.477417, 26.807327], [-92.47467, 26.807327], [-92.47467, 26.806641], [-92.473984, 26.806641], [-92.473984, 26.805954], [-92.473297, 26.805954], [-92.473297, 26.804581], [-92.471924, 26.804581], [-92.471924, 26.803894], [-92.473984, 26.803894], [-92.473984, 26.804581], [-92.47467, 26.804581], [-92.47467, 26.805954], [-92.475357, 26.805954], [-92.475357, 26.806641], [-92.478104, 26.806641], [-92.478104, 26.807327], [-92.479477, 26.807327], [-92.479477, 26.808014], [-92.48085, 26.808014], [-92.48085, 26.809387]]], [[[-92.471924, 26.803894], [-92.469177, 26.803894], [-92.469177, 26.803207], [-92.467804, 26.803207], [-92.467804, 26.802521], [-92.466431, 26.802521], [-92.466431, 26.803207], [-92.465057, 26.803207], [-92.465057, 26.804581], [-92.464371, 26.804581], [-92.464371, 26.805267], [-92.463684, 26.805267], [-92.463684, 26.805954], [-92.461624, 26.805954], [-92.461624, 26.806641], [-92.460938, 26.806641], [-92.460938, 26.805267], [-92.459564, 26.805267], [-92.459564, 26.804581], [-92.458191, 26.804581], [-92.458191, 26.803894], [-92.456818, 26.803894], [-92.456818, 26.803207], [-92.456131, 26.803207], [-92.456131, 26.801834], [-92.456818, 26.801834], [-92.456818, 26.801147], [-92.457504, 26.801147], [-92.457504, 26.801834], [-92.458878, 26.801834], [-92.458878, 26.802521], [-92.459564, 26.802521], [-92.459564, 26.803207], [-92.460938, 26.803207], [-92.460938, 26.802521], [-92.462311, 26.802521], [-92.462311, 26.803207], [-92.463684, 26.803207], [-92.463684, 26.802521], [-92.465744, 26.802521], [-92.465744, 26.801834], [-92.466431, 26.801834], [-92.466431, 26.801147], [-92.467117, 26.801147], [-92.467117, 26.801834], [-92.470551, 26.801834], [-92.470551, 26.802521], [-92.471237, 26.802521], [-92.471237, 26.803207], [-92.471924, 26.803207], [-92.471924, 26.803894]]], [[[-92.459564, 27.027054], [-92.458878, 27.027054], [-92.458878, 27.026367], [-92.459564, 27.026367], [-92.459564, 27.027054]]], [[[-92.460251, 27.138977], [-92.458878, 27.138977], [-92.458878, 27.13829], [-92.459564, 27.13829], [-92.459564, 27.13623], [-92.460938, 27.13623], [-92.460938, 27.137604], [-92.460251, 27.137604], [-92.460251, 27.138977]]], [[[-92.465744, 27.025681], [-92.462997, 27.025681], [-92.462997, 27.024994], [-92.462311, 27.024994], [-92.462311, 27.024307], [-92.461624, 27.024307], [-92.461624, 27.024994], [-92.460938, 27.024994], [-92.460938, 27.022934], [-92.461624, 27.022934], [-92.461624, 27.022247], [-92.463684, 27.022247], [-92.463684, 27.022934], [-92.464371, 27.022934], [-92.464371, 27.023621], [-92.466431, 27.023621], [-92.466431, 27.024994], [-92.465744, 27.024994], [-92.465744, 27.025681]]], [[[-92.498016, 27.045593], [-92.498016, 27.046967], [-92.498703, 27.046967], [-92.498703, 27.04834], [-92.49939, 27.04834], [-92.49939, 27.049026], [-92.500076, 27.049026], [-92.500076, 27.04834], [-92.500763, 27.04834], [-92.500763, 27.049713], [-92.50145, 27.049713], [-92.50145, 27.051773], [-92.502136, 27.051773], [-92.502136, 27.053833], [-92.50145, 27.053833], [-92.50145, 27.055893], [-92.500076, 27.055893], [-92.500076, 27.055206], [-92.49939, 27.055206], [-92.49939, 27.057953], [-92.498016, 27.057953], [-92.498016, 27.05864], [-92.49733, 27.05864], [-92.49733, 27.059326], [-92.496643, 27.059326], [-92.496643, 27.060699], [-92.49733, 27.060699], [-92.49733, 27.069626], [-92.496643, 27.069626], [-92.496643, 27.070313], [-92.486343, 27.070313], [-92.486343, 27.068939], [-92.48497, 27.068939], [-92.48497, 27.068253], [-92.482224, 27.068253], [-92.482224, 27.069626], [-92.481537, 27.069626], [-92.481537, 27.070313], [-92.470551, 27.070313], [-92.470551, 27.068939], [-92.467117, 27.068939], [-92.467117, 27.070313], [-92.462311, 27.070313], [-92.462311, 27.068939], [-92.460938, 27.068939], [-92.460938, 27.066193], [-92.461624, 27.066193], [-92.461624, 27.065506], [-92.462997, 27.065506], [-92.462997, 27.064819], [-92.463684, 27.064819], [-92.463684, 27.064133], [-92.465057, 27.064133], [-92.465057, 27.063446], [-92.466431, 27.063446], [-92.466431, 27.062759], [-92.467117, 27.062759], [-92.467117, 27.062073], [-92.469177, 27.062073], [-92.469177, 27.061386], [-92.470551, 27.061386], [-92.470551, 27.062073], [-92.471924, 27.062073], [-92.471924, 27.061386], [-92.47261, 27.061386], [-92.47261, 27.062073], [-92.473297, 27.062073], [-92.473297, 27.063446], [-92.473984, 27.063446], [-92.473984, 27.064133], [-92.473297, 27.064133], [-92.473297, 27.065506], [-92.473984, 27.065506], [-92.473984, 27.067566], [-92.475357, 27.067566], [-92.475357, 27.061386], [-92.47467, 27.061386], [-92.47467, 27.059326], [-92.473984, 27.059326], [-92.473984, 27.05864], [-92.473297, 27.05864], [-92.473297, 27.057953], [-92.471924, 27.057953], [-92.471924, 27.057266], [-92.470551, 27.057266], [-92.470551, 27.05658], [-92.471237, 27.05658], [-92.471237, 27.055893], [-92.471924, 27.055893], [-92.471924, 27.055206], [-92.47261, 27.055206], [-92.47261, 27.051086], [-92.471924, 27.051086], [-92.471924, 27.049026], [-92.471237, 27.049026], [-92.471237, 27.04834], [-92.469177, 27.04834], [-92.469177, 27.04628], [-92.468491, 27.04628], [-92.468491, 27.046967], [-92.467804, 27.046967], [-92.467804, 27.047653], [-92.467117, 27.047653], [-92.467117, 27.051086], [-92.466431, 27.051086], [-92.466431, 27.051773], [-92.465744, 27.051773], [-92.465744, 27.051086], [-92.465057, 27.051086], [-92.465057, 27.051773], [-92.464371, 27.051773], [-92.464371, 27.05246], [-92.463684, 27.05246], [-92.463684, 27.053146], [-92.462997, 27.053146], [-92.462997, 27.055206], [-92.462311, 27.055206], [-92.462311, 27.055893], [-92.461624, 27.055893], [-92.461624, 27.05864], [-92.460938, 27.05864], [-92.460938, 27.0504], [-92.462997, 27.0504], [-92.462997, 27.049713], [-92.465057, 27.049713], [-92.465057, 27.0504], [-92.465744, 27.0504], [-92.465744, 27.04628], [-92.466431, 27.04628], [-92.466431, 27.045593], [-92.467117, 27.045593], [-92.467117, 27.044907], [-92.465744, 27.044907], [-92.465744, 27.045593], [-92.463684, 27.045593], [-92.463684, 27.043533], [-92.465057, 27.043533], [-92.465057, 27.042847], [-92.465744, 27.042847], [-92.465744, 27.043533], [-92.466431, 27.043533], [-92.466431, 27.04422], [-92.467117, 27.04422], [-92.467117, 27.042847], [-92.468491, 27.042847], [-92.468491, 27.043533], [-92.471237, 27.043533], [-92.471237, 27.042847], [-92.471924, 27.042847], [-92.471924, 27.038727], [-92.469864, 27.038727], [-92.469864, 27.039413], [-92.469177, 27.039413], [-92.469177, 27.037354], [-92.467804, 27.037354], [-92.467804, 27.038727], [-92.467117, 27.038727], [-92.467117, 27.03598], [-92.468491, 27.03598], [-92.468491, 27.035294], [-92.467804, 27.035294], [-92.467804, 27.032547], [-92.467117, 27.032547], [-92.467117, 27.03186], [-92.465057, 27.03186], [-92.465057, 27.031174], [-92.463684, 27.031174], [-92.463684, 27.0298], [-92.465744, 27.0298], [-92.465744, 27.027054], [-92.468491, 27.027054], [-92.468491, 27.02774], [-92.469177, 27.02774], [-92.469177, 27.029114], [-92.469864, 27.029114], [-92.469864, 27.030487], [-92.471924, 27.030487], [-92.471924, 27.03186], [-92.47261, 27.03186], [-92.47261, 27.033234], [-92.473297, 27.033234], [-92.473297, 27.03392], [-92.473984, 27.03392], [-92.473984, 27.032547], [-92.47467, 27.032547], [-92.47467, 27.030487], [-92.475357, 27.030487], [-92.475357, 27.025681], [-92.476044, 27.025681], [-92.476044, 27.020874], [-92.477417, 27.020874], [-92.477417, 27.022934], [-92.478104, 27.022934], [-92.478104, 27.020874], [-92.47879, 27.020874], [-92.47879, 27.020187], [-92.479477, 27.020187], [-92.479477, 27.021561], [-92.480164, 27.021561], [-92.480164, 27.023621], [-92.481537, 27.023621], [-92.481537, 27.022247], [-92.482224, 27.022247], [-92.482224, 27.020874], [-92.481537, 27.020874], [-92.481537, 27.019501], [-92.482224, 27.019501], [-92.482224, 27.018127], [-92.48291, 27.018127], [-92.48291, 27.017441], [-92.482224, 27.017441], [-92.482224, 27.013321], [-92.481537, 27.013321], [-92.481537, 27.011948], [-92.48291, 27.011948], [-92.48291, 27.012634], [-92.483597, 27.012634], [-92.483597, 27.014008], [-92.484283, 27.014008], [-92.484283, 27.016754], [-92.483597, 27.016754], [-92.483597, 27.017441], [-92.48497, 27.017441], [-92.48497, 27.018127], [-92.484283, 27.018127], [-92.484283, 27.020874], [-92.483597, 27.020874], [-92.483597, 27.022247], [-92.48291, 27.022247], [-92.48291, 27.023621], [-92.482224, 27.023621], [-92.482224, 27.025681], [-92.481537, 27.025681], [-92.481537, 27.027054], [-92.48085, 27.027054], [-92.48085, 27.028427], [-92.480164, 27.028427], [-92.480164, 27.03186], [-92.479477, 27.03186], [-92.479477, 27.032547], [-92.480164, 27.032547], [-92.480164, 27.033234], [-92.48085, 27.033234], [-92.48085, 27.035294], [-92.481537, 27.035294], [-92.481537, 27.036667], [-92.484283, 27.036667], [-92.484283, 27.035294], [-92.48497, 27.035294], [-92.48497, 27.03804], [-92.485657, 27.03804], [-92.485657, 27.0401], [-92.486343, 27.0401], [-92.486343, 27.040787], [-92.48703, 27.040787], [-92.48703, 27.041473], [-92.486343, 27.041473], [-92.486343, 27.04216], [-92.48703, 27.04216], [-92.48703, 27.042847], [-92.487717, 27.042847], [-92.487717, 27.04422], [-92.48703, 27.04422], [-92.48703, 27.044907], [-92.487717, 27.044907], [-92.487717, 27.045593], [-92.488403, 27.045593], [-92.488403, 27.04628], [-92.48909, 27.04628], [-92.48909, 27.047653], [-92.489777, 27.047653], [-92.489777, 27.04834], [-92.490463, 27.04834], [-92.490463, 27.049026], [-92.491837, 27.049026], [-92.491837, 27.046967], [-92.493896, 27.046967], [-92.493896, 27.04628], [-92.494583, 27.04628], [-92.494583, 27.044907], [-92.493896, 27.044907], [-92.493896, 27.043533], [-92.49321, 27.043533], [-92.49321, 27.042847], [-92.493896, 27.042847], [-92.493896, 27.04216], [-92.49321, 27.04216], [-92.49321, 27.040787], [-92.494583, 27.040787], [-92.494583, 27.0401], [-92.493896, 27.0401], [-92.493896, 27.036667], [-92.491837, 27.036667], [-92.491837, 27.034607], [-92.49527, 27.034607], [-92.49527, 27.03392], [-92.494583, 27.03392], [-92.494583, 27.033234], [-92.498016, 27.033234], [-92.498016, 27.034607], [-92.498703, 27.034607], [-92.498703, 27.03598], [-92.49939, 27.03598], [-92.49939, 27.03804], [-92.498703, 27.03804], [-92.498703, 27.038727], [-92.49939, 27.038727], [-92.49939, 27.039413], [-92.500076, 27.039413], [-92.500076, 27.040787], [-92.49939, 27.040787], [-92.49939, 27.041473], [-92.498703, 27.041473], [-92.498703, 27.042847], [-92.49939, 27.042847], [-92.49939, 27.044907], [-92.500076, 27.044907], [-92.500076, 27.04628], [-92.49939, 27.04628], [-92.49939, 27.045593], [-92.498016, 27.045593]], [[-92.469177, 27.04628], [-92.469864, 27.04628], [-92.469864, 27.046967], [-92.471237, 27.046967], [-92.471237, 27.04628], [-92.470551, 27.04628], [-92.470551, 27.045593], [-92.469177, 27.045593], [-92.469177, 27.04628]], [[-92.478104, 27.022934], [-92.478104, 27.023621], [-92.47879, 27.023621], [-92.47879, 27.022934], [-92.478104, 27.022934]], [[-92.47879, 27.023621], [-92.47879, 27.024307], [-92.479477, 27.024307], [-92.479477, 27.023621], [-92.47879, 27.023621]], [[-92.498016, 27.045593], [-92.498016, 27.044907], [-92.49733, 27.044907], [-92.49733, 27.045593], [-92.498016, 27.045593]], [[-92.469177, 27.03392], [-92.469177, 27.033234], [-92.468491, 27.033234], [-92.468491, 27.03392], [-92.469177, 27.03392]], [[-92.471237, 27.037354], [-92.471237, 27.036667], [-92.471924, 27.036667], [-92.471924, 27.03598], [-92.471237, 27.03598], [-92.471237, 27.034607], [-92.469864, 27.034607], [-92.469864, 27.03598], [-92.470551, 27.03598], [-92.470551, 27.037354], [-92.471237, 27.037354]], [[-92.475357, 27.051086], [-92.475357, 27.0504], [-92.476044, 27.0504], [-92.476044, 27.049713], [-92.473984, 27.049713], [-92.473984, 27.0504], [-92.47467, 27.0504], [-92.47467, 27.051086], [-92.475357, 27.051086]], [[-92.475357, 27.05246], [-92.475357, 27.051773], [-92.47467, 27.051773], [-92.47467, 27.05246], [-92.475357, 27.05246]], [[-92.475357, 27.053833], [-92.475357, 27.053146], [-92.47467, 27.053146], [-92.47467, 27.053833], [-92.475357, 27.053833]], [[-92.477417, 27.04216], [-92.477417, 27.041473], [-92.47673, 27.041473], [-92.47673, 27.040787], [-92.476044, 27.040787], [-92.476044, 27.04216], [-92.477417, 27.04216]], [[-92.48085, 27.045593], [-92.48085, 27.044907], [-92.481537, 27.044907], [-92.481537, 27.04422], [-92.48085, 27.04422], [-92.48085, 27.0401], [-92.47879, 27.0401], [-92.47879, 27.042847], [-92.479477, 27.042847], [-92.479477, 27.04422], [-92.47879, 27.04422], [-92.47879, 27.043533], [-92.478104, 27.043533], [-92.478104, 27.044907], [-92.47879, 27.044907], [-92.47879, 27.045593], [-92.48085, 27.045593]], [[-92.479477, 27.025681], [-92.479477, 27.024994], [-92.47879, 27.024994], [-92.47879, 27.025681], [-92.479477, 27.025681]], [[-92.48085, 27.046967], [-92.48085, 27.04628], [-92.480164, 27.04628], [-92.480164, 27.046967], [-92.48085, 27.046967]], [[-92.48085, 27.057266], [-92.48085, 27.05658], [-92.480164, 27.05658], [-92.480164, 27.057266], [-92.48085, 27.057266]], [[-92.486343, 27.063446], [-92.486343, 27.062759], [-92.48703, 27.062759], [-92.48703, 27.062073], [-92.488403, 27.062073], [-92.488403, 27.061386], [-92.487717, 27.061386], [-92.487717, 27.060013], [-92.488403, 27.060013], [-92.488403, 27.059326], [-92.487717, 27.059326], [-92.487717, 27.057953], [-92.485657, 27.057953], [-92.485657, 27.05864], [-92.48497, 27.05864], [-92.48497, 27.059326], [-92.48291, 27.059326], [-92.48291, 27.060013], [-92.482224, 27.060013], [-92.482224, 27.060699], [-92.48291, 27.060699], [-92.48291, 27.061386], [-92.484283, 27.061386], [-92.484283, 27.062073], [-92.485657, 27.062073], [-92.485657, 27.063446], [-92.486343, 27.063446]], [[-92.495956, 27.060013], [-92.495956, 27.05864], [-92.49321, 27.05864], [-92.49321, 27.059326], [-92.494583, 27.059326], [-92.494583, 27.060013], [-92.495956, 27.060013]], [[-92.500763, 27.05246], [-92.500763, 27.051773], [-92.500076, 27.051773], [-92.500076, 27.05246], [-92.500763, 27.05246]]], [[[-92.470551, 27.05658], [-92.468491, 27.05658], [-92.468491, 27.055893], [-92.470551, 27.055893], [-92.470551, 27.05658]]], [[[-92.470551, 26.917191], [-92.468491, 26.917191], [-92.468491, 26.916504], [-92.467117, 26.916504], [-92.467117, 26.915131], [-92.466431, 26.915131], [-92.466431, 26.913071], [-92.465744, 26.913071], [-92.465744, 26.912384], [-92.462311, 26.912384], [-92.462311, 26.911011], [-92.461624, 26.911011], [-92.461624, 26.910324], [-92.460938, 26.910324], [-92.460938, 26.906891], [-92.461624, 26.906891], [-92.461624, 26.906204], [-92.462311, 26.906204], [-92.462311, 26.906891], [-92.462997, 26.906891], [-92.462997, 26.907578], [-92.463684, 26.907578], [-92.463684, 26.908264], [-92.464371, 26.908264], [-92.464371, 26.908951], [-92.465744, 26.908951], [-92.465744, 26.909637], [-92.467117, 26.909637], [-92.467117, 26.910324], [-92.467804, 26.910324], [-92.467804, 26.911697], [-92.468491, 26.911697], [-92.468491, 26.912384], [-92.469177, 26.912384], [-92.469177, 26.913071], [-92.469864, 26.913071], [-92.469864, 26.913757], [-92.470551, 26.913757], [-92.470551, 26.914444], [-92.469864, 26.914444], [-92.469864, 26.915131], [-92.470551, 26.915131], [-92.470551, 26.917191]]], [[[-92.467117, 26.916504], [-92.467117, 26.917191], [-92.465744, 26.917191], [-92.465744, 26.916504], [-92.467117, 26.916504]]], [[[-92.461624, 27.070313], [-92.460938, 27.070313], [-92.460938, 27.069626], [-92.461624, 27.069626], [-92.461624, 27.070313]]], [[[-92.462311, 27.042847], [-92.460938, 27.042847], [-92.460938, 27.0401], [-92.461624, 27.0401], [-92.461624, 27.040787], [-92.462311, 27.040787], [-92.462311, 27.042847]]], [[[-92.461624, 27.032547], [-92.460938, 27.032547], [-92.460938, 27.03186], [-92.461624, 27.03186], [-92.461624, 27.032547]]], [[[-92.461624, 26.946716], [-92.460938, 26.946716], [-92.460938, 26.944656], [-92.461624, 26.944656], [-92.461624, 26.946716]]], [[[-92.461624, 26.879425], [-92.460938, 26.879425], [-92.460938, 26.878052], [-92.461624, 26.878052], [-92.461624, 26.879425]]], [[[-92.462311, 27.005081], [-92.461624, 27.005081], [-92.461624, 27.004395], [-92.462311, 27.004395], [-92.462311, 27.005081]]], [[[-92.463684, 27.004395], [-92.462997, 27.004395], [-92.462997, 27.000961], [-92.462311, 27.000961], [-92.462311, 27.000275], [-92.462997, 27.000275], [-92.462997, 26.999588], [-92.463684, 26.999588], [-92.463684, 26.998215], [-92.464371, 26.998215], [-92.464371, 26.997528], [-92.465744, 26.997528], [-92.465744, 26.996841], [-92.466431, 26.996841], [-92.466431, 26.996155], [-92.467117, 26.996155], [-92.467117, 26.996841], [-92.467804, 26.996841], [-92.467804, 26.997528], [-92.467117, 26.997528], [-92.467117, 26.998215], [-92.466431, 26.998215], [-92.466431, 26.998901], [-92.467117, 26.998901], [-92.467117, 26.999588], [-92.468491, 26.999588], [-92.468491, 27.003708], [-92.467804, 27.003708], [-92.467804, 27.001648], [-92.467117, 27.001648], [-92.467117, 27.000961], [-92.465744, 27.000961], [-92.465744, 27.001648], [-92.465057, 27.001648], [-92.465057, 27.002335], [-92.464371, 27.002335], [-92.464371, 27.003021], [-92.463684, 27.003021], [-92.463684, 27.004395]]], [[[-92.469177, 26.873932], [-92.468491, 26.873932], [-92.468491, 26.873245], [-92.469177, 26.873245], [-92.469177, 26.873932]]], [[[-92.468491, 26.873245], [-92.467804, 26.873245], [-92.467804, 26.872559], [-92.468491, 26.872559], [-92.468491, 26.873245]]], [[[-92.467804, 26.872559], [-92.467117, 26.872559], [-92.467117, 26.873932], [-92.466431, 26.873932], [-92.466431, 26.873245], [-92.465057, 26.873245], [-92.465057, 26.871872], [-92.463684, 26.871872], [-92.463684, 26.871185], [-92.462997, 26.871185], [-92.462997, 26.870499], [-92.462311, 26.870499], [-92.462311, 26.869812], [-92.463684, 26.869812], [-92.463684, 26.870499], [-92.465057, 26.870499], [-92.465057, 26.871185], [-92.466431, 26.871185], [-92.466431, 26.871872], [-92.467804, 26.871872], [-92.467804, 26.872559]]], [[[-92.463684, 27.13829], [-92.462997, 27.13829], [-92.462997, 27.137604], [-92.463684, 27.137604], [-92.463684, 27.13829]]], [[[-92.465057, 26.82518], [-92.462997, 26.82518], [-92.462997, 26.823807], [-92.463684, 26.823807], [-92.463684, 26.82312], [-92.464371, 26.82312], [-92.464371, 26.823807], [-92.465057, 26.823807], [-92.465057, 26.82518]]], [[[-92.465744, 27.009888], [-92.465057, 27.009888], [-92.465057, 27.009201], [-92.465744, 27.009201], [-92.465744, 27.009888]]], [[[-92.465744, 27.033234], [-92.465057, 27.033234], [-92.465057, 27.032547], [-92.465744, 27.032547], [-92.465744, 27.033234]]], [[[-92.466431, 27.008514], [-92.465744, 27.008514], [-92.465744, 27.006454], [-92.466431, 27.006454], [-92.466431, 27.005768], [-92.467117, 27.005768], [-92.467117, 27.007141], [-92.466431, 27.007141], [-92.466431, 27.008514]]], [[[-92.47673, 26.836166], [-92.476044, 26.836166], [-92.476044, 26.834106], [-92.478104, 26.834106], [-92.478104, 26.83548], [-92.47673, 26.83548], [-92.47673, 26.836166]]], [[[-92.476044, 26.834106], [-92.475357, 26.834106], [-92.475357, 26.83342], [-92.476044, 26.83342], [-92.476044, 26.834106]]], [[[-92.475357, 26.83342], [-92.47467, 26.83342], [-92.47467, 26.832733], [-92.475357, 26.832733], [-92.475357, 26.83342]]], [[[-92.47467, 26.832733], [-92.473297, 26.832733], [-92.473297, 26.834106], [-92.473984, 26.834106], [-92.473984, 26.83548], [-92.473297, 26.83548], [-92.473297, 26.834793], [-92.471924, 26.834793], [-92.471924, 26.834106], [-92.47261, 26.834106], [-92.47261, 26.832047], [-92.471924, 26.832047], [-92.471924, 26.83136], [-92.473297, 26.83136], [-92.473297, 26.829987], [-92.473984, 26.829987], [-92.473984, 26.832047], [-92.47467, 26.832047], [-92.47467, 26.832733]]], [[[-92.473297, 26.829987], [-92.469864, 26.829987], [-92.469864, 26.83136], [-92.469177, 26.83136], [-92.469177, 26.8293], [-92.469864, 26.8293], [-92.469864, 26.828613], [-92.468491, 26.828613], [-92.468491, 26.829987], [-92.467804, 26.829987], [-92.467804, 26.828613], [-92.466431, 26.828613], [-92.466431, 26.825867], [-92.467804, 26.825867], [-92.467804, 26.826553], [-92.468491, 26.826553], [-92.468491, 26.82724], [-92.469177, 26.82724], [-92.469177, 26.827927], [-92.470551, 26.827927], [-92.470551, 26.828613], [-92.471924, 26.828613], [-92.471924, 26.8293], [-92.473297, 26.8293], [-92.473297, 26.829987]]], [[[-92.473984, 26.83548], [-92.47467, 26.83548], [-92.47467, 26.836166], [-92.473984, 26.836166], [-92.473984, 26.83548]]], [[[-92.469864, 26.962509], [-92.469177, 26.962509], [-92.469177, 26.961823], [-92.469864, 26.961823], [-92.469864, 26.962509]]], [[[-92.469864, 26.826553], [-92.469177, 26.826553], [-92.469177, 26.825867], [-92.469864, 26.825867], [-92.469864, 26.826553]]], [[[-92.477417, 26.847153], [-92.475357, 26.847153], [-92.475357, 26.846466], [-92.473984, 26.846466], [-92.473984, 26.845779], [-92.473297, 26.845779], [-92.473297, 26.844406], [-92.47261, 26.844406], [-92.47261, 26.842346], [-92.471237, 26.842346], [-92.471237, 26.84166], [-92.47261, 26.84166], [-92.47261, 26.840973], [-92.473297, 26.840973], [-92.473297, 26.8396], [-92.47467, 26.8396], [-92.47467, 26.840286], [-92.473984, 26.840286], [-92.473984, 26.84166], [-92.47467, 26.84166], [-92.47467, 26.843719], [-92.473984, 26.843719], [-92.473984, 26.845093], [-92.47673, 26.845093], [-92.47673, 26.845779], [-92.477417, 26.845779], [-92.477417, 26.847153]]], [[[-92.473984, 27.015381], [-92.473297, 27.015381], [-92.473297, 27.014008], [-92.473984, 27.014008], [-92.473984, 27.013321], [-92.47467, 27.013321], [-92.47467, 27.014694], [-92.473984, 27.014694], [-92.473984, 27.015381]]], [[[-92.486343, 26.860199], [-92.485657, 26.860199], [-92.485657, 26.859512], [-92.484283, 26.859512], [-92.484283, 26.858826], [-92.483597, 26.858826], [-92.483597, 26.858139], [-92.48291, 26.858139], [-92.48291, 26.855392], [-92.484283, 26.855392], [-92.484283, 26.857452], [-92.48497, 26.857452], [-92.48497, 26.858139], [-92.485657, 26.858139], [-92.485657, 26.858826], [-92.48703, 26.858826], [-92.48703, 26.859512], [-92.486343, 26.859512], [-92.486343, 26.860199]]], [[[-92.48291, 26.855392], [-92.481537, 26.855392], [-92.481537, 26.854706], [-92.48291, 26.854706], [-92.48291, 26.855392]]], [[[-92.481537, 26.854706], [-92.480164, 26.854706], [-92.480164, 26.854019], [-92.479477, 26.854019], [-92.479477, 26.853333], [-92.47879, 26.853333], [-92.47879, 26.852646], [-92.478104, 26.852646], [-92.478104, 26.853333], [-92.477417, 26.853333], [-92.477417, 26.852646], [-92.475357, 26.852646], [-92.475357, 26.851273], [-92.47467, 26.851273], [-92.47467, 26.850586], [-92.473984, 26.850586], [-92.473984, 26.849213], [-92.47467, 26.849213], [-92.47467, 26.847839], [-92.476044, 26.847839], [-92.476044, 26.848526], [-92.477417, 26.848526], [-92.477417, 26.849213], [-92.47879, 26.849213], [-92.47879, 26.851959], [-92.480164, 26.851959], [-92.480164, 26.853333], [-92.48085, 26.853333], [-92.48085, 26.854019], [-92.481537, 26.854019], [-92.481537, 26.854706]]], [[[-92.47467, 26.83754], [-92.473984, 26.83754], [-92.473984, 26.836853], [-92.47467, 26.836853], [-92.47467, 26.83754]]], [[[-92.475357, 26.882172], [-92.47467, 26.882172], [-92.47467, 26.881485], [-92.473984, 26.881485], [-92.473984, 26.880112], [-92.475357, 26.880112], [-92.475357, 26.882172]]], [[[-92.475357, 26.878738], [-92.47467, 26.878738], [-92.47467, 26.878052], [-92.475357, 26.878052], [-92.475357, 26.878738]]], [[[-92.569427, 26.963196], [-92.570114, 26.963196], [-92.570114, 26.963882], [-92.570801, 26.963882], [-92.570801, 26.964569], [-92.571487, 26.964569], [-92.571487, 26.965256], [-92.572174, 26.965256], [-92.572174, 26.965942], [-92.572861, 26.965942], [-92.572861, 26.966629], [-92.572174, 26.966629], [-92.572174, 26.969376], [-92.573547, 26.969376], [-92.573547, 26.970062], [-92.574234, 26.970062], [-92.574234, 26.972809], [-92.573547, 26.972809], [-92.573547, 26.970749], [-92.571487, 26.970749], [-92.571487, 26.970062], [-92.570801, 26.970062], [-92.570801, 26.969376], [-92.570114, 26.969376], [-92.570114, 26.968002], [-92.569427, 26.968002], [-92.569427, 26.967316], [-92.567368, 26.967316], [-92.567368, 26.965942], [-92.565994, 26.965942], [-92.565994, 26.965256], [-92.563934, 26.965256], [-92.563934, 26.965942], [-92.562561, 26.965942], [-92.562561, 26.963882], [-92.561874, 26.963882], [-92.561874, 26.963196], [-92.561188, 26.963196], [-92.561188, 26.962509], [-92.560501, 26.962509], [-92.560501, 26.961823], [-92.559814, 26.961823], [-92.559814, 26.961136], [-92.559128, 26.961136], [-92.559128, 26.960449], [-92.558441, 26.960449], [-92.558441, 26.959763], [-92.557755, 26.959763], [-92.557755, 26.959076], [-92.556381, 26.959076], [-92.556381, 26.960449], [-92.555695, 26.960449], [-92.555695, 26.961136], [-92.553635, 26.961136], [-92.553635, 26.960449], [-92.555008, 26.960449], [-92.555008, 26.959763], [-92.555695, 26.959763], [-92.555695, 26.955643], [-92.555008, 26.955643], [-92.555008, 26.954269], [-92.554321, 26.954269], [-92.554321, 26.953583], [-92.552948, 26.953583], [-92.552948, 26.949463], [-92.551575, 26.949463], [-92.551575, 26.94809], [-92.550201, 26.94809], [-92.550201, 26.949463], [-92.546768, 26.949463], [-92.546768, 26.95015], [-92.545395, 26.95015], [-92.545395, 26.951523], [-92.546082, 26.951523], [-92.546082, 26.952896], [-92.545395, 26.952896], [-92.545395, 26.954269], [-92.544708, 26.954269], [-92.544708, 26.954956], [-92.544022, 26.954956], [-92.544022, 26.955643], [-92.543335, 26.955643], [-92.543335, 26.956329], [-92.542648, 26.956329], [-92.542648, 26.955643], [-92.540588, 26.955643], [-92.540588, 26.956329], [-92.538528, 26.956329], [-92.538528, 26.957703], [-92.539215, 26.957703], [-92.539215, 26.959763], [-92.538528, 26.959763], [-92.538528, 26.959076], [-92.536469, 26.959076], [-92.536469, 26.957703], [-92.533722, 26.957703], [-92.533722, 26.959763], [-92.533035, 26.959763], [-92.533035, 26.960449], [-92.530975, 26.960449], [-92.530975, 26.961136], [-92.526169, 26.961136], [-92.526169, 26.963196], [-92.524796, 26.963196], [-92.524796, 26.963882], [-92.522049, 26.963882], [-92.522049, 26.965942], [-92.519302, 26.965942], [-92.519302, 26.966629], [-92.518616, 26.966629], [-92.518616, 26.968002], [-92.519302, 26.968002], [-92.519302, 26.968689], [-92.519989, 26.968689], [-92.519989, 26.970062], [-92.521362, 26.970062], [-92.521362, 26.970749], [-92.522049, 26.970749], [-92.522049, 26.971436], [-92.522736, 26.971436], [-92.522736, 26.972809], [-92.525482, 26.972809], [-92.525482, 26.972122], [-92.526169, 26.972122], [-92.526169, 26.973495], [-92.525482, 26.973495], [-92.525482, 26.976929], [-92.526169, 26.976929], [-92.526169, 26.978989], [-92.526855, 26.978989], [-92.526855, 26.979675], [-92.527542, 26.979675], [-92.527542, 26.980362], [-92.528229, 26.980362], [-92.528229, 26.981049], [-92.527542, 26.981049], [-92.527542, 26.982422], [-92.528229, 26.982422], [-92.528229, 26.983109], [-92.527542, 26.983109], [-92.527542, 26.983795], [-92.528229, 26.983795], [-92.528229, 26.984482], [-92.528915, 26.984482], [-92.528915, 26.985168], [-92.529602, 26.985168], [-92.529602, 26.985855], [-92.528915, 26.985855], [-92.528915, 26.986542], [-92.529602, 26.986542], [-92.529602, 26.987228], [-92.530289, 26.987228], [-92.530289, 26.987915], [-92.530975, 26.987915], [-92.530975, 26.987228], [-92.531662, 26.987228], [-92.531662, 26.987915], [-92.532349, 26.987915], [-92.532349, 26.989975], [-92.533035, 26.989975], [-92.533035, 26.991348], [-92.535095, 26.991348], [-92.535095, 26.992722], [-92.533722, 26.992722], [-92.533722, 26.992035], [-92.533035, 26.992035], [-92.533035, 26.993408], [-92.531662, 26.993408], [-92.531662, 26.996841], [-92.532349, 26.996841], [-92.532349, 26.997528], [-92.533035, 26.997528], [-92.533035, 27.000961], [-92.533722, 27.000961], [-92.533722, 27.005081], [-92.535095, 27.005081], [-92.535095, 27.006454], [-92.535782, 27.006454], [-92.535782, 27.010574], [-92.535095, 27.010574], [-92.535095, 27.011261], [-92.534409, 27.011261], [-92.534409, 27.011948], [-92.535095, 27.011948], [-92.535095, 27.015381], [-92.535782, 27.015381], [-92.535782, 27.016754], [-92.536469, 27.016754], [-92.536469, 27.018814], [-92.537155, 27.018814], [-92.537155, 27.019501], [-92.537842, 27.019501], [-92.537842, 27.020187], [-92.538528, 27.020187], [-92.538528, 27.019501], [-92.539215, 27.019501], [-92.539215, 27.018127], [-92.539902, 27.018127], [-92.539902, 27.017441], [-92.541275, 27.017441], [-92.541275, 27.018127], [-92.541962, 27.018127], [-92.541962, 27.018814], [-92.542648, 27.018814], [-92.542648, 27.020187], [-92.545395, 27.020187], [-92.545395, 27.021561], [-92.546082, 27.021561], [-92.546082, 27.022934], [-92.546768, 27.022934], [-92.546768, 27.023621], [-92.548141, 27.023621], [-92.548141, 27.024307], [-92.548828, 27.024307], [-92.548828, 27.025681], [-92.549515, 27.025681], [-92.549515, 27.026367], [-92.550201, 27.026367], [-92.550201, 27.027054], [-92.550888, 27.027054], [-92.550888, 27.029114], [-92.551575, 27.029114], [-92.551575, 27.030487], [-92.552261, 27.030487], [-92.552261, 27.031174], [-92.550888, 27.031174], [-92.550888, 27.030487], [-92.549515, 27.030487], [-92.549515, 27.0298], [-92.548828, 27.0298], [-92.548828, 27.02774], [-92.548141, 27.02774], [-92.548141, 27.027054], [-92.546768, 27.027054], [-92.546768, 27.026367], [-92.546082, 27.026367], [-92.546082, 27.024994], [-92.544708, 27.024994], [-92.544708, 27.023621], [-92.543335, 27.023621], [-92.543335, 27.024307], [-92.542648, 27.024307], [-92.542648, 27.022934], [-92.541962, 27.022934], [-92.541962, 27.022247], [-92.541275, 27.022247], [-92.541275, 27.021561], [-92.539902, 27.021561], [-92.539902, 27.023621], [-92.540588, 27.023621], [-92.540588, 27.024307], [-92.541275, 27.024307], [-92.541275, 27.024994], [-92.541962, 27.024994], [-92.541962, 27.025681], [-92.539902, 27.025681], [-92.539902, 27.024994], [-92.539215, 27.024994], [-92.539215, 27.024307], [-92.537842, 27.024307], [-92.537842, 27.026367], [-92.537155, 27.026367], [-92.537155, 27.0298], [-92.536469, 27.0298], [-92.536469, 27.032547], [-92.537155, 27.032547], [-92.537155, 27.03392], [-92.537842, 27.03392], [-92.537842, 27.037354], [-92.538528, 27.037354], [-92.538528, 27.038727], [-92.537842, 27.038727], [-92.537842, 27.039413], [-92.538528, 27.039413], [-92.538528, 27.0401], [-92.539215, 27.0401], [-92.539215, 27.040787], [-92.539902, 27.040787], [-92.539902, 27.041473], [-92.540588, 27.041473], [-92.540588, 27.042847], [-92.541275, 27.042847], [-92.541275, 27.043533], [-92.541962, 27.043533], [-92.541962, 27.044907], [-92.542648, 27.044907], [-92.542648, 27.045593], [-92.543335, 27.045593], [-92.543335, 27.046967], [-92.544022, 27.046967], [-92.544022, 27.0504], [-92.543335, 27.0504], [-92.543335, 27.047653], [-92.542648, 27.047653], [-92.542648, 27.046967], [-92.541962, 27.046967], [-92.541962, 27.04628], [-92.540588, 27.04628], [-92.540588, 27.045593], [-92.539902, 27.045593], [-92.539902, 27.044907], [-92.538528, 27.044907], [-92.538528, 27.04422], [-92.537842, 27.04422], [-92.537842, 27.043533], [-92.537155, 27.043533], [-92.537155, 27.04216], [-92.534409, 27.04216], [-92.534409, 27.041473], [-92.533722, 27.041473], [-92.533722, 27.038727], [-92.533035, 27.038727], [-92.533035, 27.03598], [-92.532349, 27.03598], [-92.532349, 27.035294], [-92.531662, 27.035294], [-92.531662, 27.034607], [-92.530975, 27.034607], [-92.530975, 27.03392], [-92.530289, 27.03392], [-92.530289, 27.032547], [-92.529602, 27.032547], [-92.529602, 27.03186], [-92.528915, 27.03186], [-92.528915, 27.031174], [-92.527542, 27.031174], [-92.527542, 27.030487], [-92.526855, 27.030487], [-92.526855, 27.0298], [-92.525482, 27.0298], [-92.525482, 27.029114], [-92.524109, 27.029114], [-92.524109, 27.027054], [-92.522736, 27.027054], [-92.522736, 27.026367], [-92.522049, 27.026367], [-92.522049, 27.024994], [-92.521362, 27.024994], [-92.521362, 27.024307], [-92.519989, 27.024307], [-92.519989, 27.023621], [-92.519302, 27.023621], [-92.519302, 27.021561], [-92.518616, 27.021561], [-92.518616, 27.020874], [-92.517929, 27.020874], [-92.517929, 27.020187], [-92.515869, 27.020187], [-92.515869, 27.022247], [-92.515182, 27.022247], [-92.515182, 27.023621], [-92.514496, 27.023621], [-92.514496, 27.019501], [-92.512436, 27.019501], [-92.512436, 27.020874], [-92.508316, 27.020874], [-92.508316, 27.024994], [-92.509003, 27.024994], [-92.509003, 27.025681], [-92.509689, 27.025681], [-92.509689, 27.026367], [-92.509003, 27.026367], [-92.509003, 27.02774], [-92.509689, 27.02774], [-92.509689, 27.031174], [-92.510376, 27.031174], [-92.510376, 27.03186], [-92.509689, 27.03186], [-92.509689, 27.03392], [-92.509003, 27.03392], [-92.509003, 27.029114], [-92.508316, 27.029114], [-92.508316, 27.027054], [-92.507629, 27.027054], [-92.507629, 27.024307], [-92.506943, 27.024307], [-92.506943, 27.023621], [-92.506256, 27.023621], [-92.506256, 27.022934], [-92.505569, 27.022934], [-92.505569, 27.024994], [-92.506256, 27.024994], [-92.506256, 27.026367], [-92.505569, 27.026367], [-92.505569, 27.0298], [-92.504883, 27.0298], [-92.504883, 27.030487], [-92.50351, 27.030487], [-92.50351, 27.0298], [-92.502823, 27.0298], [-92.502823, 27.029114], [-92.50351, 27.029114], [-92.50351, 27.028427], [-92.502823, 27.028427], [-92.502823, 27.027054], [-92.502136, 27.027054], [-92.502136, 27.026367], [-92.500763, 27.026367], [-92.500763, 27.025681], [-92.49939, 27.025681], [-92.49939, 27.024994], [-92.500763, 27.024994], [-92.500763, 27.020874], [-92.49939, 27.020874], [-92.49939, 27.020187], [-92.500076, 27.020187], [-92.500076, 27.018814], [-92.504196, 27.018814], [-92.504196, 27.016068], [-92.504883, 27.016068], [-92.504883, 27.015381], [-92.505569, 27.015381], [-92.505569, 27.016754], [-92.506256, 27.016754], [-92.506256, 27.016068], [-92.507629, 27.016068], [-92.507629, 27.016754], [-92.508316, 27.016754], [-92.508316, 27.016068], [-92.509003, 27.016068], [-92.509003, 27.015381], [-92.509689, 27.015381], [-92.509689, 27.014694], [-92.510376, 27.014694], [-92.510376, 27.014008], [-92.511063, 27.014008], [-92.511063, 27.012634], [-92.511749, 27.012634], [-92.511749, 27.011948], [-92.511063, 27.011948], [-92.511063, 27.010574], [-92.511749, 27.010574], [-92.511749, 27.007828], [-92.513809, 27.007828], [-92.513809, 27.009201], [-92.513123, 27.009201], [-92.513123, 27.010574], [-92.513809, 27.010574], [-92.513809, 27.011261], [-92.514496, 27.011261], [-92.514496, 27.011948], [-92.517242, 27.011948], [-92.517242, 27.012634], [-92.520676, 27.012634], [-92.520676, 27.013321], [-92.521362, 27.013321], [-92.521362, 27.012634], [-92.522736, 27.012634], [-92.522736, 27.013321], [-92.524109, 27.013321], [-92.524109, 27.012634], [-92.525482, 27.012634], [-92.525482, 27.013321], [-92.526855, 27.013321], [-92.526855, 27.012634], [-92.528229, 27.012634], [-92.528229, 27.013321], [-92.529602, 27.013321], [-92.529602, 27.012634], [-92.530289, 27.012634], [-92.530289, 27.009201], [-92.529602, 27.009201], [-92.529602, 27.005768], [-92.528915, 27.005768], [-92.528915, 27.003021], [-92.529602, 27.003021], [-92.529602, 27.000961], [-92.528915, 27.000961], [-92.528915, 27.000275], [-92.527542, 27.000275], [-92.527542, 26.997528], [-92.526855, 26.997528], [-92.526855, 26.996155], [-92.526169, 26.996155], [-92.526169, 26.995468], [-92.525482, 26.995468], [-92.525482, 26.992722], [-92.524796, 26.992722], [-92.524796, 26.989975], [-92.524109, 26.989975], [-92.524109, 26.988602], [-92.523422, 26.988602], [-92.523422, 26.985855], [-92.522736, 26.985855], [-92.522736, 26.985168], [-92.522049, 26.985168], [-92.522049, 26.982422], [-92.520676, 26.982422], [-92.520676, 26.978989], [-92.519989, 26.978989], [-92.519989, 26.978302], [-92.519302, 26.978302], [-92.519302, 26.975555], [-92.517929, 26.975555], [-92.517929, 26.974869], [-92.518616, 26.974869], [-92.518616, 26.974182], [-92.517929, 26.974182], [-92.517929, 26.972809], [-92.517242, 26.972809], [-92.517242, 26.972122], [-92.516556, 26.972122], [-92.516556, 26.969376], [-92.515869, 26.969376], [-92.515869, 26.968689], [-92.515182, 26.968689], [-92.515182, 26.968002], [-92.511749, 26.968002], [-92.511749, 26.967316], [-92.512436, 26.967316], [-92.512436, 26.966629], [-92.513809, 26.966629], [-92.513809, 26.965942], [-92.513123, 26.965942], [-92.513123, 26.962509], [-92.512436, 26.962509], [-92.512436, 26.961823], [-92.511749, 26.961823], [-92.511749, 26.961136], [-92.511063, 26.961136], [-92.511063, 26.959763], [-92.509689, 26.959763], [-92.509689, 26.957703], [-92.510376, 26.957703], [-92.510376, 26.957016], [-92.509003, 26.957016], [-92.509003, 26.956329], [-92.507629, 26.956329], [-92.507629, 26.954956], [-92.506943, 26.954956], [-92.506943, 26.952896], [-92.506256, 26.952896], [-92.506256, 26.951523], [-92.505569, 26.951523], [-92.505569, 26.95015], [-92.504883, 26.95015], [-92.504883, 26.949463], [-92.50351, 26.949463], [-92.50351, 26.946716], [-92.502136, 26.946716], [-92.502136, 26.94397], [-92.50145, 26.94397], [-92.50145, 26.943283], [-92.500763, 26.943283], [-92.500763, 26.94191], [-92.500076, 26.94191], [-92.500076, 26.93985], [-92.49939, 26.93985], [-92.49939, 26.937103], [-92.498016, 26.937103], [-92.498016, 26.936417], [-92.49733, 26.936417], [-92.49733, 26.93573], [-92.496643, 26.93573], [-92.496643, 26.934357], [-92.495956, 26.934357], [-92.495956, 26.93367], [-92.494583, 26.93367], [-92.494583, 26.932983], [-92.493896, 26.932983], [-92.493896, 26.932297], [-92.494583, 26.932297], [-92.494583, 26.930237], [-92.49321, 26.930237], [-92.49321, 26.92955], [-92.492523, 26.92955], [-92.492523, 26.928864], [-92.493896, 26.928864], [-92.493896, 26.92955], [-92.494583, 26.92955], [-92.494583, 26.926804], [-92.493896, 26.926804], [-92.493896, 26.92543], [-92.49321, 26.92543], [-92.49321, 26.92337], [-92.492523, 26.92337], [-92.492523, 26.922684], [-92.491837, 26.922684], [-92.491837, 26.91925], [-92.49115, 26.91925], [-92.49115, 26.918564], [-92.490463, 26.918564], [-92.490463, 26.917877], [-92.48909, 26.917877], [-92.48909, 26.917191], [-92.489777, 26.917191], [-92.489777, 26.916504], [-92.48909, 26.916504], [-92.48909, 26.914444], [-92.488403, 26.914444], [-92.488403, 26.913757], [-92.487717, 26.913757], [-92.487717, 26.914444], [-92.48703, 26.914444], [-92.48703, 26.913071], [-92.487717, 26.913071], [-92.487717, 26.912384], [-92.48703, 26.912384], [-92.48703, 26.911697], [-92.487717, 26.911697], [-92.487717, 26.910324], [-92.485657, 26.910324], [-92.485657, 26.908264], [-92.48497, 26.908264], [-92.48497, 26.906204], [-92.484283, 26.906204], [-92.484283, 26.904831], [-92.483597, 26.904831], [-92.483597, 26.904144], [-92.482224, 26.904144], [-92.482224, 26.903458], [-92.481537, 26.903458], [-92.481537, 26.897278], [-92.48085, 26.897278], [-92.48085, 26.897964], [-92.479477, 26.897964], [-92.479477, 26.896591], [-92.47879, 26.896591], [-92.47879, 26.895218], [-92.478104, 26.895218], [-92.478104, 26.893845], [-92.477417, 26.893845], [-92.477417, 26.893158], [-92.476044, 26.893158], [-92.476044, 26.892471], [-92.475357, 26.892471], [-92.475357, 26.891098], [-92.47467, 26.891098], [-92.47467, 26.890411], [-92.476044, 26.890411], [-92.476044, 26.889038], [-92.477417, 26.889038], [-92.477417, 26.887665], [-92.478104, 26.887665], [-92.478104, 26.889038], [-92.47879, 26.889038], [-92.47879, 26.889725], [-92.479477, 26.889725], [-92.479477, 26.890411], [-92.480164, 26.890411], [-92.480164, 26.891785], [-92.48085, 26.891785], [-92.48085, 26.892471], [-92.481537, 26.892471], [-92.481537, 26.893845], [-92.482224, 26.893845], [-92.482224, 26.895218], [-92.48291, 26.895218], [-92.48291, 26.895905], [-92.484283, 26.895905], [-92.484283, 26.896591], [-92.48497, 26.896591], [-92.48497, 26.898651], [-92.485657, 26.898651], [-92.485657, 26.901398], [-92.48703, 26.901398], [-92.48703, 26.902771], [-92.487717, 26.902771], [-92.487717, 26.904144], [-92.488403, 26.904144], [-92.488403, 26.904831], [-92.489777, 26.904831], [-92.489777, 26.905518], [-92.490463, 26.905518], [-92.490463, 26.908264], [-92.49115, 26.908264], [-92.49115, 26.908951], [-92.491837, 26.908951], [-92.491837, 26.909637], [-92.492523, 26.909637], [-92.492523, 26.911011], [-92.491837, 26.911011], [-92.491837, 26.913071], [-92.492523, 26.913071], [-92.492523, 26.913757], [-92.49321, 26.913757], [-92.49321, 26.915131], [-92.493896, 26.915131], [-92.493896, 26.917191], [-92.49321, 26.917191], [-92.49321, 26.918564], [-92.493896, 26.918564], [-92.493896, 26.920624], [-92.49527, 26.920624], [-92.49527, 26.92131], [-92.494583, 26.92131], [-92.494583, 26.92543], [-92.49527, 26.92543], [-92.49527, 26.926117], [-92.496643, 26.926117], [-92.496643, 26.928864], [-92.49733, 26.928864], [-92.49733, 26.930237], [-92.498016, 26.930237], [-92.498016, 26.93161], [-92.498703, 26.93161], [-92.498703, 26.932297], [-92.49939, 26.932297], [-92.49939, 26.934357], [-92.500763, 26.934357], [-92.500763, 26.935043], [-92.50145, 26.935043], [-92.50145, 26.93573], [-92.502136, 26.93573], [-92.502136, 26.937103], [-92.502823, 26.937103], [-92.502823, 26.93779], [-92.504196, 26.93779], [-92.504196, 26.938477], [-92.506256, 26.938477], [-92.506256, 26.940536], [-92.508316, 26.940536], [-92.508316, 26.938477], [-92.507629, 26.938477], [-92.507629, 26.93779], [-92.506256, 26.93779], [-92.506256, 26.937103], [-92.508316, 26.937103], [-92.508316, 26.935043], [-92.507629, 26.935043], [-92.507629, 26.93367], [-92.506256, 26.93367], [-92.506256, 26.932983], [-92.505569, 26.932983], [-92.505569, 26.93161], [-92.504883, 26.93161], [-92.504883, 26.930923], [-92.504196, 26.930923], [-92.504196, 26.930237], [-92.507629, 26.930237], [-92.507629, 26.928177], [-92.506943, 26.928177], [-92.506943, 26.926117], [-92.506256, 26.926117], [-92.506256, 26.924744], [-92.505569, 26.924744], [-92.505569, 26.922684], [-92.504883, 26.922684], [-92.504883, 26.921997], [-92.50351, 26.921997], [-92.50351, 26.92131], [-92.504883, 26.92131], [-92.504883, 26.920624], [-92.504196, 26.920624], [-92.504196, 26.91925], [-92.50351, 26.91925], [-92.50351, 26.918564], [-92.502136, 26.918564], [-92.502136, 26.916504], [-92.50145, 26.916504], [-92.50145, 26.915817], [-92.500763, 26.915817], [-92.500763, 26.915131], [-92.500076, 26.915131], [-92.500076, 26.913071], [-92.49939, 26.913071], [-92.49939, 26.910324], [-92.498703, 26.910324], [-92.498703, 26.909637], [-92.498016, 26.909637], [-92.498016, 26.906891], [-92.49733, 26.906891], [-92.49733, 26.904831], [-92.498016, 26.904831], [-92.498016, 26.905518], [-92.498703, 26.905518], [-92.498703, 26.906204], [-92.49939, 26.906204], [-92.49939, 26.906891], [-92.50145, 26.906891], [-92.50145, 26.905518], [-92.500763, 26.905518], [-92.500763, 26.904831], [-92.500076, 26.904831], [-92.500076, 26.903458], [-92.500763, 26.903458], [-92.500763, 26.897964], [-92.502136, 26.897964], [-92.502136, 26.897278], [-92.50145, 26.897278], [-92.50145, 26.896591], [-92.500763, 26.896591], [-92.500763, 26.897278], [-92.49939, 26.897278], [-92.49939, 26.895905], [-92.498016, 26.895905], [-92.498016, 26.896591], [-92.49733, 26.896591], [-92.49733, 26.897278], [-92.496643, 26.897278], [-92.496643, 26.901398], [-92.49527, 26.901398], [-92.49527, 26.897278], [-92.495956, 26.897278], [-92.495956, 26.895905], [-92.49527, 26.895905], [-92.49527, 26.891785], [-92.494583, 26.891785], [-92.494583, 26.891098], [-92.493896, 26.891098], [-92.493896, 26.889038], [-92.49321, 26.889038], [-92.49321, 26.886292], [-92.493896, 26.886292], [-92.493896, 26.886978], [-92.494583, 26.886978], [-92.494583, 26.888351], [-92.49527, 26.888351], [-92.49527, 26.890411], [-92.496643, 26.890411], [-92.496643, 26.889725], [-92.49733, 26.889725], [-92.49733, 26.887665], [-92.496643, 26.887665], [-92.496643, 26.886978], [-92.49733, 26.886978], [-92.49733, 26.886292], [-92.496643, 26.886292], [-92.496643, 26.884232], [-92.49527, 26.884232], [-92.49527, 26.885605], [-92.494583, 26.885605], [-92.494583, 26.883545], [-92.493896, 26.883545], [-92.493896, 26.881485], [-92.494583, 26.881485], [-92.494583, 26.880798], [-92.493896, 26.880798], [-92.493896, 26.880112], [-92.494583, 26.880112], [-92.494583, 26.879425], [-92.49733, 26.879425], [-92.49733, 26.877365], [-92.496643, 26.877365], [-92.496643, 26.873932], [-92.49527, 26.873932], [-92.49527, 26.873245], [-92.494583, 26.873245], [-92.494583, 26.871872], [-92.493896, 26.871872], [-92.493896, 26.870499], [-92.492523, 26.870499], [-92.492523, 26.869812], [-92.491837, 26.869812], [-92.491837, 26.868439], [-92.48909, 26.868439], [-92.48909, 26.869812], [-92.487717, 26.869812], [-92.487717, 26.867752], [-92.48703, 26.867752], [-92.48703, 26.867065], [-92.486343, 26.867065], [-92.486343, 26.866379], [-92.485657, 26.866379], [-92.485657, 26.865692], [-92.48497, 26.865692], [-92.48497, 26.865005], [-92.484283, 26.865005], [-92.484283, 26.861572], [-92.481537, 26.861572], [-92.481537, 26.860199], [-92.48291, 26.860199], [-92.48291, 26.860886], [-92.48497, 26.860886], [-92.48497, 26.862946], [-92.486343, 26.862946], [-92.486343, 26.863632], [-92.48703, 26.863632], [-92.48703, 26.864319], [-92.487717, 26.864319], [-92.487717, 26.865005], [-92.488403, 26.865005], [-92.488403, 26.865692], [-92.49115, 26.865692], [-92.49115, 26.866379], [-92.492523, 26.866379], [-92.492523, 26.867065], [-92.494583, 26.867065], [-92.494583, 26.867752], [-92.493896, 26.867752], [-92.493896, 26.869812], [-92.494583, 26.869812], [-92.494583, 26.870499], [-92.49527, 26.870499], [-92.49527, 26.871185], [-92.495956, 26.871185], [-92.495956, 26.871872], [-92.49733, 26.871872], [-92.49733, 26.873932], [-92.498016, 26.873932], [-92.498016, 26.874619], [-92.49733, 26.874619], [-92.49733, 26.875305], [-92.498016, 26.875305], [-92.498016, 26.875992], [-92.49939, 26.875992], [-92.49939, 26.876678], [-92.500076, 26.876678], [-92.500076, 26.878738], [-92.50145, 26.878738], [-92.50145, 26.880798], [-92.500763, 26.880798], [-92.500763, 26.881485], [-92.50145, 26.881485], [-92.50145, 26.882858], [-92.502823, 26.882858], [-92.502823, 26.883545], [-92.504883, 26.883545], [-92.504883, 26.884232], [-92.505569, 26.884232], [-92.505569, 26.884918], [-92.506256, 26.884918], [-92.506256, 26.885605], [-92.506943, 26.885605], [-92.506943, 26.884918], [-92.511063, 26.884918], [-92.511063, 26.885605], [-92.513123, 26.885605], [-92.513123, 26.889038], [-92.513809, 26.889038], [-92.513809, 26.889725], [-92.514496, 26.889725], [-92.514496, 26.891098], [-92.517242, 26.891098], [-92.517242, 26.892471], [-92.517929, 26.892471], [-92.517929, 26.893845], [-92.518616, 26.893845], [-92.518616, 26.894531], [-92.519302, 26.894531], [-92.519302, 26.897278], [-92.518616, 26.897278], [-92.518616, 26.896591], [-92.517929, 26.896591], [-92.517929, 26.895905], [-92.517242, 26.895905], [-92.517242, 26.895218], [-92.516556, 26.895218], [-92.516556, 26.894531], [-92.515869, 26.894531], [-92.515869, 26.893845], [-92.514496, 26.893845], [-92.514496, 26.893158], [-92.513123, 26.893158], [-92.513123, 26.891785], [-92.512436, 26.891785], [-92.512436, 26.891098], [-92.511063, 26.891098], [-92.511063, 26.891785], [-92.509689, 26.891785], [-92.509689, 26.891098], [-92.509003, 26.891098], [-92.509003, 26.890411], [-92.508316, 26.890411], [-92.508316, 26.889038], [-92.507629, 26.889038], [-92.507629, 26.888351], [-92.506256, 26.888351], [-92.506256, 26.889038], [-92.505569, 26.889038], [-92.505569, 26.889725], [-92.504883, 26.889725], [-92.504883, 26.892471], [-92.505569, 26.892471], [-92.505569, 26.893158], [-92.504196, 26.893158], [-92.504196, 26.893845], [-92.50351, 26.893845], [-92.50351, 26.896591], [-92.504196, 26.896591], [-92.504196, 26.897278], [-92.504883, 26.897278], [-92.504883, 26.898651], [-92.505569, 26.898651], [-92.505569, 26.900024], [-92.506943, 26.900024], [-92.506943, 26.902771], [-92.508316, 26.902771], [-92.508316, 26.903458], [-92.509689, 26.903458], [-92.509689, 26.904144], [-92.510376, 26.904144], [-92.510376, 26.905518], [-92.511063, 26.905518], [-92.511063, 26.906204], [-92.511749, 26.906204], [-92.511749, 26.908951], [-92.512436, 26.908951], [-92.512436, 26.909637], [-92.513123, 26.909637], [-92.513123, 26.911697], [-92.513809, 26.911697], [-92.513809, 26.912384], [-92.514496, 26.912384], [-92.514496, 26.915131], [-92.515869, 26.915131], [-92.515869, 26.915817], [-92.516556, 26.915817], [-92.516556, 26.917191], [-92.515182, 26.917191], [-92.515182, 26.917877], [-92.514496, 26.917877], [-92.514496, 26.918564], [-92.515182, 26.918564], [-92.515182, 26.91925], [-92.515869, 26.91925], [-92.515869, 26.92131], [-92.516556, 26.92131], [-92.516556, 26.921997], [-92.517242, 26.921997], [-92.517242, 26.922684], [-92.518616, 26.922684], [-92.518616, 26.924057], [-92.517929, 26.924057], [-92.517929, 26.924744], [-92.518616, 26.924744], [-92.518616, 26.92543], [-92.517929, 26.92543], [-92.517929, 26.92749], [-92.518616, 26.92749], [-92.518616, 26.928864], [-92.517929, 26.928864], [-92.517929, 26.92955], [-92.518616, 26.92955], [-92.518616, 26.930237], [-92.519302, 26.930237], [-92.519302, 26.93161], [-92.519989, 26.93161], [-92.519989, 26.932297], [-92.520676, 26.932297], [-92.520676, 26.932983], [-92.522049, 26.932983], [-92.522049, 26.935043], [-92.524109, 26.935043], [-92.524109, 26.934357], [-92.526169, 26.934357], [-92.526169, 26.93161], [-92.526855, 26.93161], [-92.526855, 26.930923], [-92.528915, 26.930923], [-92.528915, 26.930237], [-92.530975, 26.930237], [-92.530975, 26.92955], [-92.531662, 26.92955], [-92.531662, 26.930237], [-92.532349, 26.930237], [-92.532349, 26.93161], [-92.533722, 26.93161], [-92.533722, 26.932297], [-92.536469, 26.932297], [-92.536469, 26.934357], [-92.537155, 26.934357], [-92.537155, 26.93573], [-92.539215, 26.93573], [-92.539215, 26.936417], [-92.539902, 26.936417], [-92.539902, 26.937103], [-92.541275, 26.937103], [-92.541275, 26.93779], [-92.544022, 26.93779], [-92.544022, 26.937103], [-92.544708, 26.937103], [-92.544708, 26.93779], [-92.545395, 26.93779], [-92.545395, 26.938477], [-92.546768, 26.938477], [-92.546768, 26.93779], [-92.548828, 26.93779], [-92.548828, 26.938477], [-92.552948, 26.938477], [-92.552948, 26.93985], [-92.552261, 26.93985], [-92.552261, 26.94191], [-92.552948, 26.94191], [-92.552948, 26.94603], [-92.554321, 26.94603], [-92.554321, 26.946716], [-92.556381, 26.946716], [-92.556381, 26.948776], [-92.557755, 26.948776], [-92.557755, 26.949463], [-92.559128, 26.949463], [-92.559128, 26.950836], [-92.561188, 26.950836], [-92.561188, 26.951523], [-92.561874, 26.951523], [-92.561874, 26.952896], [-92.562561, 26.952896], [-92.562561, 26.953583], [-92.563934, 26.953583], [-92.563934, 26.954269], [-92.565308, 26.954269], [-92.565308, 26.954956], [-92.566681, 26.954956], [-92.566681, 26.955643], [-92.567368, 26.955643], [-92.567368, 26.956329], [-92.568054, 26.956329], [-92.568054, 26.957016], [-92.568741, 26.957016], [-92.568741, 26.957703], [-92.569427, 26.957703], [-92.569427, 26.959076], [-92.571487, 26.959076], [-92.571487, 26.959763], [-92.574234, 26.959763], [-92.574234, 26.958389], [-92.574921, 26.958389], [-92.574921, 26.957703], [-92.575607, 26.957703], [-92.575607, 26.959076], [-92.576294, 26.959076], [-92.576294, 26.959763], [-92.577667, 26.959763], [-92.577667, 26.960449], [-92.575607, 26.960449], [-92.575607, 26.961136], [-92.576294, 26.961136], [-92.576294, 26.962509], [-92.575607, 26.962509], [-92.575607, 26.963196], [-92.574921, 26.963196], [-92.574921, 26.962509], [-92.573547, 26.962509], [-92.573547, 26.960449], [-92.572174, 26.960449], [-92.572174, 26.961823], [-92.570801, 26.961823], [-92.570801, 26.960449], [-92.569427, 26.960449], [-92.569427, 26.959763], [-92.568054, 26.959763], [-92.568054, 26.960449], [-92.568741, 26.960449], [-92.568741, 26.962509], [-92.569427, 26.962509], [-92.569427, 26.963196]], [[-92.569427, 26.963196], [-92.568741, 26.963196], [-92.568741, 26.963882], [-92.569427, 26.963882], [-92.569427, 26.963196]], [[-92.563934, 26.965256], [-92.563934, 26.963882], [-92.563248, 26.963882], [-92.563248, 26.965256], [-92.563934, 26.965256]], [[-92.526169, 26.961136], [-92.526169, 26.960449], [-92.526855, 26.960449], [-92.526855, 26.959763], [-92.529602, 26.959763], [-92.529602, 26.957703], [-92.530289, 26.957703], [-92.530289, 26.959076], [-92.530975, 26.959076], [-92.530975, 26.958389], [-92.531662, 26.958389], [-92.531662, 26.957016], [-92.533035, 26.957016], [-92.533035, 26.956329], [-92.533722, 26.956329], [-92.533722, 26.954269], [-92.534409, 26.954269], [-92.534409, 26.952896], [-92.535095, 26.952896], [-92.535095, 26.952209], [-92.534409, 26.952209], [-92.534409, 26.951523], [-92.533035, 26.951523], [-92.533035, 26.950836], [-92.532349, 26.950836], [-92.532349, 26.951523], [-92.531662, 26.951523], [-92.531662, 26.953583], [-92.530975, 26.953583], [-92.530975, 26.954269], [-92.530289, 26.954269], [-92.530289, 26.954956], [-92.529602, 26.954956], [-92.529602, 26.955643], [-92.528915, 26.955643], [-92.528915, 26.956329], [-92.528229, 26.956329], [-92.528229, 26.955643], [-92.526169, 26.955643], [-92.526169, 26.956329], [-92.524796, 26.956329], [-92.524796, 26.957016], [-92.524109, 26.957016], [-92.524109, 26.959076], [-92.524796, 26.959076], [-92.524796, 26.960449], [-92.525482, 26.960449], [-92.525482, 26.961136], [-92.526169, 26.961136]], [[-92.524109, 26.959076], [-92.522736, 26.959076], [-92.522736, 26.961136], [-92.521362, 26.961136], [-92.521362, 26.961823], [-92.519302, 26.961823], [-92.519302, 26.962509], [-92.517242, 26.962509], [-92.517242, 26.964569], [-92.517929, 26.964569], [-92.517929, 26.965256], [-92.519302, 26.965256], [-92.519302, 26.964569], [-92.519989, 26.964569], [-92.519989, 26.963882], [-92.521362, 26.963882], [-92.521362, 26.963196], [-92.522049, 26.963196], [-92.522049, 26.962509], [-92.523422, 26.962509], [-92.523422, 26.961823], [-92.524109, 26.961823], [-92.524109, 26.959076]], [[-92.532349, 26.989975], [-92.530975, 26.989975], [-92.530975, 26.989288], [-92.530289, 26.989288], [-92.530289, 26.991348], [-92.530975, 26.991348], [-92.530975, 26.992035], [-92.532349, 26.992035], [-92.532349, 26.989975]], [[-92.529602, 27.003021], [-92.529602, 27.003708], [-92.530289, 27.003708], [-92.530289, 27.004395], [-92.530975, 27.004395], [-92.530975, 27.005768], [-92.531662, 27.005768], [-92.531662, 27.006454], [-92.530975, 27.006454], [-92.530975, 27.009201], [-92.531662, 27.009201], [-92.531662, 27.009888], [-92.532349, 27.009888], [-92.532349, 27.011261], [-92.533035, 27.011261], [-92.533035, 27.009201], [-92.532349, 27.009201], [-92.532349, 27.007828], [-92.531662, 27.007828], [-92.531662, 27.007141], [-92.532349, 27.007141], [-92.532349, 27.004395], [-92.531662, 27.004395], [-92.531662, 27.003708], [-92.532349, 27.003708], [-92.532349, 27.002335], [-92.531662, 27.002335], [-92.531662, 27.001648], [-92.530975, 27.001648], [-92.530975, 27.002335], [-92.530289, 27.002335], [-92.530289, 27.003021], [-92.529602, 27.003021]], [[-92.530975, 27.001648], [-92.530975, 27.000961], [-92.530289, 27.000961], [-92.530289, 27.001648], [-92.530975, 27.001648]], [[-92.479477, 26.890411], [-92.477417, 26.890411], [-92.477417, 26.891785], [-92.478104, 26.891785], [-92.478104, 26.893158], [-92.47879, 26.893158], [-92.47879, 26.893845], [-92.479477, 26.893845], [-92.479477, 26.895218], [-92.480164, 26.895218], [-92.480164, 26.892471], [-92.479477, 26.892471], [-92.479477, 26.890411]], [[-92.49115, 26.908951], [-92.490463, 26.908951], [-92.490463, 26.910324], [-92.49115, 26.910324], [-92.49115, 26.908951]], [[-92.508316, 26.940536], [-92.508316, 26.94191], [-92.506943, 26.94191], [-92.506943, 26.943283], [-92.506256, 26.943283], [-92.506256, 26.942596], [-92.505569, 26.942596], [-92.505569, 26.943283], [-92.504883, 26.943283], [-92.504883, 26.94397], [-92.505569, 26.94397], [-92.505569, 26.94603], [-92.506256, 26.94603], [-92.506256, 26.947403], [-92.506943, 26.947403], [-92.506943, 26.94809], [-92.509689, 26.94809], [-92.509689, 26.95015], [-92.510376, 26.95015], [-92.510376, 26.950836], [-92.511063, 26.950836], [-92.511063, 26.951523], [-92.511749, 26.951523], [-92.511749, 26.954956], [-92.512436, 26.954956], [-92.512436, 26.956329], [-92.513123, 26.956329], [-92.513123, 26.957016], [-92.513809, 26.957016], [-92.513809, 26.956329], [-92.514496, 26.956329], [-92.514496, 26.955643], [-92.515869, 26.955643], [-92.515869, 26.953583], [-92.518616, 26.953583], [-92.518616, 26.952896], [-92.519302, 26.952896], [-92.519302, 26.951523], [-92.518616, 26.951523], [-92.518616, 26.95015], [-92.517929, 26.95015], [-92.517929, 26.949463], [-92.517242, 26.949463], [-92.517242, 26.950836], [-92.516556, 26.950836], [-92.516556, 26.95015], [-92.514496, 26.95015], [-92.514496, 26.94809], [-92.513809, 26.94809], [-92.513809, 26.947403], [-92.514496, 26.947403], [-92.514496, 26.94603], [-92.513123, 26.94603], [-92.513123, 26.945343], [-92.512436, 26.945343], [-92.512436, 26.944656], [-92.511749, 26.944656], [-92.511749, 26.946716], [-92.510376, 26.946716], [-92.510376, 26.94603], [-92.509689, 26.94603], [-92.509689, 26.944656], [-92.510376, 26.944656], [-92.510376, 26.94397], [-92.509003, 26.94397], [-92.509003, 26.943283], [-92.509689, 26.943283], [-92.509689, 26.94191], [-92.510376, 26.94191], [-92.510376, 26.940536], [-92.508316, 26.940536]], [[-92.517242, 26.949463], [-92.517242, 26.948776], [-92.516556, 26.948776], [-92.516556, 26.949463], [-92.517242, 26.949463]], [[-92.50145, 26.906891], [-92.50145, 26.907578], [-92.500763, 26.907578], [-92.500763, 26.909637], [-92.50145, 26.909637], [-92.50145, 26.912384], [-92.502136, 26.912384], [-92.502136, 26.913071], [-92.502823, 26.913071], [-92.502823, 26.913757], [-92.504883, 26.913757], [-92.504883, 26.914444], [-92.505569, 26.914444], [-92.505569, 26.915817], [-92.506943, 26.915817], [-92.506943, 26.914444], [-92.506256, 26.914444], [-92.506256, 26.913757], [-92.506943, 26.913757], [-92.506943, 26.912384], [-92.506256, 26.912384], [-92.506256, 26.910324], [-92.505569, 26.910324], [-92.505569, 26.911011], [-92.504196, 26.911011], [-92.504196, 26.910324], [-92.504883, 26.910324], [-92.504883, 26.909637], [-92.504196, 26.909637], [-92.504196, 26.908264], [-92.502136, 26.908264], [-92.502136, 26.906891], [-92.50145, 26.906891]], [[-92.504883, 26.914444], [-92.502823, 26.914444], [-92.502823, 26.915131], [-92.50351, 26.915131], [-92.50351, 26.915817], [-92.504196, 26.915817], [-92.504196, 26.917191], [-92.504883, 26.917191], [-92.504883, 26.918564], [-92.505569, 26.918564], [-92.505569, 26.920624], [-92.506256, 26.920624], [-92.506256, 26.92131], [-92.507629, 26.92131], [-92.507629, 26.920624], [-92.508316, 26.920624], [-92.508316, 26.92131], [-92.509689, 26.92131], [-92.509689, 26.918564], [-92.506256, 26.918564], [-92.506256, 26.917877], [-92.505569, 26.917877], [-92.505569, 26.916504], [-92.504883, 26.916504], [-92.504883, 26.914444]], [[-92.502136, 26.897964], [-92.502136, 26.898651], [-92.502823, 26.898651], [-92.502823, 26.899338], [-92.50351, 26.899338], [-92.50351, 26.897964], [-92.502136, 26.897964]], [[-92.537155, 26.93573], [-92.535782, 26.93573], [-92.535782, 26.937103], [-92.535095, 26.937103], [-92.535095, 26.939163], [-92.535782, 26.939163], [-92.535782, 26.93779], [-92.536469, 26.93779], [-92.536469, 26.936417], [-92.537155, 26.936417], [-92.537155, 26.93573]], [[-92.537155, 26.936417], [-92.537155, 26.937103], [-92.537842, 26.937103], [-92.537842, 26.93779], [-92.538528, 26.93779], [-92.538528, 26.938477], [-92.537842, 26.938477], [-92.537842, 26.93985], [-92.539215, 26.93985], [-92.539215, 26.937103], [-92.538528, 26.937103], [-92.538528, 26.936417], [-92.537155, 26.936417]], [[-92.484283, 26.900024], [-92.484283, 26.898651], [-92.48291, 26.898651], [-92.48291, 26.900024], [-92.484283, 26.900024]], [[-92.498016, 26.892471], [-92.498016, 26.891785], [-92.49733, 26.891785], [-92.49733, 26.892471], [-92.498016, 26.892471]], [[-92.49733, 26.892471], [-92.496643, 26.892471], [-92.496643, 26.893845], [-92.498016, 26.893845], [-92.498016, 26.893158], [-92.49733, 26.893158], [-92.49733, 26.892471]], [[-92.50145, 26.895905], [-92.50145, 26.894531], [-92.502136, 26.894531], [-92.502136, 26.893158], [-92.50145, 26.893158], [-92.50145, 26.892471], [-92.502136, 26.892471], [-92.502136, 26.891098], [-92.50145, 26.891098], [-92.50145, 26.890411], [-92.502136, 26.890411], [-92.502136, 26.889725], [-92.50145, 26.889725], [-92.50145, 26.888351], [-92.502136, 26.888351], [-92.502136, 26.887665], [-92.50145, 26.887665], [-92.50145, 26.884232], [-92.500076, 26.884232], [-92.500076, 26.883545], [-92.498703, 26.883545], [-92.498703, 26.882172], [-92.498016, 26.882172], [-92.498016, 26.880798], [-92.49733, 26.880798], [-92.49733, 26.883545], [-92.498016, 26.883545], [-92.498016, 26.884232], [-92.49733, 26.884232], [-92.49733, 26.884918], [-92.498016, 26.884918], [-92.498016, 26.886292], [-92.498703, 26.886292], [-92.498703, 26.890411], [-92.49939, 26.890411], [-92.49939, 26.891785], [-92.500076, 26.891785], [-92.500076, 26.892471], [-92.49939, 26.892471], [-92.49939, 26.893158], [-92.500076, 26.893158], [-92.500076, 26.894531], [-92.500763, 26.894531], [-92.500763, 26.895905], [-92.50145, 26.895905]], [[-92.502823, 27.022247], [-92.502823, 27.021561], [-92.50351, 27.021561], [-92.50351, 27.020874], [-92.502136, 27.020874], [-92.502136, 27.021561], [-92.50145, 27.021561], [-92.50145, 27.022247], [-92.502823, 27.022247]], [[-92.504196, 26.885605], [-92.504196, 26.884918], [-92.50351, 26.884918], [-92.50351, 26.885605], [-92.504196, 26.885605]], [[-92.504883, 26.902771], [-92.504883, 26.902084], [-92.50351, 26.902084], [-92.50351, 26.902771], [-92.504883, 26.902771]], [[-92.507629, 26.909637], [-92.507629, 26.908951], [-92.506943, 26.908951], [-92.506943, 26.909637], [-92.507629, 26.909637]], [[-92.509689, 26.932983], [-92.509689, 26.930237], [-92.508316, 26.930237], [-92.508316, 26.930923], [-92.507629, 26.930923], [-92.507629, 26.932983], [-92.509689, 26.932983]], [[-92.509689, 26.92955], [-92.509689, 26.928864], [-92.509003, 26.928864], [-92.509003, 26.92955], [-92.509689, 26.92955]], [[-92.511063, 26.930237], [-92.511063, 26.92955], [-92.510376, 26.92955], [-92.510376, 26.930237], [-92.511063, 26.930237]], [[-92.511749, 26.93985], [-92.511749, 26.938477], [-92.511063, 26.938477], [-92.511063, 26.93985], [-92.511749, 26.93985]], [[-92.512436, 26.932983], [-92.512436, 26.93161], [-92.511749, 26.93161], [-92.511749, 26.932297], [-92.511063, 26.932297], [-92.511063, 26.932983], [-92.512436, 26.932983]], [[-92.512436, 27.018127], [-92.512436, 27.017441], [-92.511749, 27.017441], [-92.511749, 27.018127], [-92.512436, 27.018127]], [[-92.513809, 26.920624], [-92.513809, 26.919937], [-92.513123, 26.919937], [-92.513123, 26.920624], [-92.513809, 26.920624]], [[-92.515869, 26.924744], [-92.515869, 26.924057], [-92.515182, 26.924057], [-92.515182, 26.92337], [-92.514496, 26.92337], [-92.514496, 26.921997], [-92.513809, 26.921997], [-92.513809, 26.92131], [-92.513123, 26.92131], [-92.513123, 26.92337], [-92.513809, 26.92337], [-92.513809, 26.924057], [-92.514496, 26.924057], [-92.514496, 26.924744], [-92.515869, 26.924744]], [[-92.516556, 26.957703], [-92.516556, 26.957016], [-92.517242, 26.957016], [-92.517242, 26.956329], [-92.518616, 26.956329], [-92.518616, 26.954956], [-92.517242, 26.954956], [-92.517242, 26.955643], [-92.516556, 26.955643], [-92.516556, 26.956329], [-92.515182, 26.956329], [-92.515182, 26.957016], [-92.514496, 26.957016], [-92.514496, 26.957703], [-92.516556, 26.957703]], [[-92.517242, 26.926804], [-92.517242, 26.924057], [-92.516556, 26.924057], [-92.516556, 26.92543], [-92.515869, 26.92543], [-92.515869, 26.926117], [-92.516556, 26.926117], [-92.516556, 26.926804], [-92.517242, 26.926804]], [[-92.533722, 27.03186], [-92.533722, 27.031174], [-92.533035, 27.031174], [-92.533035, 27.0298], [-92.532349, 27.0298], [-92.532349, 27.02774], [-92.531662, 27.02774], [-92.531662, 27.027054], [-92.533722, 27.027054], [-92.533722, 27.026367], [-92.533035, 27.026367], [-92.533035, 27.024307], [-92.532349, 27.024307], [-92.532349, 27.022247], [-92.531662, 27.022247], [-92.531662, 27.020187], [-92.530975, 27.020187], [-92.530975, 27.019501], [-92.528915, 27.019501], [-92.528915, 27.018814], [-92.526855, 27.018814], [-92.526855, 27.019501], [-92.525482, 27.019501], [-92.525482, 27.018814], [-92.526169, 27.018814], [-92.526169, 27.018127], [-92.528915, 27.018127], [-92.528915, 27.016754], [-92.526169, 27.016754], [-92.526169, 27.017441], [-92.524796, 27.017441], [-92.524796, 27.015381], [-92.523422, 27.015381], [-92.523422, 27.016754], [-92.522736, 27.016754], [-92.522736, 27.016068], [-92.522049, 27.016068], [-92.522049, 27.015381], [-92.520676, 27.015381], [-92.520676, 27.014694], [-92.519989, 27.014694], [-92.519989, 27.015381], [-92.519302, 27.015381], [-92.519302, 27.014694], [-92.518616, 27.014694], [-92.518616, 27.014008], [-92.517929, 27.014008], [-92.517929, 27.015381], [-92.517242, 27.015381], [-92.517242, 27.016068], [-92.516556, 27.016068], [-92.516556, 27.016754], [-92.515869, 27.016754], [-92.515869, 27.017441], [-92.516556, 27.017441], [-92.516556, 27.018127], [-92.517242, 27.018127], [-92.517242, 27.018814], [-92.517929, 27.018814], [-92.517929, 27.019501], [-92.518616, 27.019501], [-92.518616, 27.020187], [-92.519302, 27.020187], [-92.519302, 27.020874], [-92.519989, 27.020874], [-92.519989, 27.021561], [-92.520676, 27.021561], [-92.520676, 27.022247], [-92.522049, 27.022247], [-92.522049, 27.023621], [-92.522736, 27.023621], [-92.522736, 27.024307], [-92.523422, 27.024307], [-92.523422, 27.025681], [-92.524109, 27.025681], [-92.524109, 27.026367], [-92.524796, 27.026367], [-92.524796, 27.027054], [-92.525482, 27.027054], [-92.525482, 27.02774], [-92.526169, 27.02774], [-92.526169, 27.028427], [-92.526855, 27.028427], [-92.526855, 27.029114], [-92.527542, 27.029114], [-92.527542, 27.0298], [-92.528915, 27.0298], [-92.528915, 27.029114], [-92.529602, 27.029114], [-92.529602, 27.0298], [-92.530289, 27.0298], [-92.530289, 27.030487], [-92.530975, 27.030487], [-92.530975, 27.031174], [-92.532349, 27.031174], [-92.532349, 27.03186], [-92.533722, 27.03186]], [[-92.522049, 26.957016], [-92.522049, 26.956329], [-92.521362, 26.956329], [-92.521362, 26.957016], [-92.522049, 26.957016]], [[-92.521362, 26.957016], [-92.518616, 26.957016], [-92.518616, 26.957703], [-92.517929, 26.957703], [-92.517929, 26.959076], [-92.517242, 26.959076], [-92.517242, 26.959763], [-92.516556, 26.959763], [-92.516556, 26.961136], [-92.517929, 26.961136], [-92.517929, 26.959763], [-92.519989, 26.959763], [-92.519989, 26.957703], [-92.521362, 26.957703], [-92.521362, 26.957016]], [[-92.527542, 26.948776], [-92.526855, 26.948776], [-92.526855, 26.95015], [-92.527542, 26.95015], [-92.527542, 26.948776]], [[-92.527542, 26.948776], [-92.529602, 26.948776], [-92.529602, 26.947403], [-92.530289, 26.947403], [-92.530289, 26.94603], [-92.530975, 26.94603], [-92.530975, 26.945343], [-92.530289, 26.945343], [-92.530289, 26.94397], [-92.528229, 26.94397], [-92.528229, 26.943283], [-92.528915, 26.943283], [-92.528915, 26.942596], [-92.525482, 26.942596], [-92.525482, 26.943283], [-92.524109, 26.943283], [-92.524109, 26.941223], [-92.523422, 26.941223], [-92.523422, 26.940536], [-92.522736, 26.940536], [-92.522736, 26.938477], [-92.520676, 26.938477], [-92.520676, 26.937103], [-92.519989, 26.937103], [-92.519989, 26.93573], [-92.519302, 26.93573], [-92.519302, 26.934357], [-92.518616, 26.934357], [-92.518616, 26.93367], [-92.517242, 26.93367], [-92.517242, 26.934357], [-92.516556, 26.934357], [-92.516556, 26.93779], [-92.517242, 26.93779], [-92.517242, 26.93985], [-92.517929, 26.93985], [-92.517929, 26.94191], [-92.518616, 26.94191], [-92.518616, 26.944656], [-92.519989, 26.944656], [-92.519989, 26.94603], [-92.519302, 26.94603], [-92.519302, 26.947403], [-92.519989, 26.947403], [-92.519989, 26.948776], [-92.520676, 26.948776], [-92.520676, 26.949463], [-92.521362, 26.949463], [-92.521362, 26.95015], [-92.520676, 26.95015], [-92.520676, 26.950836], [-92.521362, 26.950836], [-92.521362, 26.951523], [-92.522049, 26.951523], [-92.522049, 26.952896], [-92.522736, 26.952896], [-92.522736, 26.955643], [-92.523422, 26.955643], [-92.523422, 26.956329], [-92.524109, 26.956329], [-92.524109, 26.955643], [-92.524796, 26.955643], [-92.524796, 26.954956], [-92.526855, 26.954956], [-92.526855, 26.953583], [-92.526169, 26.953583], [-92.526169, 26.951523], [-92.524796, 26.951523], [-92.524796, 26.952896], [-92.523422, 26.952896], [-92.523422, 26.950836], [-92.522736, 26.950836], [-92.522736, 26.95015], [-92.522049, 26.95015], [-92.522049, 26.948776], [-92.522736, 26.948776], [-92.522736, 26.94397], [-92.523422, 26.94397], [-92.523422, 26.945343], [-92.524109, 26.945343], [-92.524109, 26.946716], [-92.525482, 26.946716], [-92.525482, 26.947403], [-92.526855, 26.947403], [-92.526855, 26.946716], [-92.527542, 26.946716], [-92.527542, 26.948776]], [[-92.526169, 26.93573], [-92.526169, 26.935043], [-92.524796, 26.935043], [-92.524796, 26.93573], [-92.526169, 26.93573]], [[-92.526855, 26.94191], [-92.526855, 26.93985], [-92.527542, 26.93985], [-92.527542, 26.938477], [-92.526855, 26.938477], [-92.526855, 26.93779], [-92.526169, 26.93779], [-92.526169, 26.938477], [-92.525482, 26.938477], [-92.525482, 26.93985], [-92.526169, 26.93985], [-92.526169, 26.940536], [-92.525482, 26.940536], [-92.525482, 26.94191], [-92.526855, 26.94191]], [[-92.528915, 26.953583], [-92.528915, 26.952896], [-92.529602, 26.952896], [-92.529602, 26.952209], [-92.530289, 26.952209], [-92.530289, 26.950836], [-92.530975, 26.950836], [-92.530975, 26.949463], [-92.529602, 26.949463], [-92.529602, 26.950836], [-92.527542, 26.950836], [-92.527542, 26.953583], [-92.528915, 26.953583]], [[-92.529602, 26.932297], [-92.529602, 26.93161], [-92.528915, 26.93161], [-92.528915, 26.932297], [-92.529602, 26.932297]], [[-92.531662, 26.941223], [-92.531662, 26.939163], [-92.532349, 26.939163], [-92.532349, 26.940536], [-92.533722, 26.940536], [-92.533722, 26.939163], [-92.533035, 26.939163], [-92.533035, 26.937103], [-92.532349, 26.937103], [-92.532349, 26.93573], [-92.533035, 26.93573], [-92.533035, 26.935043], [-92.530975, 26.935043], [-92.530975, 26.937103], [-92.531662, 26.937103], [-92.531662, 26.93779], [-92.530975, 26.93779], [-92.530975, 26.938477], [-92.530289, 26.938477], [-92.530289, 26.93985], [-92.530975, 26.93985], [-92.530975, 26.940536], [-92.530289, 26.940536], [-92.530289, 26.941223], [-92.531662, 26.941223]], [[-92.535095, 27.029114], [-92.535095, 27.028427], [-92.534409, 27.028427], [-92.534409, 27.02774], [-92.533722, 27.02774], [-92.533722, 27.029114], [-92.535095, 27.029114]], [[-92.535782, 26.941223], [-92.535782, 26.940536], [-92.535095, 26.940536], [-92.535095, 26.941223], [-92.535782, 26.941223]], [[-92.540588, 26.94809], [-92.540588, 26.947403], [-92.541275, 26.947403], [-92.541275, 26.946716], [-92.540588, 26.946716], [-92.540588, 26.94603], [-92.539902, 26.94603], [-92.539902, 26.944656], [-92.539215, 26.944656], [-92.539215, 26.94397], [-92.537842, 26.94397], [-92.537842, 26.944656], [-92.536469, 26.944656], [-92.536469, 26.94603], [-92.535782, 26.94603], [-92.535782, 26.94809], [-92.540588, 26.94809]], [[-92.539902, 26.954269], [-92.539902, 26.953583], [-92.542648, 26.953583], [-92.542648, 26.952896], [-92.543335, 26.952896], [-92.543335, 26.95015], [-92.541962, 26.95015], [-92.541962, 26.950836], [-92.542648, 26.950836], [-92.542648, 26.951523], [-92.541962, 26.951523], [-92.541962, 26.952209], [-92.541275, 26.952209], [-92.541275, 26.950836], [-92.539902, 26.950836], [-92.539902, 26.95015], [-92.537842, 26.95015], [-92.537842, 26.950836], [-92.537155, 26.950836], [-92.537155, 26.951523], [-92.536469, 26.951523], [-92.536469, 26.953583], [-92.537155, 26.953583], [-92.537155, 26.954269], [-92.539902, 26.954269]], [[-92.537155, 26.957016], [-92.537155, 26.955643], [-92.536469, 26.955643], [-92.536469, 26.957016], [-92.537155, 26.957016]], [[-92.543335, 26.94191], [-92.543335, 26.941223], [-92.544022, 26.941223], [-92.544022, 26.938477], [-92.542648, 26.938477], [-92.542648, 26.939163], [-92.541962, 26.939163], [-92.541962, 26.940536], [-92.539902, 26.940536], [-92.539902, 26.94191], [-92.543335, 26.94191]], [[-92.544708, 26.95015], [-92.544708, 26.949463], [-92.544022, 26.949463], [-92.544022, 26.95015], [-92.544708, 26.95015]], [[-92.546082, 26.941223], [-92.546082, 26.940536], [-92.544708, 26.940536], [-92.544708, 26.941223], [-92.546082, 26.941223]], [[-92.560501, 26.957703], [-92.560501, 26.956329], [-92.559128, 26.956329], [-92.559128, 26.955643], [-92.558441, 26.955643], [-92.558441, 26.957016], [-92.559128, 26.957016], [-92.559128, 26.957703], [-92.560501, 26.957703]], [[-92.568054, 26.963196], [-92.568054, 26.961823], [-92.567368, 26.961823], [-92.567368, 26.960449], [-92.565994, 26.960449], [-92.565994, 26.959763], [-92.566681, 26.959763], [-92.566681, 26.957703], [-92.565994, 26.957703], [-92.565994, 26.957016], [-92.564621, 26.957016], [-92.564621, 26.956329], [-92.563934, 26.956329], [-92.563934, 26.954956], [-92.562561, 26.954956], [-92.562561, 26.955643], [-92.563248, 26.955643], [-92.563248, 26.957016], [-92.561874, 26.957016], [-92.561874, 26.957703], [-92.562561, 26.957703], [-92.562561, 26.959076], [-92.563248, 26.959076], [-92.563248, 26.961136], [-92.564621, 26.961136], [-92.564621, 26.961823], [-92.565308, 26.961823], [-92.565308, 26.962509], [-92.565994, 26.962509], [-92.565994, 26.963196], [-92.568054, 26.963196]]], [[[-92.48909, 26.869812], [-92.490463, 26.869812], [-92.490463, 26.870499], [-92.489777, 26.870499], [-92.489777, 26.871185], [-92.48909, 26.871185], [-92.48909, 26.869812]]], [[[-92.502823, 26.913071], [-92.502823, 26.912384], [-92.504883, 26.912384], [-92.504883, 26.913071], [-92.502823, 26.913071]]], [[[-92.514496, 26.95015], [-92.514496, 26.950836], [-92.513809, 26.950836], [-92.513809, 26.95015], [-92.514496, 26.95015]]], [[[-92.50145, 26.935043], [-92.50145, 26.93367], [-92.502136, 26.93367], [-92.502136, 26.935043], [-92.50145, 26.935043]]], [[[-92.511063, 26.961136], [-92.511063, 26.961823], [-92.510376, 26.961823], [-92.510376, 26.961136], [-92.511063, 26.961136]]], [[[-92.528915, 27.000961], [-92.528915, 27.002335], [-92.528229, 27.002335], [-92.528229, 27.000961], [-92.528915, 27.000961]]], [[[-92.530289, 27.003021], [-92.530975, 27.003021], [-92.530975, 27.003708], [-92.530289, 27.003708], [-92.530289, 27.003021]]], [[[-92.49939, 27.020874], [-92.49939, 27.021561], [-92.498703, 27.021561], [-92.498703, 27.022247], [-92.498016, 27.022247], [-92.498016, 27.020874], [-92.49939, 27.020874]]], [[[-92.528915, 26.956329], [-92.529602, 26.956329], [-92.529602, 26.957016], [-92.528915, 26.957016], [-92.528915, 26.956329]]], [[[-92.540588, 26.956329], [-92.541275, 26.956329], [-92.541275, 26.957016], [-92.541962, 26.957016], [-92.541962, 26.957703], [-92.541275, 26.957703], [-92.541275, 26.959076], [-92.540588, 26.959076], [-92.540588, 26.958389], [-92.539902, 26.958389], [-92.539902, 26.957016], [-92.540588, 26.957016], [-92.540588, 26.956329]]], [[[-92.543335, 26.956329], [-92.544022, 26.956329], [-92.544022, 26.958389], [-92.544708, 26.958389], [-92.544708, 26.959076], [-92.545395, 26.959076], [-92.545395, 26.959763], [-92.546082, 26.959763], [-92.546082, 26.960449], [-92.543335, 26.960449], [-92.543335, 26.959076], [-92.542648, 26.959076], [-92.542648, 26.957703], [-92.543335, 26.957703], [-92.543335, 26.956329]]], [[[-92.546082, 26.960449], [-92.546768, 26.960449], [-92.546768, 26.961136], [-92.546082, 26.961136], [-92.546082, 26.960449]]], [[[-92.47673, 27.005768], [-92.476044, 27.005768], [-92.476044, 27.005081], [-92.47673, 27.005081], [-92.47673, 27.005768]]], [[[-92.48703, 26.822433], [-92.486343, 26.822433], [-92.486343, 26.82106], [-92.485657, 26.82106], [-92.485657, 26.819687], [-92.48291, 26.819687], [-92.48291, 26.819], [-92.481537, 26.819], [-92.481537, 26.818314], [-92.478104, 26.818314], [-92.478104, 26.816254], [-92.477417, 26.816254], [-92.477417, 26.815567], [-92.478104, 26.815567], [-92.478104, 26.81488], [-92.477417, 26.81488], [-92.477417, 26.814194], [-92.479477, 26.814194], [-92.479477, 26.81488], [-92.480164, 26.81488], [-92.480164, 26.816254], [-92.481537, 26.816254], [-92.481537, 26.81694], [-92.48291, 26.81694], [-92.48291, 26.817627], [-92.483597, 26.817627], [-92.483597, 26.818314], [-92.48497, 26.818314], [-92.48497, 26.819], [-92.486343, 26.819], [-92.486343, 26.819687], [-92.48703, 26.819687], [-92.48703, 26.822433]]], [[[-92.479477, 26.838913], [-92.47879, 26.838913], [-92.47879, 26.838226], [-92.478104, 26.838226], [-92.478104, 26.83754], [-92.479477, 26.83754], [-92.479477, 26.838913]]], [[[-92.48497, 26.93985], [-92.484283, 26.93985], [-92.484283, 26.939163], [-92.48497, 26.939163], [-92.48497, 26.93985]]], [[[-92.484283, 26.93985], [-92.484283, 26.940536], [-92.482224, 26.940536], [-92.482224, 26.93985], [-92.481537, 26.93985], [-92.481537, 26.939163], [-92.482224, 26.939163], [-92.482224, 26.93779], [-92.479477, 26.93779], [-92.479477, 26.93985], [-92.480164, 26.93985], [-92.480164, 26.940536], [-92.47879, 26.940536], [-92.47879, 26.937103], [-92.479477, 26.937103], [-92.479477, 26.93573], [-92.48085, 26.93573], [-92.48085, 26.937103], [-92.484283, 26.937103], [-92.484283, 26.938477], [-92.483597, 26.938477], [-92.483597, 26.93985], [-92.484283, 26.93985]]], [[[-92.482224, 26.94809], [-92.48085, 26.94809], [-92.48085, 26.94603], [-92.481537, 26.94603], [-92.481537, 26.946716], [-92.482224, 26.946716], [-92.482224, 26.94809]]], [[[-92.48085, 26.94603], [-92.480164, 26.94603], [-92.480164, 26.942596], [-92.48085, 26.942596], [-92.48085, 26.94603]]], [[[-92.480164, 26.942596], [-92.479477, 26.942596], [-92.479477, 26.941223], [-92.480164, 26.941223], [-92.480164, 26.942596]]], [[[-92.48909, 26.987915], [-92.488403, 26.987915], [-92.488403, 26.985168], [-92.487717, 26.985168], [-92.487717, 26.983109], [-92.488403, 26.983109], [-92.488403, 26.973495], [-92.487717, 26.973495], [-92.487717, 26.970749], [-92.48703, 26.970749], [-92.48703, 26.966629], [-92.486343, 26.966629], [-92.486343, 26.963882], [-92.485657, 26.963882], [-92.485657, 26.962509], [-92.48497, 26.962509], [-92.48497, 26.960449], [-92.484283, 26.960449], [-92.484283, 26.959763], [-92.48291, 26.959763], [-92.48291, 26.956329], [-92.482224, 26.956329], [-92.482224, 26.952896], [-92.481537, 26.952896], [-92.481537, 26.950836], [-92.48085, 26.950836], [-92.48085, 26.95015], [-92.481537, 26.95015], [-92.481537, 26.948776], [-92.482224, 26.948776], [-92.482224, 26.95015], [-92.48291, 26.95015], [-92.48291, 26.950836], [-92.483597, 26.950836], [-92.483597, 26.952209], [-92.484283, 26.952209], [-92.484283, 26.954269], [-92.48291, 26.954269], [-92.48291, 26.954956], [-92.483597, 26.954956], [-92.483597, 26.955643], [-92.484283, 26.955643], [-92.484283, 26.957016], [-92.48497, 26.957016], [-92.48497, 26.959076], [-92.485657, 26.959076], [-92.485657, 26.960449], [-92.486343, 26.960449], [-92.486343, 26.962509], [-92.48703, 26.962509], [-92.48703, 26.963882], [-92.487717, 26.963882], [-92.487717, 26.965942], [-92.488403, 26.965942], [-92.488403, 26.969376], [-92.48909, 26.969376], [-92.48909, 26.973495], [-92.489777, 26.973495], [-92.489777, 26.974182], [-92.490463, 26.974182], [-92.490463, 26.976929], [-92.49115, 26.976929], [-92.49115, 26.984482], [-92.491837, 26.984482], [-92.491837, 26.985168], [-92.49115, 26.985168], [-92.49115, 26.987228], [-92.490463, 26.987228], [-92.490463, 26.986542], [-92.489777, 26.986542], [-92.489777, 26.987228], [-92.48909, 26.987228], [-92.48909, 26.987915]]], [[[-92.482224, 26.864319], [-92.481537, 26.864319], [-92.481537, 26.862946], [-92.482224, 26.862946], [-92.482224, 26.864319]]], [[[-92.482224, 26.810074], [-92.481537, 26.810074], [-92.481537, 26.809387], [-92.482224, 26.809387], [-92.482224, 26.810074]]], [[[-92.484283, 27.03186], [-92.48291, 27.03186], [-92.48291, 27.031174], [-92.483597, 27.031174], [-92.483597, 27.030487], [-92.484283, 27.030487], [-92.484283, 27.03186]]], [[[-92.486343, 26.870499], [-92.48497, 26.870499], [-92.48497, 26.869125], [-92.484283, 26.869125], [-92.484283, 26.868439], [-92.485657, 26.868439], [-92.485657, 26.869812], [-92.486343, 26.869812], [-92.486343, 26.870499]]], [[[-92.484283, 26.869125], [-92.484283, 26.869812], [-92.48291, 26.869812], [-92.48291, 26.868439], [-92.483597, 26.868439], [-92.483597, 26.869125], [-92.484283, 26.869125]]], [[[-92.48497, 26.94397], [-92.484283, 26.94397], [-92.484283, 26.941223], [-92.48497, 26.941223], [-92.48497, 26.94397]]], [[[-92.486343, 26.912384], [-92.485657, 26.912384], [-92.485657, 26.911697], [-92.486343, 26.911697], [-92.486343, 26.912384]]], [[[-92.485657, 26.911697], [-92.48497, 26.911697], [-92.48497, 26.911011], [-92.485657, 26.911011], [-92.485657, 26.911697]]], [[[-92.48703, 26.82724], [-92.485657, 26.82724], [-92.485657, 26.825867], [-92.48497, 26.825867], [-92.48497, 26.824493], [-92.485657, 26.824493], [-92.485657, 26.82518], [-92.486343, 26.82518], [-92.486343, 26.825867], [-92.48703, 26.825867], [-92.48703, 26.82724]]], [[[-92.504196, 26.828613], [-92.502136, 26.828613], [-92.502136, 26.82724], [-92.50145, 26.82724], [-92.50145, 26.826553], [-92.502823, 26.826553], [-92.502823, 26.82724], [-92.50351, 26.82724], [-92.50351, 26.827927], [-92.504196, 26.827927], [-92.504196, 26.828613]]], [[[-92.50145, 26.826553], [-92.498703, 26.826553], [-92.498703, 26.825867], [-92.498016, 26.825867], [-92.498016, 26.82518], [-92.49733, 26.82518], [-92.49733, 26.823807], [-92.496643, 26.823807], [-92.496643, 26.82312], [-92.494583, 26.82312], [-92.494583, 26.821747], [-92.493896, 26.821747], [-92.493896, 26.82106], [-92.492523, 26.82106], [-92.492523, 26.820374], [-92.491837, 26.820374], [-92.491837, 26.819687], [-92.49115, 26.819687], [-92.49115, 26.819], [-92.490463, 26.819], [-92.490463, 26.818314], [-92.48909, 26.818314], [-92.48909, 26.81694], [-92.488403, 26.81694], [-92.488403, 26.815567], [-92.48703, 26.815567], [-92.48703, 26.81488], [-92.48909, 26.81488], [-92.48909, 26.815567], [-92.490463, 26.815567], [-92.490463, 26.816254], [-92.49115, 26.816254], [-92.49115, 26.81694], [-92.492523, 26.81694], [-92.492523, 26.817627], [-92.49321, 26.817627], [-92.49321, 26.819], [-92.493896, 26.819], [-92.493896, 26.820374], [-92.49527, 26.820374], [-92.49527, 26.821747], [-92.49733, 26.821747], [-92.49733, 26.822433], [-92.498016, 26.822433], [-92.498016, 26.82312], [-92.498703, 26.82312], [-92.498703, 26.823807], [-92.49939, 26.823807], [-92.49939, 26.82518], [-92.500076, 26.82518], [-92.500076, 26.825867], [-92.50145, 26.825867], [-92.50145, 26.826553]]], [[[-92.48703, 26.81488], [-92.486343, 26.81488], [-92.486343, 26.814194], [-92.48703, 26.814194], [-92.48703, 26.81488]]], [[[-92.486343, 26.814194], [-92.485657, 26.814194], [-92.485657, 26.813507], [-92.486343, 26.813507], [-92.486343, 26.814194]]], [[[-92.490463, 26.883545], [-92.48909, 26.883545], [-92.48909, 26.882858], [-92.490463, 26.882858], [-92.490463, 26.883545]]], [[[-92.48909, 26.882858], [-92.487717, 26.882858], [-92.487717, 26.880798], [-92.48909, 26.880798], [-92.48909, 26.882858]]], [[[-92.49115, 26.878738], [-92.488403, 26.878738], [-92.488403, 26.876678], [-92.48909, 26.876678], [-92.48909, 26.877365], [-92.490463, 26.877365], [-92.490463, 26.878052], [-92.49115, 26.878052], [-92.49115, 26.878738]]], [[[-92.491837, 26.8293], [-92.489777, 26.8293], [-92.489777, 26.828613], [-92.488403, 26.828613], [-92.488403, 26.82724], [-92.489777, 26.82724], [-92.489777, 26.827927], [-92.490463, 26.827927], [-92.490463, 26.828613], [-92.491837, 26.828613], [-92.491837, 26.8293]]], [[[-92.491837, 26.875992], [-92.49115, 26.875992], [-92.49115, 26.873932], [-92.491837, 26.873932], [-92.491837, 26.875992]]], [[[-92.491837, 26.948776], [-92.49115, 26.948776], [-92.49115, 26.947403], [-92.491837, 26.947403], [-92.491837, 26.948776]]], [[[-92.500763, 26.962509], [-92.500076, 26.962509], [-92.500076, 26.961823], [-92.49939, 26.961823], [-92.49939, 26.960449], [-92.498703, 26.960449], [-92.498703, 26.959076], [-92.498016, 26.959076], [-92.498016, 26.958389], [-92.49733, 26.958389], [-92.49733, 26.957703], [-92.496643, 26.957703], [-92.496643, 26.957016], [-92.494583, 26.957016], [-92.494583, 26.955643], [-92.49527, 26.955643], [-92.49527, 26.954956], [-92.496643, 26.954956], [-92.496643, 26.95015], [-92.49527, 26.95015], [-92.49527, 26.949463], [-92.492523, 26.949463], [-92.492523, 26.948776], [-92.49321, 26.948776], [-92.49321, 26.946716], [-92.491837, 26.946716], [-92.491837, 26.94397], [-92.492523, 26.94397], [-92.492523, 26.944656], [-92.49321, 26.944656], [-92.49321, 26.945343], [-92.493896, 26.945343], [-92.493896, 26.94603], [-92.494583, 26.94603], [-92.494583, 26.947403], [-92.495956, 26.947403], [-92.495956, 26.946716], [-92.496643, 26.946716], [-92.496643, 26.947403], [-92.49733, 26.947403], [-92.49733, 26.94809], [-92.49527, 26.94809], [-92.49527, 26.948776], [-92.49733, 26.948776], [-92.49733, 26.951523], [-92.498016, 26.951523], [-92.498016, 26.954956], [-92.49733, 26.954956], [-92.49733, 26.956329], [-92.498703, 26.956329], [-92.498703, 26.957016], [-92.50145, 26.957016], [-92.50145, 26.957703], [-92.500076, 26.957703], [-92.500076, 26.959076], [-92.500763, 26.959076], [-92.500763, 26.959763], [-92.500076, 26.959763], [-92.500076, 26.961136], [-92.500763, 26.961136], [-92.500763, 26.962509]]], [[[-92.49939, 26.873245], [-92.498016, 26.873245], [-92.498016, 26.872559], [-92.49939, 26.872559], [-92.49939, 26.873245]]], [[[-92.500763, 27.059326], [-92.500076, 27.059326], [-92.500076, 27.05864], [-92.500763, 27.05864], [-92.500763, 27.059326]]], [[[-92.50145, 27.061386], [-92.500763, 27.061386], [-92.500763, 27.060013], [-92.50145, 27.060013], [-92.50145, 27.061386]]], [[[-92.50351, 26.951523], [-92.502823, 26.951523], [-92.502823, 26.950836], [-92.50351, 26.950836], [-92.50351, 26.951523]]], [[[-92.502823, 26.950836], [-92.502136, 26.950836], [-92.502136, 26.95015], [-92.502823, 26.95015], [-92.502823, 26.950836]]], [[[-92.50351, 26.834793], [-92.502136, 26.834793], [-92.502136, 26.834106], [-92.50351, 26.834106], [-92.50351, 26.834793]]], [[[-92.506256, 27.064133], [-92.505569, 27.064133], [-92.505569, 27.063446], [-92.504196, 27.063446], [-92.504196, 27.062073], [-92.50351, 27.062073], [-92.50351, 27.061386], [-92.504196, 27.061386], [-92.504196, 27.060013], [-92.504883, 27.060013], [-92.504883, 27.057953], [-92.504196, 27.057953], [-92.504196, 27.055206], [-92.50351, 27.055206], [-92.50351, 27.05246], [-92.502823, 27.05246], [-92.502823, 27.051773], [-92.505569, 27.051773], [-92.505569, 27.05246], [-92.506256, 27.05246], [-92.506256, 27.055893], [-92.506943, 27.055893], [-92.506943, 27.05658], [-92.506256, 27.05658], [-92.506256, 27.059326], [-92.506943, 27.059326], [-92.506943, 27.062073], [-92.506256, 27.062073], [-92.506256, 27.064133]]], [[[-92.504196, 26.932297], [-92.50351, 26.932297], [-92.50351, 26.93161], [-92.504196, 26.93161], [-92.504196, 26.932297]]], [[[-92.504883, 26.926117], [-92.504196, 26.926117], [-92.504196, 26.92337], [-92.504883, 26.92337], [-92.504883, 26.926117]]], [[[-92.506256, 26.838913], [-92.504883, 26.838913], [-92.504883, 26.836166], [-92.505569, 26.836166], [-92.505569, 26.83754], [-92.506256, 26.83754], [-92.506256, 26.838913]]], [[[-92.506256, 26.829987], [-92.504883, 26.829987], [-92.504883, 26.828613], [-92.505569, 26.828613], [-92.505569, 26.8293], [-92.506256, 26.8293], [-92.506256, 26.829987]]], [[[-92.508316, 26.963196], [-92.506256, 26.963196], [-92.506256, 26.962509], [-92.507629, 26.962509], [-92.507629, 26.961823], [-92.508316, 26.961823], [-92.508316, 26.963196]]], [[[-92.506256, 26.962509], [-92.505569, 26.962509], [-92.505569, 26.961823], [-92.506256, 26.961823], [-92.506256, 26.962509]]], [[[-92.506943, 27.033234], [-92.506256, 27.033234], [-92.506256, 27.032547], [-92.506943, 27.032547], [-92.506943, 27.033234]]], [[[-92.506943, 27.0401], [-92.506256, 27.0401], [-92.506256, 27.039413], [-92.506943, 27.039413], [-92.506943, 27.0401]]], [[[-92.507629, 26.961136], [-92.506256, 26.961136], [-92.506256, 26.960449], [-92.507629, 26.960449], [-92.507629, 26.961136]]], [[[-92.510376, 27.036667], [-92.509689, 27.036667], [-92.509689, 27.03598], [-92.509003, 27.03598], [-92.509003, 27.034607], [-92.510376, 27.034607], [-92.510376, 27.036667]]], [[[-92.511063, 26.966629], [-92.510376, 26.966629], [-92.510376, 26.965942], [-92.509689, 26.965942], [-92.509689, 26.963196], [-92.512436, 26.963196], [-92.512436, 26.964569], [-92.511749, 26.964569], [-92.511749, 26.965942], [-92.511063, 26.965942], [-92.511063, 26.966629]]], [[[-92.550888, 26.846466], [-92.549515, 26.846466], [-92.549515, 26.845779], [-92.547455, 26.845779], [-92.547455, 26.845093], [-92.546768, 26.845093], [-92.546768, 26.844406], [-92.546082, 26.844406], [-92.546082, 26.843719], [-92.544708, 26.843719], [-92.544708, 26.843033], [-92.543335, 26.843033], [-92.543335, 26.842346], [-92.542648, 26.842346], [-92.542648, 26.84166], [-92.541962, 26.84166], [-92.541962, 26.840973], [-92.539902, 26.840973], [-92.539902, 26.84166], [-92.539215, 26.84166], [-92.539215, 26.840973], [-92.537155, 26.840973], [-92.537155, 26.840286], [-92.535782, 26.840286], [-92.535782, 26.8396], [-92.534409, 26.8396], [-92.534409, 26.838913], [-92.532349, 26.838913], [-92.532349, 26.838226], [-92.531662, 26.838226], [-92.531662, 26.83754], [-92.530975, 26.83754], [-92.530975, 26.836166], [-92.529602, 26.836166], [-92.529602, 26.83548], [-92.531662, 26.83548], [-92.531662, 26.834793], [-92.532349, 26.834793], [-92.532349, 26.83548], [-92.533035, 26.83548], [-92.533035, 26.838226], [-92.535095, 26.838226], [-92.535095, 26.83754], [-92.535782, 26.83754], [-92.535782, 26.838226], [-92.536469, 26.838226], [-92.536469, 26.838913], [-92.537842, 26.838913], [-92.537842, 26.8396], [-92.542648, 26.8396], [-92.542648, 26.840286], [-92.543335, 26.840286], [-92.543335, 26.84166], [-92.544022, 26.84166], [-92.544022, 26.842346], [-92.545395, 26.842346], [-92.545395, 26.84166], [-92.546082, 26.84166], [-92.546082, 26.842346], [-92.546768, 26.842346], [-92.546768, 26.843033], [-92.547455, 26.843033], [-92.547455, 26.843719], [-92.548141, 26.843719], [-92.548141, 26.844406], [-92.549515, 26.844406], [-92.549515, 26.845093], [-92.550201, 26.845093], [-92.550201, 26.845779], [-92.550888, 26.845779], [-92.550888, 26.846466]]], [[[-92.529602, 26.83548], [-92.528915, 26.83548], [-92.528915, 26.836166], [-92.526855, 26.836166], [-92.526855, 26.83548], [-92.525482, 26.83548], [-92.525482, 26.834793], [-92.523422, 26.834793], [-92.523422, 26.834106], [-92.525482, 26.834106], [-92.525482, 26.83342], [-92.526855, 26.83342], [-92.526855, 26.834106], [-92.527542, 26.834106], [-92.527542, 26.834793], [-92.528229, 26.834793], [-92.528229, 26.834106], [-92.528915, 26.834106], [-92.528915, 26.834793], [-92.529602, 26.834793], [-92.529602, 26.83548]]], [[[-92.523422, 26.834106], [-92.521362, 26.834106], [-92.521362, 26.83342], [-92.519989, 26.83342], [-92.519989, 26.832733], [-92.518616, 26.832733], [-92.518616, 26.832047], [-92.517929, 26.832047], [-92.517929, 26.83136], [-92.515869, 26.83136], [-92.515869, 26.829987], [-92.515182, 26.829987], [-92.515182, 26.8293], [-92.510376, 26.8293], [-92.510376, 26.828613], [-92.509689, 26.828613], [-92.509689, 26.827927], [-92.511063, 26.827927], [-92.511063, 26.82724], [-92.511749, 26.82724], [-92.511749, 26.828613], [-92.512436, 26.828613], [-92.512436, 26.827927], [-92.513809, 26.827927], [-92.513809, 26.828613], [-92.516556, 26.828613], [-92.516556, 26.8293], [-92.517242, 26.8293], [-92.517242, 26.829987], [-92.518616, 26.829987], [-92.518616, 26.83136], [-92.519989, 26.83136], [-92.519989, 26.832047], [-92.521362, 26.832047], [-92.521362, 26.832733], [-92.522049, 26.832733], [-92.522049, 26.83342], [-92.523422, 26.83342], [-92.523422, 26.834106]]], [[[-92.516556, 26.906204], [-92.515869, 26.906204], [-92.515869, 26.905518], [-92.514496, 26.905518], [-92.514496, 26.906204], [-92.513123, 26.906204], [-92.513123, 26.905518], [-92.512436, 26.905518], [-92.512436, 26.904144], [-92.511749, 26.904144], [-92.511749, 26.902084], [-92.511063, 26.902084], [-92.511063, 26.899338], [-92.510376, 26.899338], [-92.510376, 26.897278], [-92.511063, 26.897278], [-92.511063, 26.895905], [-92.512436, 26.895905], [-92.512436, 26.897964], [-92.513123, 26.897964], [-92.513123, 26.899338], [-92.513809, 26.899338], [-92.513809, 26.901398], [-92.514496, 26.901398], [-92.514496, 26.902084], [-92.516556, 26.902084], [-92.516556, 26.902771], [-92.517242, 26.902771], [-92.517242, 26.903458], [-92.515869, 26.903458], [-92.515869, 26.902771], [-92.514496, 26.902771], [-92.514496, 26.904144], [-92.515869, 26.904144], [-92.515869, 26.904831], [-92.516556, 26.904831], [-92.516556, 26.906204]], [[-92.512436, 26.904144], [-92.513809, 26.904144], [-92.513809, 26.902771], [-92.512436, 26.902771], [-92.512436, 26.904144]]], [[[-92.526855, 27.019501], [-92.527542, 27.019501], [-92.527542, 27.020187], [-92.526855, 27.020187], [-92.526855, 27.019501]]], [[[-92.527542, 27.020187], [-92.528915, 27.020187], [-92.528915, 27.020874], [-92.527542, 27.020874], [-92.527542, 27.020187]]], [[[-92.522736, 26.94397], [-92.519989, 26.94397], [-92.519989, 26.943283], [-92.520676, 26.943283], [-92.520676, 26.942596], [-92.519989, 26.942596], [-92.519989, 26.941223], [-92.520676, 26.941223], [-92.520676, 26.94191], [-92.521362, 26.94191], [-92.521362, 26.942596], [-92.522736, 26.942596], [-92.522736, 26.94397]]], [[[-92.518616, 26.915817], [-92.517242, 26.915817], [-92.517242, 26.915131], [-92.517929, 26.915131], [-92.517929, 26.914444], [-92.518616, 26.914444], [-92.518616, 26.915817]]], [[[-92.535782, 26.92955], [-92.533722, 26.92955], [-92.533722, 26.928864], [-92.533035, 26.928864], [-92.533035, 26.928177], [-92.531662, 26.928177], [-92.531662, 26.928864], [-92.530975, 26.928864], [-92.530975, 26.928177], [-92.530289, 26.928177], [-92.530289, 26.926117], [-92.529602, 26.926117], [-92.529602, 26.92543], [-92.531662, 26.92543], [-92.531662, 26.924744], [-92.532349, 26.924744], [-92.532349, 26.924057], [-92.531662, 26.924057], [-92.531662, 26.922684], [-92.530975, 26.922684], [-92.530975, 26.921997], [-92.529602, 26.921997], [-92.529602, 26.922684], [-92.530289, 26.922684], [-92.530289, 26.924744], [-92.529602, 26.924744], [-92.529602, 26.92337], [-92.528915, 26.92337], [-92.528915, 26.92543], [-92.527542, 26.92543], [-92.527542, 26.924744], [-92.526855, 26.924744], [-92.526855, 26.924057], [-92.526169, 26.924057], [-92.526169, 26.92337], [-92.527542, 26.92337], [-92.527542, 26.92131], [-92.526855, 26.92131], [-92.526855, 26.920624], [-92.523422, 26.920624], [-92.523422, 26.921997], [-92.522736, 26.921997], [-92.522736, 26.920624], [-92.521362, 26.920624], [-92.521362, 26.91925], [-92.520676, 26.91925], [-92.520676, 26.916504], [-92.521362, 26.916504], [-92.521362, 26.917191], [-92.522049, 26.917191], [-92.522049, 26.917877], [-92.523422, 26.917877], [-92.523422, 26.915131], [-92.524796, 26.915131], [-92.524796, 26.913071], [-92.524109, 26.913071], [-92.524109, 26.910324], [-92.523422, 26.910324], [-92.523422, 26.909637], [-92.519989, 26.909637], [-92.519989, 26.908951], [-92.519302, 26.908951], [-92.519302, 26.908264], [-92.518616, 26.908264], [-92.518616, 26.907578], [-92.517242, 26.907578], [-92.517242, 26.906891], [-92.519302, 26.906891], [-92.519302, 26.904831], [-92.518616, 26.904831], [-92.518616, 26.904144], [-92.519989, 26.904144], [-92.519989, 26.904831], [-92.520676, 26.904831], [-92.520676, 26.906204], [-92.522736, 26.906204], [-92.522736, 26.906891], [-92.523422, 26.906891], [-92.523422, 26.908264], [-92.524109, 26.908264], [-92.524109, 26.908951], [-92.524796, 26.908951], [-92.524796, 26.909637], [-92.526855, 26.909637], [-92.526855, 26.910324], [-92.528229, 26.910324], [-92.528229, 26.911011], [-92.530975, 26.911011], [-92.530975, 26.910324], [-92.533035, 26.910324], [-92.533035, 26.911697], [-92.531662, 26.911697], [-92.531662, 26.912384], [-92.530975, 26.912384], [-92.530975, 26.911697], [-92.529602, 26.911697], [-92.529602, 26.913071], [-92.528229, 26.913071], [-92.528229, 26.912384], [-92.526855, 26.912384], [-92.526855, 26.913757], [-92.528229, 26.913757], [-92.528229, 26.914444], [-92.528915, 26.914444], [-92.528915, 26.915131], [-92.529602, 26.915131], [-92.529602, 26.915817], [-92.530975, 26.915817], [-92.530975, 26.916504], [-92.531662, 26.916504], [-92.531662, 26.918564], [-92.532349, 26.918564], [-92.532349, 26.920624], [-92.531662, 26.920624], [-92.531662, 26.921997], [-92.532349, 26.921997], [-92.532349, 26.92337], [-92.533035, 26.92337], [-92.533035, 26.924057], [-92.534409, 26.924057], [-92.534409, 26.92337], [-92.535095, 26.92337], [-92.535095, 26.924057], [-92.535782, 26.924057], [-92.535782, 26.924744], [-92.536469, 26.924744], [-92.536469, 26.926117], [-92.537155, 26.926117], [-92.537155, 26.928177], [-92.535782, 26.928177], [-92.535782, 26.92955]], [[-92.524796, 26.917191], [-92.524796, 26.916504], [-92.524109, 26.916504], [-92.524109, 26.917191], [-92.524796, 26.917191]], [[-92.533035, 26.926804], [-92.533035, 26.926117], [-92.532349, 26.926117], [-92.532349, 26.926804], [-92.533035, 26.926804]]], [[[-92.517929, 27.067566], [-92.517242, 27.067566], [-92.517242, 27.064819], [-92.517929, 27.064819], [-92.517929, 27.067566]]], [[[-92.520676, 26.930923], [-92.519989, 26.930923], [-92.519989, 26.930237], [-92.520676, 26.930237], [-92.520676, 26.930923]]], [[[-92.522049, 26.921997], [-92.520676, 26.921997], [-92.520676, 26.92131], [-92.522049, 26.92131], [-92.522049, 26.921997]]], [[[-92.520676, 26.921997], [-92.520676, 26.922684], [-92.519989, 26.922684], [-92.519989, 26.921997], [-92.520676, 26.921997]]], [[[-92.552948, 27.222061], [-92.552261, 27.222061], [-92.552261, 27.221375], [-92.552948, 27.221375], [-92.552948, 27.222061]]], [[[-92.552261, 27.222061], [-92.552261, 27.222748], [-92.551575, 27.222748], [-92.551575, 27.225494], [-92.549515, 27.225494], [-92.549515, 27.226181], [-92.548828, 27.226181], [-92.548828, 27.226868], [-92.548141, 27.226868], [-92.548141, 27.227554], [-92.546768, 27.227554], [-92.546768, 27.228241], [-92.546082, 27.228241], [-92.546082, 27.228928], [-92.545395, 27.228928], [-92.545395, 27.229614], [-92.544022, 27.229614], [-92.544022, 27.230301], [-92.543335, 27.230301], [-92.543335, 27.230988], [-92.541962, 27.230988], [-92.541962, 27.231674], [-92.539902, 27.231674], [-92.539902, 27.235107], [-92.539215, 27.235107], [-92.539215, 27.235794], [-92.538528, 27.235794], [-92.538528, 27.236481], [-92.537842, 27.236481], [-92.537842, 27.237167], [-92.537155, 27.237167], [-92.537155, 27.237854], [-92.536469, 27.237854], [-92.536469, 27.236481], [-92.535095, 27.236481], [-92.535095, 27.235794], [-92.533722, 27.235794], [-92.533722, 27.235107], [-92.533035, 27.235107], [-92.533035, 27.233734], [-92.532349, 27.233734], [-92.532349, 27.232361], [-92.530975, 27.232361], [-92.530975, 27.231674], [-92.530289, 27.231674], [-92.530289, 27.230988], [-92.529602, 27.230988], [-92.529602, 27.230301], [-92.526169, 27.230301], [-92.526169, 27.228928], [-92.525482, 27.228928], [-92.525482, 27.228241], [-92.524796, 27.228241], [-92.524796, 27.227554], [-92.524109, 27.227554], [-92.524109, 27.226181], [-92.524796, 27.226181], [-92.524796, 27.224808], [-92.525482, 27.224808], [-92.525482, 27.223434], [-92.526855, 27.223434], [-92.526855, 27.220688], [-92.526169, 27.220688], [-92.526169, 27.219315], [-92.526855, 27.219315], [-92.526855, 27.218628], [-92.528229, 27.218628], [-92.528229, 27.220688], [-92.529602, 27.220688], [-92.529602, 27.219315], [-92.530289, 27.219315], [-92.530289, 27.216568], [-92.530975, 27.216568], [-92.530975, 27.215881], [-92.531662, 27.215881], [-92.531662, 27.216568], [-92.532349, 27.216568], [-92.532349, 27.217255], [-92.533035, 27.217255], [-92.533035, 27.217941], [-92.533722, 27.217941], [-92.533722, 27.218628], [-92.535095, 27.218628], [-92.535095, 27.219315], [-92.535782, 27.219315], [-92.535782, 27.218628], [-92.537842, 27.218628], [-92.537842, 27.219315], [-92.538528, 27.219315], [-92.538528, 27.218628], [-92.540588, 27.218628], [-92.540588, 27.219315], [-92.541962, 27.219315], [-92.541962, 27.218628], [-92.544708, 27.218628], [-92.544708, 27.219315], [-92.546768, 27.219315], [-92.546768, 27.218628], [-92.550201, 27.218628], [-92.550201, 27.217941], [-92.551575, 27.217941], [-92.551575, 27.218628], [-92.552948, 27.218628], [-92.552948, 27.220688], [-92.552261, 27.220688], [-92.552261, 27.220001], [-92.551575, 27.220001], [-92.551575, 27.222061], [-92.552261, 27.222061]], [[-92.532349, 27.229614], [-92.532349, 27.228241], [-92.533035, 27.228241], [-92.533035, 27.226181], [-92.533722, 27.226181], [-92.533722, 27.225494], [-92.534409, 27.225494], [-92.534409, 27.224808], [-92.533035, 27.224808], [-92.533035, 27.224121], [-92.532349, 27.224121], [-92.532349, 27.223434], [-92.531662, 27.223434], [-92.531662, 27.224121], [-92.530289, 27.224121], [-92.530289, 27.228928], [-92.530975, 27.228928], [-92.530975, 27.229614], [-92.532349, 27.229614]], [[-92.535095, 27.230988], [-92.535095, 27.228928], [-92.533722, 27.228928], [-92.533722, 27.230988], [-92.535095, 27.230988]]], [[[-92.526169, 27.219315], [-92.525482, 27.219315], [-92.525482, 27.216568], [-92.526169, 27.216568], [-92.526169, 27.219315]]], [[[-92.526855, 26.968002], [-92.526169, 26.968002], [-92.526169, 26.967316], [-92.526855, 26.967316], [-92.526855, 26.968002]]], [[[-92.552261, 26.869125], [-92.551575, 26.869125], [-92.551575, 26.868439], [-92.552261, 26.868439], [-92.552261, 26.869125]]], [[[-92.551575, 26.868439], [-92.550888, 26.868439], [-92.550888, 26.867752], [-92.551575, 26.867752], [-92.551575, 26.868439]]], [[[-92.550888, 26.867752], [-92.549515, 26.867752], [-92.549515, 26.868439], [-92.548828, 26.868439], [-92.548828, 26.869812], [-92.549515, 26.869812], [-92.549515, 26.870499], [-92.548141, 26.870499], [-92.548141, 26.869812], [-92.546768, 26.869812], [-92.546768, 26.868439], [-92.545395, 26.868439], [-92.545395, 26.867752], [-92.544708, 26.867752], [-92.544708, 26.868439], [-92.544022, 26.868439], [-92.544022, 26.867752], [-92.543335, 26.867752], [-92.543335, 26.867065], [-92.542648, 26.867065], [-92.542648, 26.865692], [-92.541962, 26.865692], [-92.541962, 26.864319], [-92.542648, 26.864319], [-92.542648, 26.863632], [-92.541275, 26.863632], [-92.541275, 26.864319], [-92.539902, 26.864319], [-92.539902, 26.863632], [-92.538528, 26.863632], [-92.538528, 26.862946], [-92.536469, 26.862946], [-92.536469, 26.861572], [-92.535782, 26.861572], [-92.535782, 26.860886], [-92.534409, 26.860886], [-92.534409, 26.860199], [-92.532349, 26.860199], [-92.532349, 26.859512], [-92.531662, 26.859512], [-92.531662, 26.858826], [-92.530289, 26.858826], [-92.530289, 26.858139], [-92.528915, 26.858139], [-92.528915, 26.857452], [-92.526855, 26.857452], [-92.526855, 26.856766], [-92.526169, 26.856766], [-92.526169, 26.855392], [-92.528229, 26.855392], [-92.528229, 26.856079], [-92.528915, 26.856079], [-92.528915, 26.856766], [-92.530289, 26.856766], [-92.530289, 26.857452], [-92.531662, 26.857452], [-92.531662, 26.858139], [-92.533035, 26.858139], [-92.533035, 26.858826], [-92.534409, 26.858826], [-92.534409, 26.859512], [-92.535782, 26.859512], [-92.535782, 26.860199], [-92.536469, 26.860199], [-92.536469, 26.860886], [-92.537842, 26.860886], [-92.537842, 26.861572], [-92.538528, 26.861572], [-92.538528, 26.860886], [-92.539215, 26.860886], [-92.539215, 26.860199], [-92.539902, 26.860199], [-92.539902, 26.859512], [-92.542648, 26.859512], [-92.542648, 26.860199], [-92.543335, 26.860199], [-92.543335, 26.861572], [-92.544708, 26.861572], [-92.544708, 26.862946], [-92.545395, 26.862946], [-92.545395, 26.863632], [-92.546082, 26.863632], [-92.546082, 26.864319], [-92.548828, 26.864319], [-92.548828, 26.865005], [-92.550201, 26.865005], [-92.550201, 26.867065], [-92.550888, 26.867065], [-92.550888, 26.867752]]], [[[-92.530289, 26.973495], [-92.529602, 26.973495], [-92.529602, 26.972809], [-92.527542, 26.972809], [-92.527542, 26.969376], [-92.528915, 26.969376], [-92.528915, 26.970062], [-92.530975, 26.970062], [-92.530975, 26.971436], [-92.530289, 26.971436], [-92.530289, 26.973495]]], [[[-92.527542, 26.969376], [-92.526855, 26.969376], [-92.526855, 26.968689], [-92.527542, 26.968689], [-92.527542, 26.969376]]], [[[-92.531662, 27.215195], [-92.530289, 27.215195], [-92.530289, 27.214508], [-92.529602, 27.214508], [-92.529602, 27.213821], [-92.528915, 27.213821], [-92.528915, 27.211075], [-92.530289, 27.211075], [-92.530289, 27.212448], [-92.530975, 27.212448], [-92.530975, 27.213135], [-92.531662, 27.213135], [-92.531662, 27.215195]]], [[[-92.528915, 27.213821], [-92.528915, 27.214508], [-92.528229, 27.214508], [-92.528229, 27.213821], [-92.528915, 27.213821]]], [[[-92.532349, 26.970062], [-92.531662, 26.970062], [-92.531662, 26.969376], [-92.532349, 26.969376], [-92.532349, 26.970062]]], [[[-92.533035, 27.049713], [-92.532349, 27.049713], [-92.532349, 27.04834], [-92.533035, 27.04834], [-92.533035, 27.049713]]], [[[-92.535782, 26.966629], [-92.533722, 26.966629], [-92.533722, 26.965256], [-92.535095, 26.965256], [-92.535095, 26.965942], [-92.535782, 26.965942], [-92.535782, 26.966629]]], [[[-92.541275, 26.968689], [-92.537842, 26.968689], [-92.537842, 26.967316], [-92.539902, 26.967316], [-92.539902, 26.966629], [-92.541275, 26.966629], [-92.541275, 26.965256], [-92.539902, 26.965256], [-92.539902, 26.963196], [-92.541275, 26.963196], [-92.541275, 26.963882], [-92.542648, 26.963882], [-92.542648, 26.964569], [-92.543335, 26.964569], [-92.543335, 26.965942], [-92.544022, 26.965942], [-92.544022, 26.966629], [-92.546768, 26.966629], [-92.546768, 26.967316], [-92.543335, 26.967316], [-92.543335, 26.966629], [-92.542648, 26.966629], [-92.542648, 26.967316], [-92.541275, 26.967316], [-92.541275, 26.968689]]], [[[-92.537842, 26.968689], [-92.537842, 26.969376], [-92.533722, 26.969376], [-92.533722, 26.968689], [-92.537842, 26.968689]]], [[[-92.535782, 26.911697], [-92.534409, 26.911697], [-92.534409, 26.911011], [-92.535095, 26.911011], [-92.535095, 26.910324], [-92.536469, 26.910324], [-92.536469, 26.911011], [-92.535782, 26.911011], [-92.535782, 26.911697]]], [[[-92.535782, 27.044907], [-92.535095, 27.044907], [-92.535095, 27.043533], [-92.535782, 27.043533], [-92.535782, 27.044907]]], [[[-92.537155, 27.051086], [-92.535782, 27.051086], [-92.535782, 27.049026], [-92.535095, 27.049026], [-92.535095, 27.046967], [-92.535782, 27.046967], [-92.535782, 27.04628], [-92.536469, 27.04628], [-92.536469, 27.049026], [-92.537155, 27.049026], [-92.537155, 27.051086]]], [[[-92.535782, 27.04628], [-92.535095, 27.04628], [-92.535095, 27.045593], [-92.535782, 27.045593], [-92.535782, 27.04628]]], [[[-92.546082, 26.883545], [-92.544708, 26.883545], [-92.544708, 26.882172], [-92.544022, 26.882172], [-92.544022, 26.881485], [-92.542648, 26.881485], [-92.542648, 26.880798], [-92.541962, 26.880798], [-92.541962, 26.880112], [-92.541275, 26.880112], [-92.541275, 26.878738], [-92.539902, 26.878738], [-92.539902, 26.878052], [-92.537842, 26.878052], [-92.537842, 26.876678], [-92.537155, 26.876678], [-92.537155, 26.875992], [-92.535782, 26.875992], [-92.535782, 26.875305], [-92.535095, 26.875305], [-92.535095, 26.873932], [-92.536469, 26.873932], [-92.536469, 26.874619], [-92.537842, 26.874619], [-92.537842, 26.875305], [-92.538528, 26.875305], [-92.538528, 26.875992], [-92.541962, 26.875992], [-92.541962, 26.876678], [-92.542648, 26.876678], [-92.542648, 26.877365], [-92.543335, 26.877365], [-92.543335, 26.878052], [-92.544022, 26.878052], [-92.544022, 26.880112], [-92.544708, 26.880112], [-92.544708, 26.880798], [-92.545395, 26.880798], [-92.545395, 26.882858], [-92.546082, 26.882858], [-92.546082, 26.883545]]], [[[-92.537155, 27.053833], [-92.536469, 27.053833], [-92.536469, 27.05246], [-92.537155, 27.05246], [-92.537155, 27.053833]]], [[[-92.537842, 26.961136], [-92.537155, 26.961136], [-92.537155, 26.960449], [-92.537842, 26.960449], [-92.537842, 26.961136]]], [[[-92.538528, 26.895905], [-92.537842, 26.895905], [-92.537842, 26.895218], [-92.538528, 26.895218], [-92.538528, 26.895905]]], [[[-92.541275, 26.962509], [-92.540588, 26.962509], [-92.540588, 26.961823], [-92.539902, 26.961823], [-92.539902, 26.961136], [-92.541275, 26.961136], [-92.541275, 26.962509]]], [[[-92.539902, 26.961136], [-92.539215, 26.961136], [-92.539215, 26.960449], [-92.539902, 26.960449], [-92.539902, 26.961136]]], [[[-92.546768, 27.003708], [-92.546082, 27.003708], [-92.546082, 27.002335], [-92.545395, 27.002335], [-92.545395, 27.000961], [-92.544708, 27.000961], [-92.544708, 27.000275], [-92.544022, 27.000275], [-92.544022, 26.998215], [-92.543335, 26.998215], [-92.543335, 26.994095], [-92.542648, 26.994095], [-92.542648, 26.991348], [-92.541962, 26.991348], [-92.541962, 26.989288], [-92.541275, 26.989288], [-92.541275, 26.988602], [-92.540588, 26.988602], [-92.540588, 26.987915], [-92.539902, 26.987915], [-92.539902, 26.987228], [-92.539215, 26.987228], [-92.539215, 26.985855], [-92.540588, 26.985855], [-92.540588, 26.986542], [-92.541962, 26.986542], [-92.541962, 26.987915], [-92.542648, 26.987915], [-92.542648, 26.989975], [-92.543335, 26.989975], [-92.543335, 26.991348], [-92.544022, 26.991348], [-92.544022, 26.994095], [-92.544708, 26.994095], [-92.544708, 26.997528], [-92.545395, 26.997528], [-92.545395, 27.000275], [-92.547455, 27.000275], [-92.547455, 27.000961], [-92.548141, 27.000961], [-92.548141, 27.002335], [-92.546768, 27.002335], [-92.546768, 27.003708]]], [[[-92.541275, 27.213135], [-92.540588, 27.213135], [-92.540588, 27.211761], [-92.541275, 27.211761], [-92.541275, 27.213135]]], [[[-92.544022, 27.213135], [-92.543335, 27.213135], [-92.543335, 27.212448], [-92.542648, 27.212448], [-92.542648, 27.211761], [-92.541962, 27.211761], [-92.541962, 27.206268], [-92.543335, 27.206268], [-92.543335, 27.204895], [-92.545395, 27.204895], [-92.545395, 27.206268], [-92.546082, 27.206268], [-92.546082, 27.208328], [-92.546768, 27.208328], [-92.546768, 27.209015], [-92.550888, 27.209015], [-92.550888, 27.208328], [-92.551575, 27.208328], [-92.551575, 27.209015], [-92.552261, 27.209015], [-92.552261, 27.210388], [-92.550888, 27.210388], [-92.550888, 27.211075], [-92.548828, 27.211075], [-92.548828, 27.211761], [-92.548141, 27.211761], [-92.548141, 27.212448], [-92.546082, 27.212448], [-92.546082, 27.211761], [-92.544708, 27.211761], [-92.544708, 27.212448], [-92.544022, 27.212448], [-92.544022, 27.213135]]], [[[-92.550201, 26.966629], [-92.549515, 26.966629], [-92.549515, 26.965942], [-92.546768, 26.965942], [-92.546768, 26.965256], [-92.550201, 26.965256], [-92.550201, 26.964569], [-92.550888, 26.964569], [-92.550888, 26.963882], [-92.551575, 26.963882], [-92.551575, 26.965256], [-92.550888, 26.965256], [-92.550888, 26.965942], [-92.550201, 26.965942], [-92.550201, 26.966629]]], [[[-92.557755, 26.981735], [-92.557068, 26.981735], [-92.557068, 26.980362], [-92.556381, 26.980362], [-92.556381, 26.978989], [-92.557068, 26.978989], [-92.557068, 26.979675], [-92.557755, 26.979675], [-92.557755, 26.981735]]], [[[-92.556381, 26.978989], [-92.555695, 26.978989], [-92.555695, 26.978302], [-92.555008, 26.978302], [-92.555008, 26.976929], [-92.553635, 26.976929], [-92.553635, 26.976242], [-92.552261, 26.976242], [-92.552261, 26.975555], [-92.551575, 26.975555], [-92.551575, 26.974182], [-92.549515, 26.974182], [-92.549515, 26.974869], [-92.548828, 26.974869], [-92.548828, 26.975555], [-92.548141, 26.975555], [-92.548141, 26.974182], [-92.546768, 26.974182], [-92.546768, 26.972122], [-92.548141, 26.972122], [-92.548141, 26.971436], [-92.549515, 26.971436], [-92.549515, 26.972122], [-92.553635, 26.972122], [-92.553635, 26.972809], [-92.554321, 26.972809], [-92.554321, 26.974182], [-92.553635, 26.974182], [-92.553635, 26.974869], [-92.554321, 26.974869], [-92.554321, 26.975555], [-92.555695, 26.975555], [-92.555695, 26.976242], [-92.556381, 26.976242], [-92.556381, 26.978989]]], [[[-92.555008, 26.93367], [-92.552948, 26.93367], [-92.552948, 26.932297], [-92.552261, 26.932297], [-92.552261, 26.932983], [-92.551575, 26.932983], [-92.551575, 26.930923], [-92.550888, 26.930923], [-92.550888, 26.92955], [-92.550201, 26.92955], [-92.550201, 26.928177], [-92.548141, 26.928177], [-92.548141, 26.928864], [-92.547455, 26.928864], [-92.547455, 26.928177], [-92.546768, 26.928177], [-92.546768, 26.926117], [-92.550201, 26.926117], [-92.550201, 26.92749], [-92.551575, 26.92749], [-92.551575, 26.928864], [-92.552261, 26.928864], [-92.552261, 26.92955], [-92.555008, 26.92955], [-92.555008, 26.930923], [-92.554321, 26.930923], [-92.554321, 26.932983], [-92.555008, 26.932983], [-92.555008, 26.93367]]], [[[-92.552948, 27.011948], [-92.552261, 27.011948], [-92.552261, 27.011261], [-92.552948, 27.011261], [-92.552948, 27.011948]]], [[[-92.552261, 27.011261], [-92.551575, 27.011261], [-92.551575, 27.010574], [-92.552261, 27.010574], [-92.552261, 27.011261]]], [[[-92.551575, 27.010574], [-92.550888, 27.010574], [-92.550888, 27.009201], [-92.550201, 27.009201], [-92.550201, 27.008514], [-92.550888, 27.008514], [-92.550888, 27.006454], [-92.550201, 27.006454], [-92.550201, 27.005768], [-92.548828, 27.005768], [-92.548828, 27.004395], [-92.550888, 27.004395], [-92.550888, 27.005768], [-92.551575, 27.005768], [-92.551575, 27.006454], [-92.552948, 27.006454], [-92.552948, 27.009201], [-92.551575, 27.009201], [-92.551575, 27.010574]]], [[[-92.548828, 27.004395], [-92.548141, 27.004395], [-92.548141, 27.003708], [-92.548828, 27.003708], [-92.548828, 27.004395]]], [[[-92.550888, 26.888351], [-92.550201, 26.888351], [-92.550201, 26.886978], [-92.550888, 26.886978], [-92.550888, 26.888351]]], [[[-92.552261, 27.032547], [-92.551575, 27.032547], [-92.551575, 27.03186], [-92.552261, 27.03186], [-92.552261, 27.032547]]], [[[-92.555008, 27.070313], [-92.552948, 27.070313], [-92.552948, 27.067566], [-92.552261, 27.067566], [-92.552261, 27.066879], [-92.552948, 27.066879], [-92.552948, 27.066193], [-92.554321, 27.066193], [-92.554321, 27.068253], [-92.555008, 27.068253], [-92.555008, 27.070313]]], [[[-92.554321, 27.225494], [-92.552261, 27.225494], [-92.552261, 27.223434], [-92.553635, 27.223434], [-92.553635, 27.224121], [-92.554321, 27.224121], [-92.554321, 27.225494]]], [[[-92.556381, 26.936417], [-92.555695, 26.936417], [-92.555695, 26.93573], [-92.555008, 26.93573], [-92.555008, 26.934357], [-92.556381, 26.934357], [-92.556381, 26.935043], [-92.557068, 26.935043], [-92.557068, 26.93573], [-92.556381, 26.93573], [-92.556381, 26.936417]]], [[[-92.557755, 26.93367], [-92.557068, 26.93367], [-92.557068, 26.932983], [-92.557755, 26.932983], [-92.557755, 26.93367]]], [[[-92.562561, 26.983109], [-92.561188, 26.983109], [-92.561188, 26.982422], [-92.560501, 26.982422], [-92.560501, 26.981735], [-92.561874, 26.981735], [-92.561874, 26.982422], [-92.562561, 26.982422], [-92.562561, 26.983109]]], [[[-92.563248, 27.069626], [-92.562561, 27.069626], [-92.562561, 27.068939], [-92.563248, 27.068939], [-92.563248, 27.069626]]], [[[-92.565994, 26.981049], [-92.565994, 26.981735], [-92.564621, 26.981735], [-92.564621, 26.981049], [-92.563934, 26.981049], [-92.563934, 26.980362], [-92.563248, 26.980362], [-92.563248, 26.976242], [-92.562561, 26.976242], [-92.562561, 26.974869], [-92.563934, 26.974869], [-92.563934, 26.974182], [-92.565308, 26.974182], [-92.565308, 26.974869], [-92.564621, 26.974869], [-92.564621, 26.976242], [-92.565308, 26.976242], [-92.565308, 26.975555], [-92.565994, 26.975555], [-92.565994, 26.976242], [-92.567368, 26.976242], [-92.567368, 26.979675], [-92.568054, 26.979675], [-92.568054, 26.980362], [-92.567368, 26.980362], [-92.567368, 26.981049], [-92.565994, 26.981049]], [[-92.565994, 26.981049], [-92.565994, 26.980362], [-92.565308, 26.980362], [-92.565308, 26.981049], [-92.565994, 26.981049]]], [[[-92.569427, 27.235107], [-92.565308, 27.235107], [-92.565308, 27.234421], [-92.564621, 27.234421], [-92.564621, 27.233047], [-92.563934, 27.233047], [-92.563934, 27.228928], [-92.566681, 27.228928], [-92.566681, 27.227554], [-92.567368, 27.227554], [-92.567368, 27.226868], [-92.568054, 27.226868], [-92.568054, 27.226181], [-92.568741, 27.226181], [-92.568741, 27.225494], [-92.569427, 27.225494], [-92.569427, 27.227554], [-92.570114, 27.227554], [-92.570114, 27.228928], [-92.570801, 27.228928], [-92.570801, 27.230301], [-92.570114, 27.230301], [-92.570114, 27.234421], [-92.569427, 27.234421], [-92.569427, 27.235107]]], [[[-92.567368, 26.971436], [-92.565994, 26.971436], [-92.565994, 26.970749], [-92.565308, 26.970749], [-92.565308, 26.970062], [-92.564621, 26.970062], [-92.564621, 26.969376], [-92.565308, 26.969376], [-92.565308, 26.968689], [-92.565994, 26.968689], [-92.565994, 26.969376], [-92.567368, 26.969376], [-92.567368, 26.970062], [-92.568054, 26.970062], [-92.568054, 26.970749], [-92.567368, 26.970749], [-92.567368, 26.971436]]], [[[-92.575607, 26.876678], [-92.572861, 26.876678], [-92.572861, 26.875992], [-92.572174, 26.875992], [-92.572174, 26.875305], [-92.571487, 26.875305], [-92.571487, 26.873932], [-92.568741, 26.873932], [-92.568741, 26.873245], [-92.570114, 26.873245], [-92.570114, 26.872559], [-92.572861, 26.872559], [-92.572861, 26.873245], [-92.574921, 26.873245], [-92.574921, 26.873932], [-92.575607, 26.873932], [-92.575607, 26.876678]]], [[[-92.571487, 27.026367], [-92.570801, 27.026367], [-92.570801, 27.025681], [-92.571487, 27.025681], [-92.571487, 27.026367]]], [[[-92.575607, 27.002335], [-92.574921, 27.002335], [-92.574921, 27.001648], [-92.572861, 27.001648], [-92.572861, 27.000961], [-92.572174, 27.000961], [-92.572174, 26.997528], [-92.572861, 26.997528], [-92.572861, 26.996841], [-92.573547, 26.996841], [-92.573547, 26.996155], [-92.574234, 26.996155], [-92.574234, 26.992035], [-92.575607, 26.992035], [-92.575607, 26.989288], [-92.576294, 26.989288], [-92.576294, 26.992035], [-92.576981, 26.992035], [-92.576981, 26.992722], [-92.575607, 26.992722], [-92.575607, 26.996841], [-92.574921, 26.996841], [-92.574921, 26.997528], [-92.574234, 26.997528], [-92.574234, 26.998215], [-92.574921, 26.998215], [-92.574921, 26.998901], [-92.574234, 26.998901], [-92.574234, 26.999588], [-92.574921, 26.999588], [-92.574921, 27.000961], [-92.575607, 27.000961], [-92.575607, 27.002335]]], [[[-92.576294, 27.016754], [-92.575607, 27.016754], [-92.575607, 27.015381], [-92.574921, 27.015381], [-92.574921, 27.014008], [-92.576294, 27.014008], [-92.576294, 27.016754]]], [[[-92.575607, 27.016754], [-92.575607, 27.018127], [-92.574921, 27.018127], [-92.574921, 27.016754], [-92.575607, 27.016754]]], [[[-92.575607, 27.018127], [-92.576294, 27.018127], [-92.576294, 27.018814], [-92.575607, 27.018814], [-92.575607, 27.018127]]], [[[-92.576294, 27.013321], [-92.574921, 27.013321], [-92.574921, 27.011948], [-92.576294, 27.011948], [-92.576294, 27.013321]]], [[[-92.576294, 26.999588], [-92.575607, 26.999588], [-92.575607, 26.998215], [-92.576981, 26.998215], [-92.576981, 26.998901], [-92.576294, 26.998901], [-92.576294, 26.999588]]], [[[-92.576981, 26.988602], [-92.576294, 26.988602], [-92.576294, 26.987915], [-92.575607, 26.987915], [-92.575607, 26.987228], [-92.576981, 26.987228], [-92.576981, 26.988602]]], [[[-92.580414, 26.955643], [-92.578354, 26.955643], [-92.578354, 26.954956], [-92.576981, 26.954956], [-92.576981, 26.954269], [-92.576294, 26.954269], [-92.576294, 26.953583], [-92.576981, 26.953583], [-92.576981, 26.951523], [-92.576294, 26.951523], [-92.576294, 26.95015], [-92.577667, 26.95015], [-92.577667, 26.949463], [-92.580414, 26.949463], [-92.580414, 26.948776], [-92.5811, 26.948776], [-92.5811, 26.95015], [-92.582474, 26.95015], [-92.582474, 26.949463], [-92.58316, 26.949463], [-92.58316, 26.950836], [-92.581787, 26.950836], [-92.581787, 26.951523], [-92.5811, 26.951523], [-92.5811, 26.953583], [-92.580414, 26.953583], [-92.580414, 26.955643]]], [[[-92.6017, 27.032547], [-92.59964, 27.032547], [-92.59964, 27.03186], [-92.598953, 27.03186], [-92.598953, 27.032547], [-92.596893, 27.032547], [-92.596893, 27.03186], [-92.59758, 27.03186], [-92.59758, 27.031174], [-92.59964, 27.031174], [-92.59964, 27.030487], [-92.600327, 27.030487], [-92.600327, 27.031174], [-92.601013, 27.031174], [-92.601013, 27.03186], [-92.6017, 27.03186], [-92.6017, 27.032547]]], [[[-92.596893, 27.032547], [-92.596893, 27.033234], [-92.596207, 27.033234], [-92.596207, 27.034607], [-92.59552, 27.034607], [-92.59552, 27.03392], [-92.594833, 27.03392], [-92.594833, 27.033234], [-92.594147, 27.033234], [-92.594147, 27.03392], [-92.59346, 27.03392], [-92.59346, 27.034607], [-92.592773, 27.034607], [-92.592773, 27.032547], [-92.592087, 27.032547], [-92.592087, 27.03186], [-92.590027, 27.03186], [-92.590027, 27.032547], [-92.588654, 27.032547], [-92.588654, 27.031174], [-92.58934, 27.031174], [-92.58934, 27.030487], [-92.590027, 27.030487], [-92.590027, 27.0298], [-92.58934, 27.0298], [-92.58934, 27.027054], [-92.590027, 27.027054], [-92.590027, 27.024994], [-92.588654, 27.024994], [-92.588654, 27.024307], [-92.58934, 27.024307], [-92.58934, 27.023621], [-92.588654, 27.023621], [-92.588654, 27.019501], [-92.587967, 27.019501], [-92.587967, 27.014008], [-92.58728, 27.014008], [-92.58728, 27.013321], [-92.586594, 27.013321], [-92.586594, 27.014008], [-92.58522, 27.014008], [-92.58522, 27.014694], [-92.584534, 27.014694], [-92.584534, 27.015381], [-92.585907, 27.015381], [-92.585907, 27.014694], [-92.586594, 27.014694], [-92.586594, 27.016754], [-92.585907, 27.016754], [-92.585907, 27.017441], [-92.584534, 27.017441], [-92.584534, 27.019501], [-92.58316, 27.019501], [-92.58316, 27.018814], [-92.582474, 27.018814], [-92.582474, 27.018127], [-92.581787, 27.018127], [-92.581787, 27.005081], [-92.5811, 27.005081], [-92.5811, 27.003708], [-92.581787, 27.003708], [-92.581787, 27.001648], [-92.5811, 27.001648], [-92.5811, 26.999588], [-92.580414, 26.999588], [-92.580414, 26.998215], [-92.579727, 26.998215], [-92.579727, 26.997528], [-92.578354, 26.997528], [-92.578354, 26.996841], [-92.577667, 26.996841], [-92.577667, 26.996155], [-92.579041, 26.996155], [-92.579041, 26.993408], [-92.579727, 26.993408], [-92.579727, 26.991348], [-92.5811, 26.991348], [-92.5811, 26.992035], [-92.581787, 26.992035], [-92.581787, 26.991348], [-92.582474, 26.991348], [-92.582474, 26.989288], [-92.58316, 26.989288], [-92.58316, 26.996155], [-92.583847, 26.996155], [-92.583847, 26.997528], [-92.584534, 26.997528], [-92.584534, 27.000275], [-92.58522, 27.000275], [-92.58522, 27.002335], [-92.585907, 27.002335], [-92.585907, 27.005768], [-92.586594, 27.005768], [-92.586594, 27.006454], [-92.585907, 27.006454], [-92.585907, 27.007141], [-92.586594, 27.007141], [-92.586594, 27.007828], [-92.58728, 27.007828], [-92.58728, 27.009201], [-92.587967, 27.009201], [-92.587967, 27.010574], [-92.588654, 27.010574], [-92.588654, 27.015381], [-92.58934, 27.015381], [-92.58934, 27.017441], [-92.590027, 27.017441], [-92.590027, 27.019501], [-92.590714, 27.019501], [-92.590714, 27.020187], [-92.5914, 27.020187], [-92.5914, 27.020874], [-92.592087, 27.020874], [-92.592087, 27.022934], [-92.5914, 27.022934], [-92.5914, 27.025681], [-92.590714, 27.025681], [-92.590714, 27.02774], [-92.5914, 27.02774], [-92.5914, 27.0298], [-92.592087, 27.0298], [-92.592087, 27.030487], [-92.592773, 27.030487], [-92.592773, 27.031174], [-92.59346, 27.031174], [-92.59346, 27.03186], [-92.594147, 27.03186], [-92.594147, 27.032547], [-92.596893, 27.032547]]], [[[-92.579727, 27.130051], [-92.578354, 27.130051], [-92.578354, 27.128677], [-92.579727, 27.128677], [-92.579727, 27.130051]]], [[[-92.592773, 27.049026], [-92.590714, 27.049026], [-92.590714, 27.04628], [-92.5914, 27.04628], [-92.5914, 27.045593], [-92.592087, 27.045593], [-92.592087, 27.044907], [-92.592773, 27.044907], [-92.592773, 27.04422], [-92.59346, 27.04422], [-92.59346, 27.043533], [-92.592773, 27.043533], [-92.592773, 27.042847], [-92.5914, 27.042847], [-92.5914, 27.04422], [-92.590714, 27.04422], [-92.590714, 27.043533], [-92.58934, 27.043533], [-92.58934, 27.04422], [-92.588654, 27.04422], [-92.588654, 27.044907], [-92.587967, 27.044907], [-92.587967, 27.042847], [-92.58728, 27.042847], [-92.58728, 27.043533], [-92.586594, 27.043533], [-92.586594, 27.04422], [-92.585907, 27.04422], [-92.585907, 27.043533], [-92.583847, 27.043533], [-92.583847, 27.04422], [-92.581787, 27.04422], [-92.581787, 27.043533], [-92.578354, 27.043533], [-92.578354, 27.042847], [-92.579041, 27.042847], [-92.579041, 27.04216], [-92.579727, 27.04216], [-92.579727, 27.042847], [-92.583847, 27.042847], [-92.583847, 27.04216], [-92.587967, 27.04216], [-92.587967, 27.0401], [-92.58934, 27.0401], [-92.58934, 27.039413], [-92.590714, 27.039413], [-92.590714, 27.038727], [-92.592773, 27.038727], [-92.592773, 27.03804], [-92.59346, 27.03804], [-92.59346, 27.037354], [-92.594833, 27.037354], [-92.594833, 27.036667], [-92.596207, 27.036667], [-92.596207, 27.03598], [-92.596893, 27.03598], [-92.596893, 27.036667], [-92.59758, 27.036667], [-92.59758, 27.03598], [-92.59964, 27.03598], [-92.59964, 27.034607], [-92.602386, 27.034607], [-92.602386, 27.03392], [-92.604446, 27.03392], [-92.604446, 27.033234], [-92.605133, 27.033234], [-92.605133, 27.03186], [-92.603073, 27.03186], [-92.603073, 27.031174], [-92.605133, 27.031174], [-92.605133, 27.030487], [-92.606506, 27.030487], [-92.606506, 27.0298], [-92.60788, 27.0298], [-92.60788, 27.029114], [-92.608566, 27.029114], [-92.608566, 27.028427], [-92.609253, 27.028427], [-92.609253, 27.03186], [-92.610626, 27.03186], [-92.610626, 27.033234], [-92.611313, 27.033234], [-92.611313, 27.034607], [-92.612, 27.034607], [-92.612, 27.037354], [-92.611313, 27.037354], [-92.611313, 27.0401], [-92.608566, 27.0401], [-92.608566, 27.040787], [-92.60788, 27.040787], [-92.60788, 27.039413], [-92.60582, 27.039413], [-92.60582, 27.0401], [-92.605133, 27.0401], [-92.605133, 27.041473], [-92.60376, 27.041473], [-92.60376, 27.040787], [-92.603073, 27.040787], [-92.603073, 27.04216], [-92.602386, 27.04216], [-92.602386, 27.043533], [-92.601013, 27.043533], [-92.601013, 27.04422], [-92.600327, 27.04422], [-92.600327, 27.045593], [-92.598953, 27.045593], [-92.598953, 27.04628], [-92.59758, 27.04628], [-92.59758, 27.045593], [-92.596893, 27.045593], [-92.596893, 27.042847], [-92.596207, 27.042847], [-92.596207, 27.043533], [-92.59552, 27.043533], [-92.59552, 27.04422], [-92.594833, 27.04422], [-92.594833, 27.04628], [-92.594147, 27.04628], [-92.594147, 27.046967], [-92.59346, 27.046967], [-92.59346, 27.04834], [-92.592773, 27.04834], [-92.592773, 27.049026]], [[-92.592773, 27.04216], [-92.592773, 27.040787], [-92.5914, 27.040787], [-92.5914, 27.04216], [-92.592773, 27.04216]], [[-92.59964, 27.038727], [-92.59964, 27.03804], [-92.598953, 27.03804], [-92.598953, 27.038727], [-92.59964, 27.038727]], [[-92.607193, 27.037354], [-92.607193, 27.036667], [-92.60788, 27.036667], [-92.60788, 27.035294], [-92.606506, 27.035294], [-92.606506, 27.03598], [-92.60582, 27.03598], [-92.60582, 27.036667], [-92.606506, 27.036667], [-92.606506, 27.037354], [-92.607193, 27.037354]], [[-92.60994, 27.039413], [-92.60994, 27.038727], [-92.610626, 27.038727], [-92.610626, 27.03804], [-92.609253, 27.03804], [-92.609253, 27.038727], [-92.608566, 27.038727], [-92.608566, 27.039413], [-92.60994, 27.039413]]], [[[-92.587967, 27.044907], [-92.587967, 27.045593], [-92.58728, 27.045593], [-92.58728, 27.044907], [-92.587967, 27.044907]]], [[[-92.580414, 27.132111], [-92.579727, 27.132111], [-92.579727, 27.131424], [-92.579041, 27.131424], [-92.579041, 27.130737], [-92.580414, 27.130737], [-92.580414, 27.132111]]], [[[-92.5811, 27.055206], [-92.579727, 27.055206], [-92.579727, 27.05452], [-92.579041, 27.05452], [-92.579041, 27.053833], [-92.580414, 27.053833], [-92.580414, 27.053146], [-92.5811, 27.053146], [-92.5811, 27.055206]]], [[[-92.592773, 27.16095], [-92.592087, 27.16095], [-92.592087, 27.160263], [-92.5914, 27.160263], [-92.5914, 27.159576], [-92.590027, 27.159576], [-92.590027, 27.157516], [-92.58934, 27.157516], [-92.58934, 27.15683], [-92.590027, 27.15683], [-92.590027, 27.15477], [-92.590714, 27.15477], [-92.590714, 27.153397], [-92.590027, 27.153397], [-92.590027, 27.151337], [-92.58934, 27.151337], [-92.58934, 27.15065], [-92.588654, 27.15065], [-92.588654, 27.152023], [-92.587967, 27.152023], [-92.587967, 27.15065], [-92.58728, 27.15065], [-92.58728, 27.149277], [-92.587967, 27.149277], [-92.587967, 27.149963], [-92.588654, 27.149963], [-92.588654, 27.147217], [-92.587967, 27.147217], [-92.587967, 27.14653], [-92.586594, 27.14653], [-92.586594, 27.145157], [-92.58728, 27.145157], [-92.58728, 27.143097], [-92.586594, 27.143097], [-92.586594, 27.14241], [-92.585907, 27.14241], [-92.585907, 27.141724], [-92.58522, 27.141724], [-92.58522, 27.14035], [-92.584534, 27.14035], [-92.584534, 27.139664], [-92.583847, 27.139664], [-92.583847, 27.138977], [-92.582474, 27.138977], [-92.582474, 27.135544], [-92.58316, 27.135544], [-92.58316, 27.134171], [-92.582474, 27.134171], [-92.582474, 27.133484], [-92.581787, 27.133484], [-92.581787, 27.132797], [-92.5811, 27.132797], [-92.5811, 27.132111], [-92.58316, 27.132111], [-92.58316, 27.133484], [-92.583847, 27.133484], [-92.583847, 27.13623], [-92.584534, 27.13623], [-92.584534, 27.136917], [-92.58522, 27.136917], [-92.58522, 27.13829], [-92.585907, 27.13829], [-92.585907, 27.138977], [-92.586594, 27.138977], [-92.586594, 27.139664], [-92.58728, 27.139664], [-92.58728, 27.141037], [-92.587967, 27.141037], [-92.587967, 27.143097], [-92.588654, 27.143097], [-92.588654, 27.145157], [-92.58934, 27.145157], [-92.58934, 27.145844], [-92.590714, 27.145844], [-92.590714, 27.14653], [-92.590027, 27.14653], [-92.590027, 27.149277], [-92.590714, 27.149277], [-92.590714, 27.151337], [-92.5914, 27.151337], [-92.5914, 27.15271], [-92.592773, 27.15271], [-92.592773, 27.156143], [-92.594147, 27.156143], [-92.594147, 27.158203], [-92.59346, 27.158203], [-92.59346, 27.160263], [-92.592773, 27.160263], [-92.592773, 27.16095]]], [[[-92.587967, 26.95015], [-92.58728, 26.95015], [-92.58728, 26.949463], [-92.585907, 26.949463], [-92.585907, 26.948776], [-92.58522, 26.948776], [-92.58522, 26.947403], [-92.58728, 26.947403], [-92.58728, 26.946716], [-92.587967, 26.946716], [-92.587967, 26.947403], [-92.58934, 26.947403], [-92.58934, 26.94809], [-92.590027, 26.94809], [-92.590027, 26.949463], [-92.587967, 26.949463], [-92.587967, 26.95015]]], [[[-92.58522, 26.947403], [-92.584534, 26.947403], [-92.584534, 26.94809], [-92.581787, 26.94809], [-92.581787, 26.947403], [-92.58316, 26.947403], [-92.58316, 26.946716], [-92.58522, 26.946716], [-92.58522, 26.947403]]], [[[-92.586594, 27.029114], [-92.58522, 27.029114], [-92.58522, 27.026367], [-92.585907, 27.026367], [-92.585907, 27.025681], [-92.587967, 27.025681], [-92.587967, 27.026367], [-92.58728, 27.026367], [-92.58728, 27.027054], [-92.586594, 27.027054], [-92.586594, 27.029114]]], [[[-92.58522, 27.029114], [-92.58522, 27.03186], [-92.584534, 27.03186], [-92.584534, 27.03392], [-92.583847, 27.03392], [-92.583847, 27.031174], [-92.58316, 27.031174], [-92.58316, 27.030487], [-92.583847, 27.030487], [-92.583847, 27.0298], [-92.584534, 27.0298], [-92.584534, 27.029114], [-92.58522, 27.029114]]], [[[-92.58728, 27.05246], [-92.58522, 27.05246], [-92.58522, 27.051773], [-92.58316, 27.051773], [-92.58316, 27.051086], [-92.583847, 27.051086], [-92.583847, 27.0504], [-92.584534, 27.0504], [-92.584534, 27.049026], [-92.58522, 27.049026], [-92.58522, 27.04834], [-92.585907, 27.04834], [-92.585907, 27.047653], [-92.586594, 27.047653], [-92.586594, 27.046967], [-92.587967, 27.046967], [-92.587967, 27.04834], [-92.588654, 27.04834], [-92.588654, 27.0504], [-92.58934, 27.0504], [-92.58934, 27.051086], [-92.58728, 27.051086], [-92.58728, 27.05246]]], [[[-92.587967, 27.037354], [-92.58522, 27.037354], [-92.58522, 27.036667], [-92.586594, 27.036667], [-92.586594, 27.03598], [-92.58728, 27.03598], [-92.58728, 27.036667], [-92.587967, 27.036667], [-92.587967, 27.037354]]], [[[-92.5914, 27.03598], [-92.590027, 27.03598], [-92.590027, 27.034607], [-92.5914, 27.034607], [-92.5914, 27.03598]]], [[[-92.604446, 27.16507], [-92.60376, 27.16507], [-92.60376, 27.164383], [-92.604446, 27.164383], [-92.604446, 27.16507]]], [[[-92.60376, 27.164383], [-92.603073, 27.164383], [-92.603073, 27.162323], [-92.60376, 27.162323], [-92.60376, 27.164383]]], [[[-92.603073, 27.162323], [-92.602386, 27.162323], [-92.602386, 27.16095], [-92.603073, 27.16095], [-92.603073, 27.162323]]], [[[-92.602386, 27.16095], [-92.601013, 27.16095], [-92.601013, 27.160263], [-92.602386, 27.160263], [-92.602386, 27.16095]]], [[[-92.601013, 27.160263], [-92.598953, 27.160263], [-92.598953, 27.159576], [-92.59758, 27.159576], [-92.59758, 27.15889], [-92.596893, 27.15889], [-92.596893, 27.158203], [-92.598953, 27.158203], [-92.598953, 27.15889], [-92.600327, 27.15889], [-92.600327, 27.159576], [-92.601013, 27.159576], [-92.601013, 27.160263]]], [[[-92.598953, 27.132111], [-92.59758, 27.132111], [-92.59758, 27.129364], [-92.598953, 27.129364], [-92.598953, 27.132111]]], [[[-92.604446, 27.070313], [-92.6017, 27.070313], [-92.6017, 27.069626], [-92.601013, 27.069626], [-92.601013, 27.068939], [-92.59964, 27.068939], [-92.59964, 27.068253], [-92.601013, 27.068253], [-92.601013, 27.067566], [-92.598953, 27.067566], [-92.598953, 27.068939], [-92.598267, 27.068939], [-92.598267, 27.067566], [-92.59758, 27.067566], [-92.59758, 27.065506], [-92.598267, 27.065506], [-92.598267, 27.064819], [-92.598953, 27.064819], [-92.598953, 27.066193], [-92.602386, 27.066193], [-92.602386, 27.066879], [-92.6017, 27.066879], [-92.6017, 27.068253], [-92.603073, 27.068253], [-92.603073, 27.068939], [-92.605133, 27.068939], [-92.605133, 27.069626], [-92.604446, 27.069626], [-92.604446, 27.070313]]], [[[-92.600327, 27.134857], [-92.598953, 27.134857], [-92.598953, 27.134171], [-92.598267, 27.134171], [-92.598267, 27.133484], [-92.598953, 27.133484], [-92.598953, 27.132797], [-92.59964, 27.132797], [-92.59964, 27.134171], [-92.600327, 27.134171], [-92.600327, 27.134857]]], [[[-92.602386, 27.071686], [-92.6017, 27.071686], [-92.6017, 27.070999], [-92.602386, 27.070999], [-92.602386, 27.071686]]], [[[-92.60376, 27.072372], [-92.603073, 27.072372], [-92.603073, 27.071686], [-92.60376, 27.071686], [-92.60376, 27.072372]]], [[[-92.625046, 27.103958], [-92.624359, 27.103958], [-92.624359, 27.103271], [-92.625046, 27.103271], [-92.625046, 27.103958]]]]}, "id": 3098513, "properties": {"id": 3098513, "slick_timestamp": "2023-09-17T00:09:51", "machine_confidence": 0.912475049495697, "slick_confidence": null, "length": 114589.3569092, "area": 301603829.26547754, "perimeter": 2598857.197589594, "polsby_popper": 0.0005611537664725768, "fill_factor": 0.04271710289781748, "centerlines": {"type": "FeatureCollection", "features": [{"id": "0", "type": "Feature", "properties": {"area": 875018451.5283568, "length": 122866.81585247752}, "geometry": {"type": "LineString", "coordinates": [[-91.84673473457795, 26.73601675924232], [-91.84825396408762, 26.735826383725776], [-91.85025936491483, 26.73758218905717], [-91.85222963982964, 26.737476911547603], [-91.85457256388348, 26.739223416111198], [-91.8563116085852, 26.739342699223872], [-91.85935571122009, 26.741301988224375], [-91.86095280341884, 26.741611429869714], [-91.86249605671756, 26.742506016103217], [-91.8632200887407, 26.743305108317852], [-91.86635271992421, 26.74415034466481], [-91.86719823447919, 26.744678161551708], [-91.87056726308393, 26.745582399396287], [-91.8710604814692, 26.74588844097976], [-91.87827568774333, 26.74779616450476], [-91.8790004602998, 26.748269266592406], [-91.88629086581179, 26.750289780576033], [-91.88684294689993, 26.750269606820915], [-91.8943818122993, 26.752259516601622], [-91.89530642619899, 26.752893724830816], [-91.89772986052074, 26.753558179325204], [-91.90004212769446, 26.75515430651028], [-91.90163550244205, 26.755612674961824], [-91.903731217109, 26.757030312298593], [-91.90468240683995, 26.757324117631637], [-91.90633840822244, 26.757344731787423], [-91.91661988347349, 26.760758134355346], [-91.91829931043924, 26.760720215697866], [-91.9211329057809, 26.76162036896896], [-91.92273793702323, 26.76158200722055], [-91.9239463259512, 26.761966078730513], [-91.92699157878445, 26.761870194800228], [-91.9291382351443, 26.762599300223936], [-91.93181024513304, 26.76251643122252], [-91.93407915419162, 26.763258962146107], [-91.9367318990741, 26.763229467961846], [-91.93890469072736, 26.763869071989788], [-91.94131223329833, 26.76334895707887], [-91.94273888700783, 26.763373338210485], [-91.94586647093595, 26.76255216171833], [-91.94825621242745, 26.762594510021295], [-91.9494302441423, 26.76229741591401], [-91.95441142620015, 26.762274464287405], [-91.95662762182246, 26.76290327932692], [-91.95805516767496, 26.762893556859858], [-91.96053283171841, 26.76363385789098], [-91.96184207694635, 26.764596880029778], [-91.96410895176568, 26.765209064671673], [-91.96982244582543, 26.769752842026683], [-91.9698836493561, 26.770170732266305], [-91.97281053570727, 26.772491882020113], [-91.97273766371043, 26.773482802258023], [-91.97556614983843, 26.775539484870052], [-91.97543167204756, 26.776603450187935], [-91.9779122290947, 26.77847533258979], [-91.97770992944821, 26.77991532352434], [-91.97986631988364, 26.781583637087426], [-91.97954393422661, 26.783402342145134], [-91.98146338881186, 26.78488732255848], [-91.9808855889195, 26.787105878575954], [-91.98275882419614, 26.78853490908489], [-91.9822210970648, 26.790885395795325], [-91.98345322596154, 26.792061962823396], [-91.9829157222734, 26.79493623071956], [-91.98366402871434, 26.79585439981886], [-91.98332743384228, 26.79840294607162], [-91.98441311046882, 26.799968475146148], [-91.98431178008506, 26.80119586137197], [-91.98794740743948, 26.80675474313731], [-91.98847783370523, 26.806968076782688], [-91.99278039386817, 26.81336881510645], [-91.99333461900194, 26.81357664712303], [-91.99554099730065, 26.816942788459624], [-91.99612100880378, 26.81722794254993], [-91.99810044680126, 26.820085288858888], [-91.99820210975217, 26.820730844913243], [-91.9996676840312, 26.82291062726797], [-92.00120281630099, 26.830033672744484], [-92.00115747644189, 26.830569304162143], [-92.00206744802594, 26.835019836132705], [-92.00202274269292, 26.836605101938634], [-92.00252239785274, 26.83929799649722], [-92.00250725963566, 26.844008744207393], [-92.0027335893055, 26.845537453832694], [-92.00656812756662, 26.848080988900662], [-92.01426248649743, 26.854229358766787], [-92.01549653274789, 26.85495876997368], [-92.01878995327145, 26.85753920613224], [-92.02148201027644, 26.859144507056282], [-92.02364879371282, 26.860823015210798], [-92.02559597826257, 26.86267348706153], [-92.02769666954335, 26.865296265288364], [-92.02963676018702, 26.86721198348244], [-92.03090264571608, 26.86878201390554], [-92.03029674974357, 26.87101717765864], [-92.02960730500716, 26.87606491855923], [-92.02905396799443, 26.877953303547006], [-92.02843591096324, 26.88275444612272], [-92.02793563642888, 26.884366243301795], [-92.02737250470356, 26.888870729316942], [-92.02687355331213, 26.89045968961235], [-92.02620554351485, 26.89534499459691], [-92.02626708114336, 26.89730346477994], [-92.02644877767078, 26.898205823709954], [-92.02760808268597, 26.901239178135402], [-92.0280161536839, 26.903272984156892], [-92.0442812622324, 26.931305146702048], [-92.04581814036145, 26.936367124332634], [-92.06160798901952, 26.95560666056755], [-92.06869036533924, 26.95486767151095], [-92.07408388294763, 26.954512448450114], [-92.09153344626071, 26.954363277890227], [-92.10250055752542, 26.961003892379374], [-92.12632787898293, 26.983801913487007], [-92.13373235756505, 26.98887031884025], [-92.14524755806163, 26.997222037611177], [-92.15032229553957, 27.000579635286787], [-92.15328561310686, 27.004634785769937], [-92.15749116915869, 27.009742874973146], [-92.16088358940499, 27.014359314529095], [-92.17402872288075, 27.016218453923262], [-92.17784010834, 27.016359077847518], [-92.18508379958683, 27.01845057317844], [-92.18740094725881, 27.018985225159074], [-92.19322688451291, 27.023753385273746], [-92.19481026169586, 27.02524091759631], [-92.19762778917953, 27.027534664923866], [-92.20155803098562, 27.03187289319073], [-92.21829426489214, 27.05339045160447], [-92.21904505060093, 27.055405073825508], [-92.21989553887377, 27.058866214913046], [-92.2208127014841, 27.061320929525333], [-92.22138605892012, 27.06361433898703], [-92.22317944890084, 27.06831221488694], [-92.22362838481443, 27.070037456065602], [-92.22597444792989, 27.076224939092743], [-92.22651899359386, 27.078226356080783], [-92.22940844968834, 27.08593506602037], [-92.23007030794601, 27.08823091616108], [-92.23253785986162, 27.094894114526923], [-92.23681297120358, 27.093623960397668], [-92.24069814975782, 27.092708931282463], [-92.24892134765483, 27.090221770520852], [-92.25186027157835, 27.089565479689863], [-92.2584210440712, 27.087549396239726], [-92.26090899967569, 27.087017899083502], [-92.26671161482673, 27.085215195263054], [-92.2690620528165, 27.084724790695617], [-92.27307546336189, 27.083473639017168], [-92.2771800281319, 27.082920793186585], [-92.28212596510774, 27.08188732485592], [-92.29746479319955, 27.08008376027531], [-92.30421245075614, 27.0756874318539], [-92.3201405407317, 27.07542429010968], [-92.32590578333264, 27.077335610484916], [-92.32896906530875, 27.07867917991915], [-92.33340722675997, 27.080063583714395], [-92.33617094904163, 27.081298975557388], [-92.34040730897452, 27.08260775597501], [-92.34314244311513, 27.083831882434716], [-92.34492857979824, 27.084387458632982], [-92.34778291160617, 27.083595713460436], [-92.35119924681939, 27.083090514998524], [-92.35386474064792, 27.082323306937152], [-92.35990407177037, 27.08131660541429], [-92.36235117960337, 27.08058338370412], [-92.36396058323328, 27.08037830526109], [-92.36658101781286, 27.079576506139613], [-92.37500752715316, 27.078503691385198], [-92.37643176328686, 27.078631802839958], [-92.37922028408902, 27.078312271051416], [-92.38250122514175, 27.07861934030243], [-92.38343299892502, 27.078516695867624], [-92.38764572427667, 27.078908336883487], [-92.38864280437089, 27.079203566744244], [-92.3918584810298, 27.079514293571567], [-92.39499621466085, 27.080412957250207], [-92.396071300033, 27.080531923784722], [-92.39937818408822, 27.081465354928444], [-92.40028419953592, 27.081576840958903], [-92.40449719400519, 27.082753604166516], [-92.40599828813055, 27.083407436208123], [-92.40871031564822, 27.084181730603937], [-92.41295009875337, 27.085986301944864], [-92.41646330116998, 27.08758450438188], [-92.42157088329576, 27.090418968891537], [-92.43101602667404, 27.097007842930175], [-92.43533950136657, 27.093737513795382], [-92.43678612516278, 27.09237894232779], [-92.44110192097477, 27.087536608257913], [-92.44402811462511, 27.084905648893688], [-92.44601862034783, 27.082595023479332], [-92.44966517551046, 27.07941738767469], [-92.4511564356896, 27.077584106836053], [-92.45437029969548, 27.07486215241171], [-92.45561064035658, 27.073262839831163], [-92.45861387113497, 27.070760377547934], [-92.4597948301842, 27.069213361126597], [-92.46282009768015, 27.0666859656511], [-92.4640899060232, 27.065062404230172], [-92.4673911749305, 27.062248276293783], [-92.46891473260303, 27.060398397658616], [-92.47286978273178, 27.056927820496146], [-92.47491173784611, 27.05459066797062], [-92.47926969769952, 27.050652881657665], [-92.4832467084163, 27.046297814478603], [-92.48515909002822, 27.044510839995322], [-92.48809767251119, 27.041329955397433], [-92.49187826128582, 27.034082469700564], [-92.49308220775059, 27.032068351513036], [-92.50382443125602, 27.024768168334454], [-92.50434927022113, 27.024218883246085], [-92.5089071908221, 27.02161486392788], [-92.51489262883918, 27.01785314274948], [-92.5215991509724, 27.014006843268355], [-92.52884580709828, 27.009484537036773], [-92.5287888100816, 27.005054219902902], [-92.52821879734161, 26.994931917781884], [-92.52818198585861, 26.990954580899764], [-92.52765729968411, 26.981816655673434], [-92.52763019976312, 26.978220629050416], [-92.5270367637535, 26.969223673169303], [-92.52090443860016, 26.95755975017487], [-92.50980344111935, 26.94525862083004], [-92.5023666618894, 26.91381156865155], [-92.50062292639812, 26.907882294668337], [-92.50122418953816, 26.90452400283784], [-92.50177867389631, 26.899508346782426], [-92.50269674983979, 26.89439702300155], [-92.50326608374108, 26.889272601276375], [-92.50426407187719, 26.88366054371862], [-92.5046691999228, 26.880105452022917], [-92.51135493124187, 26.869681484734702], [-92.51132437741246, 26.865374203867933], [-92.50918171474139, 26.862117244280952], [-92.50538244525701, 26.855486642992602], [-92.50394444714911, 26.853344408866096], [-92.50246545549668, 26.851922433682514], [-92.4904710561618, 26.838790292282443], [-92.48859621411948, 26.836144277243015], [-92.48729587028839, 26.833718971023224], [-92.48227588115762, 26.826480723557967], [-92.48154937812842, 26.825736059595776], [-92.48012370638747, 26.824646222174255], [-92.47712666811834, 26.821559776247984], [-92.47520152441636, 26.81780094645866], [-92.47472431501056, 26.816091330414235], [-92.47420001834011, 26.815099268210677], [-92.47199660758449, 26.812488277084935], [-92.47140580275354, 26.811265347548634], [-92.4673985691337, 26.806845660513094], [-92.46549023168208, 26.805726554669988], [-92.4631835703135, 26.805365274846434], [-92.46061971327616, 26.803453232897944], [-92.45854943501259, 26.803576178510067]]}}, {"id": "1", "type": "Feature", "properties": {"area": 220483113.36658433, "length": 59978.120602182804}, "geometry": {"type": "LineString", "coordinates": [[-91.64265295670663, 26.86542621288688], [-91.6431588058056, 26.865964921712948], [-91.64393024895918, 26.865945251623753], [-91.64452077792765, 26.866532582790136], [-91.64540542893492, 26.86653489145125], [-91.64601556035277, 26.867076201803926], [-91.64688146442842, 26.867131767996963], [-91.64753973124355, 26.86763870573639], [-91.64822835717635, 26.867727256683033], [-91.6490369593786, 26.86830078651518], [-91.64971370556053, 26.86842495731375], [-91.65020766883983, 26.86874799838229], [-91.65614205940165, 26.869891924111588], [-91.66300963081345, 26.870619870543038], [-91.6704776118916, 26.870719401459585], [-91.68015338555674, 26.869651490476127], [-91.68498353186419, 26.86896670895381], [-91.68688937520002, 26.868542923834443], [-91.6939498728229, 26.872640419947224], [-91.69735912106397, 26.874441224654472], [-91.70524994847021, 26.87752134682053], [-91.70971788598558, 26.8788609816929], [-91.71063392424975, 26.87951116651733], [-91.7182573133692, 26.88327224684599], [-91.72487575405087, 26.88699530216156], [-91.7311201669194, 26.88970663613183], [-91.73755865385434, 26.901019073026223], [-91.73886519849323, 26.90299607224403], [-91.75047249979701, 26.91690775449158], [-91.75808777140956, 26.92471739750176], [-91.75806522680801, 26.928203786612887], [-91.76053538007635, 26.936033057066805], [-91.76299714475638, 26.941734511704016], [-91.76505714231136, 26.9455482281278], [-91.77092160031565, 26.951334652121105], [-91.77895362347918, 26.958183557321927], [-91.78377621739037, 26.96122131674346], [-91.79492012519808, 26.970366546595212], [-91.79710232336194, 26.973571035089165], [-91.8010032317129, 26.97858900360631], [-91.80706136731834, 26.985389008206045], [-91.80743259932417, 26.992305572552386], [-91.80783980074273, 26.995922136407565], [-91.8085696554802, 26.99914552492512], [-91.81137193248952, 27.006075209475807], [-91.81466950408496, 27.01762933629804], [-91.81630183094462, 27.020540090193396], [-91.83297307575718, 27.035168554354218], [-91.84345382412906, 27.033021086690095], [-91.85395865699128, 27.030414125813195], [-91.86591012128116, 27.027239456413806], [-91.87481267594355, 27.02959290294705], [-91.8893587137557, 27.032824155929006], [-91.89657412891525, 27.038816102628935], [-91.90353623439066, 27.041510882885074], [-91.90834272008287, 27.043930120456498], [-91.91067685954602, 27.04558951091642], [-91.91543472154015, 27.050371534760654], [-91.91654604098098, 27.05179826759328], [-91.92080212588841, 27.0550127141469], [-91.92677302743097, 27.060269944677316], [-91.92840611797571, 27.061997929930378], [-91.93071102802415, 27.064988483186113], [-91.93594617558661, 27.069991219317338], [-91.93776504569858, 27.07159976870562], [-91.94355180520624, 27.076088311663607], [-91.96109238288997, 27.08419269673165], [-91.96404050188816, 27.08535762676313], [-91.97478196115343, 27.088846796367985], [-91.98307942383268, 27.098319180556175], [-91.98523626309122, 27.103840090465255], [-91.98712041170275, 27.106701206778208], [-91.99128480268965, 27.111740640556047], [-91.99364847247101, 27.113613454817795], [-91.99909794495379, 27.151094936950656], [-92.00180867208553, 27.16333296636711], [-92.01557995856541, 27.167282579995078], [-92.01659504100617, 27.167509608971464], [-92.02251799783332, 27.168089719527398], [-92.03518184877274, 27.171680517570472], [-92.03843347837406, 27.173453114381907], [-92.04698409883517, 27.179067870012652], [-92.0476710420749, 27.181064554634847], [-92.04845560328368, 27.182065908571847], [-92.04904418937197, 27.183185745929972]]}}]}, "aspect_ratio_factor": 0.6308598064300633, "cls": 3, "orchestrator_run": 29212, "linearity": 77583.58269254345, "s1_scene_id": "S1A_IW_GRDH_1SDV_20230917T000951_20230917T001016_050360_061036_7DC5", "hitl_cls": 3, "hitl_cls_name": "Natural", "aoi_type_1_ids": [282], "aoi_type_2_ids": [357], "aoi_type_3_ids": null, "source_type_1_ids": ["366495000", "311020700", "636020429", "538006194", "538008989", "338753000", "249338000"], "source_type_2_ids": ["186461"], "source_type_3_ids": null, "max_source_collated_score": -1.9108142243978194, "slick_url": "https://cerulean.skytruth.org/slicks/3098513?ref=api&slick_id=3098513"}, "links": [{"title": "Collection", "href": "http://api.cerulean.skytruth.org/collections/public.slick_plus", "rel": "collection", "type": "application/json"}, {"title": "Item", "href": "http://api.cerulean.skytruth.org/collections/public.slick_plus/items/3098513", "rel": "item", "type": "application/geo+json"}]}]}