{"type": "FeatureCollection", "features": [{"type": "Feature", "geometry": {"type": "MultiPolygon", "coordinates": [[[[11.485464, -5.780237], [11.485464, -5.78161], [11.484778, -5.78161], [11.484778, -5.782297], [11.484091, -5.782297], [11.484091, -5.782983], [11.482031, -5.782983], [11.482031, -5.782297], [11.479971, -5.782297], [11.479971, -5.78161], [11.479285, -5.78161], [11.479285, -5.780923], [11.479971, -5.780923], [11.479971, -5.780237], [11.479285, -5.780237], [11.479285, -5.77955], [11.479971, -5.77955], [11.479971, -5.77749], [11.479285, -5.77749], [11.479285, -5.776117], [11.477911, -5.776117], [11.477911, -5.774744], [11.478598, -5.774744], [11.478598, -5.77337], [11.477911, -5.77337], [11.477911, -5.771997], [11.478598, -5.771997], [11.478598, -5.770624], [11.479285, -5.770624], [11.479285, -5.76925], [11.480658, -5.76925], [11.480658, -5.769937], [11.482031, -5.769937], [11.482031, -5.771997], [11.482718, -5.771997], [11.482718, -5.77131], [11.483405, -5.77131], [11.483405, -5.76925], [11.484778, -5.76925], [11.484778, -5.767877], [11.485464, -5.767877], [11.485464, -5.766504], [11.486151, -5.766504], [11.486151, -5.764444], [11.486838, -5.764444], [11.486838, -5.763071], [11.487524, -5.763071], [11.487524, -5.762384], [11.488211, -5.762384], [11.488211, -5.761697], [11.488898, -5.761697], [11.488898, -5.760324], [11.489584, -5.760324], [11.489584, -5.758951], [11.488898, -5.758951], [11.488898, -5.758264], [11.486838, -5.758264], [11.486838, -5.757578], [11.486151, -5.757578], [11.486151, -5.755518], [11.486838, -5.755518], [11.486838, -5.756204], [11.487524, -5.756204], [11.487524, -5.756891], [11.488898, -5.756891], [11.488898, -5.757578], [11.489584, -5.757578], [11.489584, -5.758264], [11.490271, -5.758264], [11.490271, -5.758951], [11.490958, -5.758951], [11.490958, -5.760324], [11.492331, -5.760324], [11.492331, -5.761011], [11.493018, -5.761011], [11.493018, -5.762384], [11.492331, -5.762384], [11.492331, -5.761697], [11.490958, -5.761697], [11.490958, -5.763071], [11.490271, -5.763071], [11.490271, -5.765131], [11.490958, -5.765131], [11.490958, -5.765817], [11.491644, -5.765817], [11.491644, -5.765131], [11.493018, -5.765131], [11.493018, -5.764444], [11.493704, -5.764444], [11.493704, -5.763071], [11.494391, -5.763071], [11.494391, -5.762384], [11.496451, -5.762384], [11.496451, -5.761697], [11.495764, -5.761697], [11.495764, -5.761011], [11.499884, -5.761011], [11.499884, -5.760324], [11.500571, -5.760324], [11.500571, -5.759637], [11.501257, -5.759637], [11.501257, -5.758951], [11.501944, -5.758951], [11.501944, -5.758264], [11.502631, -5.758264], [11.502631, -5.756891], [11.504691, -5.756891], [11.504691, -5.756204], [11.505377, -5.756204], [11.505377, -5.755518], [11.506064, -5.755518], [11.506064, -5.754831], [11.50675, -5.754831], [11.50675, -5.755518], [11.507437, -5.755518], [11.507437, -5.754831], [11.50881, -5.754831], [11.50881, -5.753458], [11.508124, -5.753458], [11.508124, -5.751398], [11.511557, -5.751398], [11.511557, -5.753458], [11.510184, -5.753458], [11.510184, -5.755518], [11.51087, -5.755518], [11.51087, -5.756891], [11.51293, -5.756891], [11.51293, -5.757578], [11.514304, -5.757578], [11.514304, -5.756891], [11.515677, -5.756891], [11.515677, -5.756204], [11.516364, -5.756204], [11.516364, -5.754144], [11.51705, -5.754144], [11.51705, -5.753458], [11.517737, -5.753458], [11.517737, -5.751398], [11.519797, -5.751398], [11.519797, -5.752084], [11.51911, -5.752084], [11.51911, -5.754144], [11.518423, -5.754144], [11.518423, -5.755518], [11.517737, -5.755518], [11.517737, -5.756891], [11.518423, -5.756891], [11.518423, -5.756204], [11.51911, -5.756204], [11.51911, -5.755518], [11.520483, -5.755518], [11.520483, -5.756204], [11.521857, -5.756204], [11.521857, -5.756891], [11.522543, -5.756891], [11.522543, -5.757578], [11.523917, -5.757578], [11.523917, -5.756891], [11.52529, -5.756891], [11.52529, -5.757578], [11.525977, -5.757578], [11.525977, -5.758264], [11.52529, -5.758264], [11.52529, -5.759637], [11.524603, -5.759637], [11.524603, -5.761011], [11.528036, -5.761011], [11.528036, -5.759637], [11.528723, -5.759637], [11.528723, -5.758951], [11.52941, -5.758951], [11.52941, -5.758264], [11.530096, -5.758264], [11.530096, -5.758951], [11.530783, -5.758951], [11.530783, -5.759637], [11.52941, -5.759637], [11.52941, -5.762384], [11.530096, -5.762384], [11.530096, -5.763071], [11.52941, -5.763071], [11.52941, -5.763757], [11.530096, -5.763757], [11.530096, -5.764444], [11.530783, -5.764444], [11.530783, -5.763757], [11.53147, -5.763757], [11.53147, -5.763071], [11.532843, -5.763071], [11.532843, -5.761697], [11.53353, -5.761697], [11.53353, -5.760324], [11.532843, -5.760324], [11.532843, -5.759637], [11.53353, -5.759637], [11.53353, -5.758264], [11.532843, -5.758264], [11.532843, -5.756891], [11.534216, -5.756891], [11.534216, -5.758264], [11.534903, -5.758264], [11.534903, -5.758951], [11.53559, -5.758951], [11.53559, -5.759637], [11.53765, -5.759637], [11.53765, -5.758951], [11.538336, -5.758951], [11.538336, -5.758264], [11.540396, -5.758264], [11.540396, -5.758951], [11.541083, -5.758951], [11.541083, -5.758264], [11.541769, -5.758264], [11.541769, -5.757578], [11.542456, -5.757578], [11.542456, -5.756204], [11.544516, -5.756204], [11.544516, -5.755518], [11.543829, -5.755518], [11.543829, -5.754831], [11.544516, -5.754831], [11.544516, -5.754144], [11.543829, -5.754144], [11.543829, -5.753458], [11.544516, -5.753458], [11.544516, -5.751398], [11.545203, -5.751398], [11.545203, -5.750024], [11.545889, -5.750024], [11.545889, -5.752084], [11.547263, -5.752084], [11.547263, -5.753458], [11.547949, -5.753458], [11.547949, -5.754144], [11.548636, -5.754144], [11.548636, -5.753458], [11.549323, -5.753458], [11.549323, -5.754831], [11.548636, -5.754831], [11.548636, -5.755518], [11.547949, -5.755518], [11.547949, -5.756204], [11.547263, -5.756204], [11.547263, -5.756891], [11.547949, -5.756891], [11.547949, -5.759637], [11.548636, -5.759637], [11.548636, -5.760324], [11.549323, -5.760324], [11.549323, -5.762384], [11.550009, -5.762384], [11.550009, -5.764444], [11.550696, -5.764444], [11.550696, -5.765131], [11.553442, -5.765131], [11.553442, -5.764444], [11.554129, -5.764444], [11.554129, -5.763757], [11.554816, -5.763757], [11.554816, -5.763071], [11.555502, -5.763071], [11.555502, -5.762384], [11.556876, -5.762384], [11.556876, -5.763757], [11.557562, -5.763757], [11.557562, -5.764444], [11.558936, -5.764444], [11.558936, -5.767191], [11.559622, -5.767191], [11.559622, -5.767877], [11.560309, -5.767877], [11.560309, -5.768564], [11.559622, -5.768564], [11.559622, -5.76925], [11.557562, -5.76925], [11.557562, -5.769937], [11.556189, -5.769937], [11.556189, -5.770624], [11.555502, -5.770624], [11.555502, -5.771997], [11.554129, -5.771997], [11.554129, -5.774057], [11.554816, -5.774057], [11.554816, -5.776117], [11.557562, -5.776117], [11.557562, -5.77543], [11.558249, -5.77543], [11.558249, -5.774744], [11.557562, -5.774744], [11.557562, -5.77337], [11.558249, -5.77337], [11.558249, -5.772684], [11.558936, -5.772684], [11.558936, -5.771997], [11.559622, -5.771997], [11.559622, -5.770624], [11.560995, -5.770624], [11.560995, -5.77131], [11.561682, -5.77131], [11.561682, -5.770624], [11.562369, -5.770624], [11.562369, -5.769937], [11.561682, -5.769937], [11.561682, -5.767191], [11.562369, -5.767191], [11.562369, -5.766504], [11.565802, -5.766504], [11.565802, -5.765817], [11.565115, -5.765817], [11.565115, -5.764444], [11.564429, -5.764444], [11.564429, -5.763071], [11.563055, -5.763071], [11.563055, -5.762384], [11.563742, -5.762384], [11.563742, -5.761011], [11.566489, -5.761011], [11.566489, -5.759637], [11.565802, -5.759637], [11.565802, -5.757578], [11.565115, -5.757578], [11.565115, -5.756204], [11.564429, -5.756204], [11.564429, -5.754831], [11.563742, -5.754831], [11.563742, -5.752771], [11.563055, -5.752771], [11.563055, -5.752084], [11.562369, -5.752084], [11.562369, -5.750024], [11.561682, -5.750024], [11.561682, -5.749338], [11.560995, -5.749338], [11.560995, -5.747964], [11.561682, -5.747964], [11.561682, -5.748651], [11.563055, -5.748651], [11.563055, -5.749338], [11.563742, -5.749338], [11.563742, -5.752084], [11.564429, -5.752084], [11.564429, -5.752771], [11.565115, -5.752771], [11.565115, -5.754831], [11.566489, -5.754831], [11.566489, -5.755518], [11.567175, -5.755518], [11.567175, -5.756891], [11.567862, -5.756891], [11.567862, -5.758951], [11.568549, -5.758951], [11.568549, -5.759637], [11.573355, -5.759637], [11.573355, -5.760324], [11.574728, -5.760324], [11.574728, -5.759637], [11.575415, -5.759637], [11.575415, -5.761011], [11.576102, -5.761011], [11.576102, -5.760324], [11.576788, -5.760324], [11.576788, -5.758264], [11.577475, -5.758264], [11.577475, -5.757578], [11.578162, -5.757578], [11.578162, -5.756891], [11.579535, -5.756891], [11.579535, -5.756204], [11.580908, -5.756204], [11.580908, -5.755518], [11.581595, -5.755518], [11.581595, -5.754831], [11.582281, -5.754831], [11.582281, -5.754144], [11.582968, -5.754144], [11.582968, -5.753458], [11.583655, -5.753458], [11.583655, -5.751398], [11.584341, -5.751398], [11.584341, -5.749338], [11.583655, -5.749338], [11.583655, -5.748651], [11.585028, -5.748651], [11.585028, -5.749338], [11.585715, -5.749338], [11.585715, -5.752084], [11.586401, -5.752084], [11.586401, -5.753458], [11.587088, -5.753458], [11.587088, -5.754831], [11.586401, -5.754831], [11.586401, -5.755518], [11.585715, -5.755518], [11.585715, -5.756204], [11.586401, -5.756204], [11.586401, -5.756891], [11.587088, -5.756891], [11.587088, -5.757578], [11.587775, -5.757578], [11.587775, -5.758264], [11.588461, -5.758264], [11.588461, -5.760324], [11.587775, -5.760324], [11.587775, -5.761011], [11.587088, -5.761011], [11.587088, -5.762384], [11.587775, -5.762384], [11.587775, -5.764444], [11.588461, -5.764444], [11.588461, -5.765131], [11.587775, -5.765131], [11.587775, -5.765817], [11.587088, -5.765817], [11.587088, -5.767191], [11.586401, -5.767191], [11.586401, -5.767877], [11.585715, -5.767877], [11.585715, -5.768564], [11.585028, -5.768564], [11.585028, -5.76925], [11.586401, -5.76925], [11.586401, -5.769937], [11.587088, -5.769937], [11.587088, -5.771997], [11.586401, -5.771997], [11.586401, -5.77337], [11.587088, -5.77337], [11.587088, -5.77543], [11.587775, -5.77543], [11.587775, -5.776117], [11.589148, -5.776117], [11.589148, -5.77749], [11.589835, -5.77749], [11.589835, -5.778177], [11.590521, -5.778177], [11.590521, -5.778864], [11.589148, -5.778864], [11.589148, -5.780237], [11.589835, -5.780237], [11.589835, -5.78161], [11.589148, -5.78161], [11.589148, -5.780923], [11.588461, -5.780923], [11.588461, -5.782297], [11.589148, -5.782297], [11.589148, -5.782983], [11.588461, -5.782983], [11.588461, -5.78367], [11.589148, -5.78367], [11.589148, -5.78573], [11.589835, -5.78573], [11.589835, -5.790536], [11.590521, -5.790536], [11.590521, -5.79191], [11.591208, -5.79191], [11.591208, -5.792596], [11.591895, -5.792596], [11.591895, -5.793283], [11.593268, -5.793283], [11.593268, -5.794656], [11.593954, -5.794656], [11.593954, -5.79397], [11.594641, -5.79397], [11.594641, -5.793283], [11.593954, -5.793283], [11.593954, -5.791223], [11.593268, -5.791223], [11.593268, -5.789163], [11.593954, -5.789163], [11.593954, -5.786417], [11.594641, -5.786417], [11.594641, -5.78573], [11.595328, -5.78573], [11.595328, -5.785043], [11.596014, -5.785043], [11.596014, -5.784357], [11.595328, -5.784357], [11.595328, -5.78367], [11.596701, -5.78367], [11.596701, -5.782983], [11.597388, -5.782983], [11.597388, -5.784357], [11.598761, -5.784357], [11.598761, -5.78367], [11.600821, -5.78367], [11.600821, -5.784357], [11.600134, -5.784357], [11.600134, -5.786417], [11.598761, -5.786417], [11.598761, -5.787103], [11.600134, -5.787103], [11.600134, -5.788477], [11.599448, -5.788477], [11.599448, -5.789163], [11.601508, -5.789163], [11.601508, -5.790536], [11.602194, -5.790536], [11.602194, -5.791223], [11.602881, -5.791223], [11.602881, -5.79191], [11.602194, -5.79191], [11.602194, -5.792596], [11.601508, -5.792596], [11.601508, -5.793283], [11.600821, -5.793283], [11.600821, -5.795343], [11.600134, -5.795343], [11.600134, -5.79603], [11.599448, -5.79603], [11.599448, -5.797403], [11.600134, -5.797403], [11.600134, -5.799463], [11.600821, -5.799463], [11.600821, -5.80015], [11.599448, -5.80015], [11.599448, -5.800836], [11.600134, -5.800836], [11.600134, -5.802209], [11.600821, -5.802209], [11.600821, -5.802896], [11.601508, -5.802896], [11.601508, -5.801523], [11.602194, -5.801523], [11.602194, -5.80015], [11.602881, -5.80015], [11.602881, -5.799463], [11.603568, -5.799463], [11.603568, -5.797403], [11.602881, -5.797403], [11.602881, -5.79809], [11.602194, -5.79809], [11.602194, -5.798776], [11.600821, -5.798776], [11.600821, -5.79809], [11.601508, -5.79809], [11.601508, -5.796716], [11.602194, -5.796716], [11.602194, -5.79603], [11.602881, -5.79603], [11.602881, -5.794656], [11.603568, -5.794656], [11.603568, -5.79397], [11.604254, -5.79397], [11.604254, -5.794656], [11.604941, -5.794656], [11.604941, -5.79397], [11.607001, -5.79397], [11.607001, -5.795343], [11.607687, -5.795343], [11.607687, -5.79397], [11.609747, -5.79397], [11.609747, -5.793283], [11.610434, -5.793283], [11.610434, -5.79191], [11.609747, -5.79191], [11.609747, -5.790536], [11.611121, -5.790536], [11.611121, -5.791223], [11.611807, -5.791223], [11.611807, -5.79191], [11.613181, -5.79191], [11.613181, -5.791223], [11.613867, -5.791223], [11.613867, -5.790536], [11.61524, -5.790536], [11.61524, -5.791223], [11.615927, -5.791223], [11.615927, -5.79191], [11.616614, -5.79191], [11.616614, -5.788477], [11.617987, -5.788477], [11.617987, -5.791223], [11.620047, -5.791223], [11.620047, -5.79191], [11.61936, -5.79191], [11.61936, -5.793283], [11.620047, -5.793283], [11.620047, -5.79397], [11.620734, -5.79397], [11.620734, -5.794656], [11.62142, -5.794656], [11.62142, -5.795343], [11.620734, -5.795343], [11.620734, -5.79603], [11.620047, -5.79603], [11.620047, -5.797403], [11.620734, -5.797403], [11.620734, -5.79809], [11.620047, -5.79809], [11.620047, -5.799463], [11.620734, -5.799463], [11.620734, -5.80015], [11.622107, -5.80015], [11.622107, -5.800836], [11.622794, -5.800836], [11.622794, -5.799463], [11.62348, -5.799463], [11.62348, -5.798776], [11.62554, -5.798776], [11.62554, -5.80015], [11.626913, -5.80015], [11.626913, -5.804269], [11.628973, -5.804269], [11.628973, -5.802896], [11.62966, -5.802896], [11.62966, -5.802209], [11.63172, -5.802209], [11.63172, -5.801523], [11.632407, -5.801523], [11.632407, -5.800836], [11.63378, -5.800836], [11.63378, -5.799463], [11.634467, -5.799463], [11.634467, -5.797403], [11.63378, -5.797403], [11.63378, -5.796716], [11.634467, -5.796716], [11.634467, -5.79603], [11.635153, -5.79603], [11.635153, -5.794656], [11.63584, -5.794656], [11.63584, -5.793283], [11.636526, -5.793283], [11.636526, -5.79191], [11.637213, -5.79191], [11.637213, -5.791223], [11.636526, -5.791223], [11.636526, -5.789163], [11.637213, -5.789163], [11.637213, -5.78779], [11.6379, -5.78779], [11.6379, -5.786417], [11.638586, -5.786417], [11.638586, -5.788477], [11.6379, -5.788477], [11.6379, -5.789163], [11.638586, -5.789163], [11.638586, -5.794656], [11.639273, -5.794656], [11.639273, -5.795343], [11.638586, -5.795343], [11.638586, -5.79603], [11.639273, -5.79603], [11.639273, -5.797403], [11.640646, -5.797403], [11.640646, -5.79809], [11.641333, -5.79809], [11.641333, -5.798776], [11.639273, -5.798776], [11.639273, -5.799463], [11.638586, -5.799463], [11.638586, -5.800836], [11.63996, -5.800836], [11.63996, -5.80015], [11.641333, -5.80015], [11.641333, -5.801523], [11.640646, -5.801523], [11.640646, -5.802209], [11.63996, -5.802209], [11.63996, -5.803583], [11.639273, -5.803583], [11.639273, -5.804269], [11.63996, -5.804269], [11.63996, -5.804956], [11.642706, -5.804956], [11.642706, -5.805643], [11.643393, -5.805643], [11.643393, -5.804956], [11.64408, -5.804956], [11.64408, -5.804269], [11.645453, -5.804269], [11.645453, -5.803583], [11.64614, -5.803583], [11.64614, -5.802209], [11.646826, -5.802209], [11.646826, -5.803583], [11.647513, -5.803583], [11.647513, -5.801523], [11.646826, -5.801523], [11.646826, -5.800836], [11.64614, -5.800836], [11.64614, -5.801523], [11.645453, -5.801523], [11.645453, -5.802209], [11.644766, -5.802209], [11.644766, -5.80015], [11.64614, -5.80015], [11.64614, -5.799463], [11.646826, -5.799463], [11.646826, -5.798776], [11.647513, -5.798776], [11.647513, -5.79809], [11.648199, -5.79809], [11.648199, -5.801523], [11.648886, -5.801523], [11.648886, -5.802896], [11.648199, -5.802896], [11.648199, -5.804269], [11.647513, -5.804269], [11.647513, -5.805643], [11.648199, -5.805643], [11.648199, -5.807703], [11.647513, -5.807703], [11.647513, -5.809076], [11.648199, -5.809076], [11.648199, -5.810449], [11.647513, -5.810449], [11.647513, -5.811136], [11.646826, -5.811136], [11.646826, -5.807703], [11.64614, -5.807703], [11.64614, -5.807016], [11.644766, -5.807016], [11.644766, -5.807703], [11.645453, -5.807703], [11.645453, -5.811136], [11.64614, -5.811136], [11.64614, -5.813196], [11.646826, -5.813196], [11.646826, -5.811823], [11.647513, -5.811823], [11.647513, -5.812509], [11.648199, -5.812509], [11.648199, -5.813882], [11.647513, -5.813882], [11.647513, -5.814569], [11.64614, -5.814569], [11.64614, -5.815256], [11.646826, -5.815256], [11.646826, -5.817316], [11.648199, -5.817316], [11.648199, -5.816629], [11.648886, -5.816629], [11.648886, -5.814569], [11.650259, -5.814569], [11.650259, -5.812509], [11.650946, -5.812509], [11.650946, -5.811823], [11.652319, -5.811823], [11.652319, -5.811136], [11.651633, -5.811136], [11.651633, -5.810449], [11.653006, -5.810449], [11.653006, -5.808389], [11.653693, -5.808389], [11.653693, -5.807703], [11.655066, -5.807703], [11.655066, -5.805643], [11.654379, -5.805643], [11.654379, -5.804956], [11.656439, -5.804956], [11.656439, -5.804269], [11.657126, -5.804269], [11.657126, -5.802896], [11.658499, -5.802896], [11.658499, -5.802209], [11.657812, -5.802209], [11.657812, -5.801523], [11.658499, -5.801523], [11.658499, -5.800836], [11.659872, -5.800836], [11.659872, -5.798776], [11.660559, -5.798776], [11.660559, -5.79809], [11.661246, -5.79809], [11.661246, -5.795343], [11.661932, -5.795343], [11.661932, -5.79603], [11.662619, -5.79603], [11.662619, -5.797403], [11.663306, -5.797403], [11.663306, -5.798776], [11.662619, -5.798776], [11.662619, -5.799463], [11.661932, -5.799463], [11.661932, -5.801523], [11.661246, -5.801523], [11.661246, -5.802209], [11.661932, -5.802209], [11.661932, -5.802896], [11.662619, -5.802896], [11.662619, -5.804269], [11.661246, -5.804269], [11.661246, -5.806329], [11.659186, -5.806329], [11.659186, -5.807703], [11.658499, -5.807703], [11.658499, -5.808389], [11.657126, -5.808389], [11.657126, -5.809076], [11.656439, -5.809076], [11.656439, -5.810449], [11.657126, -5.810449], [11.657126, -5.811136], [11.658499, -5.811136], [11.658499, -5.809763], [11.659186, -5.809763], [11.659186, -5.810449], [11.659872, -5.810449], [11.659872, -5.811136], [11.660559, -5.811136], [11.660559, -5.810449], [11.661246, -5.810449], [11.661246, -5.809763], [11.662619, -5.809763], [11.662619, -5.810449], [11.663306, -5.810449], [11.663306, -5.809076], [11.662619, -5.809076], [11.662619, -5.808389], [11.661932, -5.808389], [11.661932, -5.807703], [11.662619, -5.807703], [11.662619, -5.807016], [11.663306, -5.807016], [11.663306, -5.807703], [11.664679, -5.807703], [11.664679, -5.806329], [11.666052, -5.806329], [11.666052, -5.805643], [11.666739, -5.805643], [11.666739, -5.804956], [11.667426, -5.804956], [11.667426, -5.804269], [11.666739, -5.804269], [11.666739, -5.802209], [11.667426, -5.802209], [11.667426, -5.800836], [11.666739, -5.800836], [11.666739, -5.799463], [11.666052, -5.799463], [11.666052, -5.80015], [11.664679, -5.80015], [11.664679, -5.798776], [11.665366, -5.798776], [11.665366, -5.797403], [11.666052, -5.797403], [11.666052, -5.796716], [11.666739, -5.796716], [11.666739, -5.79809], [11.667426, -5.79809], [11.667426, -5.80015], [11.668112, -5.80015], [11.668112, -5.800836], [11.668799, -5.800836], [11.668799, -5.802896], [11.668112, -5.802896], [11.668112, -5.804269], [11.668799, -5.804269], [11.668799, -5.804956], [11.669485, -5.804956], [11.669485, -5.807703], [11.668799, -5.807703], [11.668799, -5.809076], [11.670172, -5.809076], [11.670172, -5.808389], [11.671545, -5.808389], [11.671545, -5.807703], [11.670859, -5.807703], [11.670859, -5.807016], [11.670172, -5.807016], [11.670172, -5.804956], [11.670859, -5.804956], [11.670859, -5.804269], [11.673605, -5.804269], [11.673605, -5.802209], [11.672919, -5.802209], [11.672919, -5.801523], [11.673605, -5.801523], [11.673605, -5.800836], [11.674292, -5.800836], [11.674292, -5.801523], [11.674979, -5.801523], [11.674979, -5.800836], [11.675665, -5.800836], [11.675665, -5.80015], [11.677039, -5.80015], [11.677039, -5.799463], [11.677725, -5.799463], [11.677725, -5.79809], [11.678412, -5.79809], [11.678412, -5.797403], [11.679099, -5.797403], [11.679099, -5.796716], [11.680472, -5.796716], [11.680472, -5.79603], [11.681158, -5.79603], [11.681158, -5.78985], [11.681845, -5.78985], [11.681845, -5.789163], [11.681158, -5.789163], [11.681158, -5.788477], [11.681845, -5.788477], [11.681845, -5.787103], [11.682532, -5.787103], [11.682532, -5.786417], [11.683218, -5.786417], [11.683218, -5.785043], [11.683905, -5.785043], [11.683905, -5.78367], [11.685278, -5.78367], [11.685278, -5.782983], [11.685965, -5.782983], [11.685965, -5.78161], [11.686652, -5.78161], [11.686652, -5.780923], [11.688025, -5.780923], [11.688025, -5.780237], [11.688712, -5.780237], [11.688712, -5.77955], [11.690085, -5.77955], [11.690085, -5.77749], [11.691458, -5.77749], [11.691458, -5.778864], [11.692145, -5.778864], [11.692145, -5.77955], [11.693518, -5.77955], [11.693518, -5.778864], [11.696265, -5.778864], [11.696265, -5.778177], [11.696951, -5.778177], [11.696951, -5.77749], [11.697638, -5.77749], [11.697638, -5.776117], [11.698325, -5.776117], [11.698325, -5.77543], [11.699698, -5.77543], [11.699698, -5.774744], [11.701758, -5.774744], [11.701758, -5.774057], [11.704504, -5.774057], [11.704504, -5.771997], [11.705878, -5.771997], [11.705878, -5.772684], [11.706564, -5.772684], [11.706564, -5.77337], [11.707938, -5.77337], [11.707938, -5.772684], [11.708624, -5.772684], [11.708624, -5.774057], [11.707938, -5.774057], [11.707938, -5.774744], [11.707251, -5.774744], [11.707251, -5.77543], [11.708624, -5.77543], [11.708624, -5.776117], [11.709311, -5.776117], [11.709311, -5.77543], [11.710684, -5.77543], [11.710684, -5.774057], [11.711371, -5.774057], [11.711371, -5.77337], [11.712057, -5.77337], [11.712057, -5.774744], [11.712744, -5.774744], [11.712744, -5.77337], [11.714117, -5.77337], [11.714117, -5.772684], [11.714804, -5.772684], [11.714804, -5.771997], [11.715491, -5.771997], [11.715491, -5.772684], [11.716177, -5.772684], [11.716177, -5.774744], [11.717551, -5.774744], [11.717551, -5.774057], [11.718237, -5.774057], [11.718237, -5.77337], [11.720297, -5.77337], [11.720297, -5.769937], [11.719611, -5.769937], [11.719611, -5.76925], [11.718237, -5.76925], [11.718237, -5.767877], [11.717551, -5.767877], [11.717551, -5.766504], [11.718924, -5.766504], [11.718924, -5.767191], [11.719611, -5.767191], [11.719611, -5.767877], [11.720297, -5.767877], [11.720297, -5.76925], [11.720984, -5.76925], [11.720984, -5.768564], [11.721671, -5.768564], [11.721671, -5.770624], [11.720984, -5.770624], [11.720984, -5.772684], [11.721671, -5.772684], [11.721671, -5.77337], [11.72373, -5.77337], [11.72373, -5.772684], [11.724417, -5.772684], [11.724417, -5.771997], [11.725104, -5.771997], [11.725104, -5.77131], [11.72579, -5.77131], [11.72579, -5.771997], [11.726477, -5.771997], [11.726477, -5.772684], [11.727164, -5.772684], [11.727164, -5.77337], [11.72785, -5.77337], [11.72785, -5.774744], [11.727164, -5.774744], [11.727164, -5.77543], [11.728537, -5.77543], [11.728537, -5.77337], [11.729224, -5.77337], [11.729224, -5.77131], [11.72991, -5.77131], [11.72991, -5.771997], [11.731284, -5.771997], [11.731284, -5.770624], [11.730597, -5.770624], [11.730597, -5.76925], [11.734717, -5.76925], [11.734717, -5.767877], [11.736777, -5.767877], [11.736777, -5.765131], [11.737463, -5.765131], [11.737463, -5.763757], [11.73815, -5.763757], [11.73815, -5.765131], [11.739523, -5.765131], [11.739523, -5.761697], [11.740897, -5.761697], [11.740897, -5.763071], [11.741583, -5.763071], [11.741583, -5.765131], [11.74227, -5.765131], [11.74227, -5.767191], [11.745016, -5.767191], [11.745016, -5.768564], [11.743643, -5.768564], [11.743643, -5.76925], [11.74433, -5.76925], [11.74433, -5.769937], [11.745016, -5.769937], [11.745016, -5.771997], [11.74845, -5.771997], [11.74845, -5.769937], [11.747763, -5.769937], [11.747763, -5.76925], [11.747076, -5.76925], [11.747076, -5.767877], [11.747763, -5.767877], [11.747763, -5.766504], [11.75051, -5.766504], [11.75051, -5.764444], [11.751196, -5.764444], [11.751196, -5.765131], [11.75257, -5.765131], [11.75257, -5.764444], [11.753256, -5.764444], [11.753256, -5.763071], [11.75257, -5.763071], [11.75257, -5.761011], [11.755316, -5.761011], [11.755316, -5.760324], [11.756003, -5.760324], [11.756003, -5.759637], [11.75463, -5.759637], [11.75463, -5.757578], [11.757376, -5.757578], [11.757376, -5.758951], [11.758063, -5.758951], [11.758063, -5.759637], [11.760123, -5.759637], [11.760123, -5.761011], [11.759436, -5.761011], [11.759436, -5.763757], [11.760123, -5.763757], [11.760123, -5.764444], [11.758749, -5.764444], [11.758749, -5.765131], [11.758063, -5.765131], [11.758063, -5.765817], [11.755316, -5.765817], [11.755316, -5.766504], [11.753943, -5.766504], [11.753943, -5.767877], [11.75463, -5.767877], [11.75463, -5.767191], [11.755316, -5.767191], [11.755316, -5.767877], [11.756003, -5.767877], [11.756003, -5.768564], [11.757376, -5.768564], [11.757376, -5.77131], [11.758063, -5.77131], [11.758063, -5.772684], [11.758749, -5.772684], [11.758749, -5.774057], [11.759436, -5.774057], [11.759436, -5.774744], [11.762869, -5.774744], [11.762869, -5.77543], [11.763556, -5.77543], [11.763556, -5.774744], [11.764243, -5.774744], [11.764243, -5.774057], [11.764929, -5.774057], [11.764929, -5.77543], [11.765616, -5.77543], [11.765616, -5.77749], [11.766989, -5.77749], [11.766989, -5.778177], [11.767676, -5.778177], [11.767676, -5.77749], [11.768362, -5.77749], [11.768362, -5.778177], [11.769049, -5.778177], [11.769049, -5.778864], [11.771796, -5.778864], [11.771796, -5.778177], [11.772482, -5.778177], [11.772482, -5.778864], [11.773169, -5.778864], [11.773169, -5.778177], [11.773856, -5.778177], [11.773856, -5.778864], [11.774542, -5.778864], [11.774542, -5.77955], [11.776602, -5.77955], [11.776602, -5.780237], [11.779349, -5.780237], [11.779349, -5.780923], [11.780722, -5.780923], [11.780722, -5.780237], [11.781409, -5.780237], [11.781409, -5.78161], [11.785529, -5.78161], [11.785529, -5.782297], [11.786215, -5.782297], [11.786215, -5.78161], [11.787589, -5.78161], [11.787589, -5.780923], [11.788962, -5.780923], [11.788962, -5.78161], [11.789648, -5.78161], [11.789648, -5.780923], [11.793082, -5.780923], [11.793082, -5.78161], [11.794455, -5.78161], [11.794455, -5.780923], [11.795828, -5.780923], [11.795828, -5.780237], [11.797202, -5.780237], [11.797202, -5.77955], [11.798575, -5.77955], [11.798575, -5.778864], [11.800635, -5.778864], [11.800635, -5.776117], [11.802695, -5.776117], [11.802695, -5.77543], [11.803381, -5.77543], [11.803381, -5.774744], [11.804068, -5.774744], [11.804068, -5.774057], [11.804755, -5.774057], [11.804755, -5.77337], [11.804068, -5.77337], [11.804068, -5.772684], [11.802695, -5.772684], [11.802695, -5.774057], [11.798575, -5.774057], [11.798575, -5.774744], [11.797202, -5.774744], [11.797202, -5.774057], [11.795142, -5.774057], [11.795142, -5.77337], [11.798575, -5.77337], [11.798575, -5.772684], [11.800635, -5.772684], [11.800635, -5.771997], [11.802695, -5.771997], [11.802695, -5.77131], [11.804755, -5.77131], [11.804755, -5.770624], [11.810248, -5.770624], [11.810248, -5.769937], [11.810934, -5.769937], [11.810934, -5.76925], [11.812994, -5.76925], [11.812994, -5.769937], [11.811621, -5.769937], [11.811621, -5.77131], [11.812308, -5.77131], [11.812308, -5.771997], [11.811621, -5.771997], [11.811621, -5.772684], [11.812994, -5.772684], [11.812994, -5.771997], [11.813681, -5.771997], [11.813681, -5.77131], [11.815054, -5.77131], [11.815054, -5.770624], [11.815741, -5.770624], [11.815741, -5.76925], [11.813681, -5.76925], [11.813681, -5.768564], [11.814368, -5.768564], [11.814368, -5.767877], [11.815741, -5.767877], [11.815741, -5.767191], [11.817114, -5.767191], [11.817114, -5.765817], [11.818488, -5.765817], [11.818488, -5.761011], [11.819174, -5.761011], [11.819174, -5.760324], [11.819861, -5.760324], [11.819861, -5.763071], [11.819174, -5.763071], [11.819174, -5.764444], [11.819861, -5.764444], [11.819861, -5.766504], [11.820547, -5.766504], [11.820547, -5.767191], [11.821234, -5.767191], [11.821234, -5.767877], [11.823294, -5.767877], [11.823294, -5.767191], [11.823981, -5.767191], [11.823981, -5.766504], [11.824667, -5.766504], [11.824667, -5.765131], [11.825354, -5.765131], [11.825354, -5.763757], [11.826041, -5.763757], [11.826041, -5.765131], [11.826727, -5.765131], [11.826727, -5.765817], [11.828101, -5.765817], [11.828101, -5.765131], [11.829474, -5.765131], [11.829474, -5.763757], [11.830161, -5.763757], [11.830161, -5.763071], [11.831534, -5.763071], [11.831534, -5.762384], [11.832907, -5.762384], [11.832907, -5.763071], [11.833594, -5.763071], [11.833594, -5.767877], [11.83428, -5.767877], [11.83428, -5.76925], [11.835654, -5.76925], [11.835654, -5.768564], [11.83634, -5.768564], [11.83634, -5.767877], [11.837714, -5.767877], [11.837714, -5.766504], [11.835654, -5.766504], [11.835654, -5.765817], [11.83634, -5.765817], [11.83634, -5.765131], [11.837027, -5.765131], [11.837027, -5.764444], [11.839087, -5.764444], [11.839087, -5.763757], [11.839774, -5.763757], [11.839774, -5.763071], [11.84046, -5.763071], [11.84046, -5.762384], [11.839774, -5.762384], [11.839774, -5.761697], [11.839087, -5.761697], [11.839087, -5.761011], [11.84046, -5.761011], [11.84046, -5.760324], [11.841147, -5.760324], [11.841147, -5.758951], [11.84252, -5.758951], [11.84252, -5.758264], [11.843207, -5.758264], [11.843207, -5.757578], [11.843893, -5.757578], [11.843893, -5.756891], [11.84458, -5.756891], [11.84458, -5.756204], [11.845267, -5.756204], [11.845267, -5.755518], [11.84664, -5.755518], [11.84664, -5.754831], [11.848013, -5.754831], [11.848013, -5.757578], [11.850073, -5.757578], [11.850073, -5.759637], [11.85076, -5.759637], [11.85076, -5.761011], [11.851447, -5.761011], [11.851447, -5.763071], [11.852133, -5.763071], [11.852133, -5.761697], [11.85282, -5.761697], [11.85282, -5.762384], [11.853506, -5.762384], [11.853506, -5.763071], [11.854193, -5.763071], [11.854193, -5.764444], [11.855566, -5.764444], [11.855566, -5.763757], [11.857626, -5.763757], [11.857626, -5.764444], [11.85694, -5.764444], [11.85694, -5.765131], [11.857626, -5.765131], [11.857626, -5.765817], [11.858313, -5.765817], [11.858313, -5.767191], [11.856253, -5.767191], [11.856253, -5.765817], [11.854193, -5.765817], [11.854193, -5.766504], [11.85282, -5.766504], [11.85282, -5.765131], [11.853506, -5.765131], [11.853506, -5.764444], [11.85076, -5.764444], [11.85076, -5.763071], [11.850073, -5.763071], [11.850073, -5.761697], [11.849387, -5.761697], [11.849387, -5.761011], [11.8487, -5.761011], [11.8487, -5.759637], [11.847327, -5.759637], [11.847327, -5.758264], [11.845953, -5.758264], [11.845953, -5.757578], [11.84458, -5.757578], [11.84458, -5.758264], [11.843893, -5.758264], [11.843893, -5.760324], [11.843207, -5.760324], [11.843207, -5.761011], [11.84252, -5.761011], [11.84252, -5.761697], [11.843207, -5.761697], [11.843207, -5.762384], [11.845267, -5.762384], [11.845267, -5.763071], [11.845953, -5.763071], [11.845953, -5.764444], [11.848013, -5.764444], [11.848013, -5.763757], [11.8487, -5.763757], [11.8487, -5.764444], [11.849387, -5.764444], [11.849387, -5.765131], [11.850073, -5.765131], [11.850073, -5.766504], [11.849387, -5.766504], [11.849387, -5.765817], [11.8487, -5.765817], [11.8487, -5.765131], [11.84664, -5.765131], [11.84664, -5.767877], [11.845267, -5.767877], [11.845267, -5.76925], [11.84664, -5.76925], [11.84664, -5.770624], [11.848013, -5.770624], [11.848013, -5.77131], [11.849387, -5.77131], [11.849387, -5.770624], [11.85076, -5.770624], [11.85076, -5.771997], [11.854193, -5.771997], [11.854193, -5.772684], [11.855566, -5.772684], [11.855566, -5.774057], [11.85694, -5.774057], [11.85694, -5.771997], [11.855566, -5.771997], [11.855566, -5.77131], [11.85488, -5.77131], [11.85488, -5.770624], [11.85694, -5.770624], [11.85694, -5.77131], [11.857626, -5.77131], [11.857626, -5.77337], [11.858313, -5.77337], [11.858313, -5.774057], [11.859, -5.774057], [11.859, -5.77337], [11.859686, -5.77337], [11.859686, -5.771997], [11.86106, -5.771997], [11.86106, -5.772684], [11.861746, -5.772684], [11.861746, -5.77337], [11.862433, -5.77337], [11.862433, -5.772684], [11.863806, -5.772684], [11.863806, -5.774057], [11.865179, -5.774057], [11.865179, -5.77337], [11.866553, -5.77337], [11.866553, -5.772684], [11.864493, -5.772684], [11.864493, -5.771997], [11.866553, -5.771997], [11.866553, -5.77131], [11.868613, -5.77131], [11.868613, -5.770624], [11.869299, -5.770624], [11.869299, -5.771997], [11.869986, -5.771997], [11.869986, -5.77337], [11.872046, -5.77337], [11.872046, -5.774057], [11.872733, -5.774057], [11.872733, -5.774744], [11.872046, -5.774744], [11.872046, -5.77543], [11.872733, -5.77543], [11.872733, -5.776804], [11.873419, -5.776804], [11.873419, -5.77749], [11.874106, -5.77749], [11.874106, -5.778177], [11.874792, -5.778177], [11.874792, -5.77749], [11.875479, -5.77749], [11.875479, -5.778177], [11.876166, -5.778177], [11.876166, -5.778864], [11.876852, -5.778864], [11.876852, -5.77749], [11.877539, -5.77749], [11.877539, -5.778177], [11.878226, -5.778177], [11.878226, -5.778864], [11.880286, -5.778864], [11.880286, -5.776117], [11.882346, -5.776117], [11.882346, -5.776804], [11.883032, -5.776804], [11.883032, -5.77543], [11.884406, -5.77543], [11.884406, -5.774744], [11.887839, -5.774744], [11.887839, -5.77543], [11.888525, -5.77543], [11.888525, -5.776804], [11.887839, -5.776804], [11.887839, -5.776117], [11.887152, -5.776117], [11.887152, -5.77543], [11.886465, -5.77543], [11.886465, -5.776804], [11.887152, -5.776804], [11.887152, -5.778177], [11.888525, -5.778177], [11.888525, -5.77955], [11.889212, -5.77955], [11.889212, -5.780923], [11.895392, -5.780923], [11.895392, -5.780237], [11.897452, -5.780237], [11.897452, -5.78161], [11.900885, -5.78161], [11.900885, -5.782297], [11.901572, -5.782297], [11.901572, -5.782983], [11.902258, -5.782983], [11.902258, -5.784357], [11.902945, -5.784357], [11.902945, -5.785043], [11.901572, -5.785043], [11.901572, -5.78573], [11.902258, -5.78573], [11.902258, -5.786417], [11.903632, -5.786417], [11.903632, -5.78573], [11.908438, -5.78573], [11.908438, -5.786417], [11.909811, -5.786417], [11.909811, -5.787103], [11.911871, -5.787103], [11.911871, -5.78779], [11.912558, -5.78779], [11.912558, -5.788477], [11.913931, -5.788477], [11.913931, -5.789163], [11.914618, -5.789163], [11.914618, -5.78985], [11.915305, -5.78985], [11.915305, -5.791223], [11.915991, -5.791223], [11.915991, -5.79191], [11.916678, -5.79191], [11.916678, -5.792596], [11.920111, -5.792596], [11.920111, -5.793283], [11.922171, -5.793283], [11.922171, -5.79397], [11.923544, -5.79397], [11.923544, -5.793283], [11.924918, -5.793283], [11.924918, -5.794656], [11.928351, -5.794656], [11.928351, -5.795343], [11.929724, -5.795343], [11.929724, -5.79603], [11.929037, -5.79603], [11.929037, -5.796716], [11.927664, -5.796716], [11.927664, -5.797403], [11.929724, -5.797403], [11.929724, -5.796716], [11.930411, -5.796716], [11.930411, -5.79603], [11.931784, -5.79603], [11.931784, -5.796716], [11.934531, -5.796716], [11.934531, -5.797403], [11.935217, -5.797403], [11.935217, -5.799463], [11.935904, -5.799463], [11.935904, -5.798776], [11.939337, -5.798776], [11.939337, -5.797403], [11.940024, -5.797403], [11.940024, -5.79809], [11.94071, -5.79809], [11.94071, -5.798776], [11.941397, -5.798776], [11.941397, -5.80015], [11.94277, -5.80015], [11.94277, -5.801523], [11.947577, -5.801523], [11.947577, -5.802209], [11.94895, -5.802209], [11.94895, -5.804269], [11.948264, -5.804269], [11.948264, -5.804956], [11.94689, -5.804956], [11.94689, -5.805643], [11.94895, -5.805643], [11.94895, -5.804956], [11.949637, -5.804956], [11.949637, -5.806329], [11.95101, -5.806329], [11.95101, -5.805643], [11.950323, -5.805643], [11.950323, -5.804269], [11.95307, -5.804269], [11.95307, -5.804956], [11.95513, -5.804956], [11.95513, -5.806329], [11.954443, -5.806329], [11.954443, -5.807016], [11.95307, -5.807016], [11.95307, -5.808389], [11.953757, -5.808389], [11.953757, -5.809076], [11.954443, -5.809076], [11.954443, -5.808389], [11.955817, -5.808389], [11.955817, -5.809076], [11.956503, -5.809076], [11.956503, -5.808389], [11.958563, -5.808389], [11.958563, -5.807703], [11.95925, -5.807703], [11.95925, -5.807016], [11.959937, -5.807016], [11.959937, -5.808389], [11.960623, -5.808389], [11.960623, -5.809076], [11.96131, -5.809076], [11.96131, -5.809763], [11.962683, -5.809763], [11.962683, -5.810449], [11.96337, -5.810449], [11.96337, -5.811136], [11.962683, -5.811136], [11.962683, -5.811823], [11.96337, -5.811823], [11.96337, -5.812509], [11.966116, -5.812509], [11.966116, -5.814569], [11.968176, -5.814569], [11.968176, -5.815942], [11.96955, -5.815942], [11.96955, -5.816629], [11.970923, -5.816629], [11.970923, -5.814569], [11.970236, -5.814569], [11.970236, -5.813882], [11.971609, -5.813882], [11.971609, -5.816629], [11.972296, -5.816629], [11.972296, -5.817316], [11.972983, -5.817316], [11.972983, -5.816629], [11.973669, -5.816629], [11.973669, -5.815256], [11.975729, -5.815256], [11.975729, -5.818002], [11.975043, -5.818002], [11.975043, -5.818689], [11.975729, -5.818689], [11.975729, -5.819376], [11.977103, -5.819376], [11.977103, -5.820749], [11.977789, -5.820749], [11.977789, -5.821436], [11.979163, -5.821436], [11.979163, -5.822122], [11.980536, -5.822122], [11.980536, -5.822809], [11.981223, -5.822809], [11.981223, -5.823495], [11.981909, -5.823495], [11.981909, -5.824182], [11.980536, -5.824182], [11.980536, -5.824869], [11.981909, -5.824869], [11.981909, -5.825555], [11.985342, -5.825555], [11.985342, -5.824182], [11.986029, -5.824182], [11.986029, -5.824869], [11.986716, -5.824869], [11.986716, -5.825555], [11.987402, -5.825555], [11.987402, -5.824869], [11.988776, -5.824869], [11.988776, -5.825555], [11.989462, -5.825555], [11.989462, -5.826242], [11.990836, -5.826242], [11.990836, -5.826929], [11.990149, -5.826929], [11.990149, -5.828302], [11.989462, -5.828302], [11.989462, -5.829675], [11.992209, -5.829675], [11.992209, -5.828989], [11.992896, -5.828989], [11.992896, -5.829675], [11.994269, -5.829675], [11.994269, -5.830362], [11.995642, -5.830362], [11.995642, -5.831049], [11.998389, -5.831049], [11.998389, -5.830362], [11.999075, -5.830362], [11.999075, -5.831049], [12.000449, -5.831049], [12.000449, -5.832422], [11.999075, -5.832422], [11.999075, -5.834482], [11.999762, -5.834482], [11.999762, -5.835855], [12.001822, -5.835855], [12.001822, -5.834482], [12.002509, -5.834482], [12.002509, -5.837228], [12.005255, -5.837228], [12.005255, -5.837915], [12.007315, -5.837915], [12.007315, -5.838602], [12.008688, -5.838602], [12.008688, -5.839975], [12.009375, -5.839975], [12.009375, -5.840662], [12.010748, -5.840662], [12.010748, -5.839975], [12.010062, -5.839975], [12.010062, -5.836542], [12.009375, -5.836542], [12.009375, -5.835855], [12.010748, -5.835855], [12.010748, -5.836542], [12.011435, -5.836542], [12.011435, -5.840662], [12.012122, -5.840662], [12.012122, -5.841348], [12.014182, -5.841348], [12.014182, -5.840662], [12.014868, -5.840662], [12.014868, -5.839975], [12.015555, -5.839975], [12.015555, -5.840662], [12.016241, -5.840662], [12.016241, -5.842035], [12.016928, -5.842035], [12.016928, -5.842722], [12.019675, -5.842722], [12.019675, -5.842035], [12.020361, -5.842035], [12.020361, -5.842722], [12.021048, -5.842722], [12.021048, -5.843408], [12.021735, -5.843408], [12.021735, -5.844781], [12.023108, -5.844781], [12.023108, -5.844095], [12.025854, -5.844095], [12.025854, -5.843408], [12.026541, -5.843408], [12.026541, -5.842035], [12.027228, -5.842035], [12.027228, -5.843408], [12.029288, -5.843408], [12.029288, -5.844095], [12.030661, -5.844095], [12.030661, -5.844781], [12.032721, -5.844781], [12.032721, -5.845468], [12.033408, -5.845468], [12.033408, -5.846155], [12.035468, -5.846155], [12.035468, -5.846841], [12.036841, -5.846841], [12.036841, -5.848215], [12.038214, -5.848215], [12.038214, -5.848901], [12.038901, -5.848901], [12.038901, -5.848215], [12.040961, -5.848215], [12.040961, -5.848901], [12.044394, -5.848901], [12.044394, -5.850275], [12.045081, -5.850275], [12.045081, -5.850961], [12.046454, -5.850961], [12.046454, -5.851648], [12.047141, -5.851648], [12.047141, -5.850961], [12.048514, -5.850961], [12.048514, -5.851648], [12.049887, -5.851648], [12.049887, -5.852335], [12.050574, -5.852335], [12.050574, -5.853021], [12.051947, -5.853021], [12.051947, -5.853708], [12.050574, -5.853708], [12.050574, -5.856454], [12.05126, -5.856454], [12.05126, -5.857828], [12.050574, -5.857828], [12.050574, -5.858514], [12.05126, -5.858514], [12.05126, -5.859888], [12.051947, -5.859888], [12.051947, -5.860574], [12.05332, -5.860574], [12.05332, -5.859888], [12.05538, -5.859888], [12.05538, -5.861261], [12.054694, -5.861261], [12.054694, -5.861948], [12.05538, -5.861948], [12.05538, -5.862634], [12.05744, -5.862634], [12.05744, -5.861948], [12.058127, -5.861948], [12.058127, -5.860574], [12.058813, -5.860574], [12.058813, -5.861261], [12.0595, -5.861261], [12.0595, -5.860574], [12.060187, -5.860574], [12.060187, -5.858514], [12.060873, -5.858514], [12.060873, -5.857828], [12.062247, -5.857828], [12.062247, -5.857141], [12.060873, -5.857141], [12.060873, -5.856454], [12.060187, -5.856454], [12.060187, -5.855081], [12.0595, -5.855081], [12.0595, -5.854395], [12.060187, -5.854395], [12.060187, -5.853708], [12.062247, -5.853708], [12.062247, -5.854395], [12.062933, -5.854395], [12.062933, -5.855081], [12.06362, -5.855081], [12.06362, -5.856454], [12.064993, -5.856454], [12.064993, -5.855081], [12.064307, -5.855081], [12.064307, -5.854395], [12.066367, -5.854395], [12.066367, -5.853708], [12.067053, -5.853708], [12.067053, -5.854395], [12.068427, -5.854395], [12.068427, -5.855768], [12.069113, -5.855768], [12.069113, -5.857141], [12.0698, -5.857141], [12.0698, -5.861261], [12.069113, -5.861261], [12.069113, -5.860574], [12.067053, -5.860574], [12.067053, -5.861948], [12.06568, -5.861948], [12.06568, -5.862634], [12.064993, -5.862634], [12.064993, -5.863321], [12.06568, -5.863321], [12.06568, -5.864694], [12.064993, -5.864694], [12.064993, -5.865381], [12.064307, -5.865381], [12.064307, -5.866068], [12.06362, -5.866068], [12.06362, -5.866754], [12.062933, -5.866754], [12.062933, -5.870187], [12.06362, -5.870187], [12.06362, -5.870874], [12.064307, -5.870874], [12.064307, -5.871561], [12.06362, -5.871561], [12.06362, -5.872247], [12.064307, -5.872247], [12.064307, -5.872934], [12.06568, -5.872934], [12.06568, -5.872247], [12.066367, -5.872247], [12.066367, -5.872934], [12.067053, -5.872934], [12.067053, -5.873621], [12.066367, -5.873621], [12.066367, -5.874307], [12.064993, -5.874307], [12.064993, -5.874994], [12.06362, -5.874994], [12.06362, -5.875681], [12.067053, -5.875681], [12.067053, -5.877054], [12.06774, -5.877054], [12.06774, -5.87774], [12.068427, -5.87774], [12.068427, -5.878427], [12.069113, -5.878427], [12.069113, -5.87774], [12.0698, -5.87774], [12.0698, -5.877054], [12.071173, -5.877054], [12.071173, -5.878427], [12.07392, -5.878427], [12.07392, -5.87774], [12.075293, -5.87774], [12.075293, -5.878427], [12.07598, -5.878427], [12.07598, -5.879114], [12.077353, -5.879114], [12.077353, -5.880487], [12.07804, -5.880487], [12.07804, -5.88186], [12.079413, -5.88186], [12.079413, -5.882547], [12.080786, -5.882547], [12.080786, -5.88186], [12.081473, -5.88186], [12.081473, -5.882547], [12.082846, -5.882547], [12.082846, -5.883234], [12.084906, -5.883234], [12.084906, -5.88392], [12.084219, -5.88392], [12.084219, -5.884607], [12.084906, -5.884607], [12.084906, -5.885294], [12.086279, -5.885294], [12.086279, -5.88598], [12.089026, -5.88598], [12.089026, -5.886667], [12.095206, -5.886667], [12.095206, -5.887354], [12.094519, -5.887354], [12.094519, -5.88804], [12.095206, -5.88804], [12.095206, -5.889413], [12.095892, -5.889413], [12.095892, -5.8901], [12.097952, -5.8901], [12.097952, -5.890787], [12.098639, -5.890787], [12.098639, -5.891473], [12.100012, -5.891473], [12.100012, -5.890787], [12.102072, -5.890787], [12.102072, -5.891473], [12.102759, -5.891473], [12.102759, -5.89216], [12.104819, -5.89216], [12.104819, -5.892847], [12.106192, -5.892847], [12.106192, -5.893533], [12.107565, -5.893533], [12.107565, -5.894907], [12.109625, -5.894907], [12.109625, -5.893533], [12.110312, -5.893533], [12.110312, -5.894907], [12.110999, -5.894907], [12.110999, -5.895593], [12.112372, -5.895593], [12.112372, -5.896967], [12.110312, -5.896967], [12.110312, -5.897653], [12.108252, -5.897653], [12.108252, -5.896967], [12.107565, -5.896967], [12.107565, -5.89628], [12.106192, -5.89628], [12.106192, -5.896967], [12.106879, -5.896967], [12.106879, -5.897653], [12.107565, -5.897653], [12.107565, -5.899026], [12.108252, -5.899026], [12.108252, -5.899713], [12.106879, -5.899713], [12.106879, -5.899026], [12.105505, -5.899026], [12.105505, -5.89834], [12.104819, -5.89834], [12.104819, -5.897653], [12.104132, -5.897653], [12.104132, -5.896967], [12.104819, -5.896967], [12.104819, -5.895593], [12.104132, -5.895593], [12.104132, -5.894907], [12.102072, -5.894907], [12.102072, -5.895593], [12.100012, -5.895593], [12.100012, -5.894907], [12.099326, -5.894907], [12.099326, -5.89422], [12.098639, -5.89422], [12.098639, -5.893533], [12.097266, -5.893533], [12.097266, -5.89216], [12.096579, -5.89216], [12.096579, -5.891473], [12.095892, -5.891473], [12.095892, -5.89216], [12.095206, -5.89216], [12.095206, -5.894907], [12.094519, -5.894907], [12.094519, -5.89216], [12.093146, -5.89216], [12.093146, -5.891473], [12.092459, -5.891473], [12.092459, -5.89216], [12.091772, -5.89216], [12.091772, -5.891473], [12.091086, -5.891473], [12.091086, -5.889413], [12.089713, -5.889413], [12.089713, -5.8901], [12.089026, -5.8901], [12.089026, -5.889413], [12.086966, -5.889413], [12.086966, -5.8901], [12.086279, -5.8901], [12.086279, -5.890787], [12.085593, -5.890787], [12.085593, -5.8901], [12.084906, -5.8901], [12.084906, -5.888727], [12.083533, -5.888727], [12.083533, -5.889413], [12.082159, -5.889413], [12.082159, -5.888727], [12.080786, -5.888727], [12.080786, -5.889413], [12.079413, -5.889413], [12.079413, -5.888727], [12.078726, -5.888727], [12.078726, -5.887354], [12.076666, -5.887354], [12.076666, -5.886667], [12.07598, -5.886667], [12.07598, -5.887354], [12.07392, -5.887354], [12.07392, -5.886667], [12.071173, -5.886667], [12.071173, -5.88598], [12.070486, -5.88598], [12.070486, -5.886667], [12.06774, -5.886667], [12.06774, -5.88598], [12.06568, -5.88598], [12.06568, -5.885294], [12.064307, -5.885294], [12.064307, -5.884607], [12.060873, -5.884607], [12.060873, -5.88392], [12.060187, -5.88392], [12.060187, -5.883234], [12.058813, -5.883234], [12.058813, -5.882547], [12.056754, -5.882547], [12.056754, -5.88186], [12.054694, -5.88186], [12.054694, -5.880487], [12.052634, -5.880487], [12.052634, -5.8798], [12.050574, -5.8798], [12.050574, -5.879114], [12.0492, -5.879114], [12.0492, -5.878427], [12.047827, -5.878427], [12.047827, -5.879114], [12.046454, -5.879114], [12.046454, -5.876367], [12.045081, -5.876367], [12.045081, -5.877054], [12.043021, -5.877054], [12.043021, -5.876367], [12.041647, -5.876367], [12.041647, -5.877054], [12.040961, -5.877054], [12.040961, -5.875681], [12.040274, -5.875681], [12.040274, -5.874994], [12.036841, -5.874994], [12.036841, -5.874307], [12.034781, -5.874307], [12.034781, -5.873621], [12.034094, -5.873621], [12.034094, -5.872934], [12.031348, -5.872934], [12.031348, -5.871561], [12.030661, -5.871561], [12.030661, -5.872247], [12.029288, -5.872247], [12.029288, -5.871561], [12.028601, -5.871561], [12.028601, -5.870874], [12.026541, -5.870874], [12.026541, -5.870187], [12.025168, -5.870187], [12.025168, -5.870874], [12.024481, -5.870874], [12.024481, -5.870187], [12.023108, -5.870187], [12.023108, -5.870874], [12.020361, -5.870874], [12.020361, -5.870187], [12.019675, -5.870187], [12.019675, -5.869501], [12.018988, -5.869501], [12.018988, -5.870187], [12.018301, -5.870187], [12.018301, -5.869501], [12.017615, -5.869501], [12.017615, -5.870187], [12.016928, -5.870187], [12.016928, -5.869501], [12.014868, -5.869501], [12.014868, -5.868127], [12.014182, -5.868127], [12.014182, -5.867441], [12.013495, -5.867441], [12.013495, -5.868127], [12.012808, -5.868127], [12.012808, -5.867441], [12.012122, -5.867441], [12.012122, -5.866754], [12.011435, -5.866754], [12.011435, -5.866068], [12.007315, -5.866068], [12.007315, -5.864694], [12.005255, -5.864694], [12.005255, -5.864008], [12.004568, -5.864008], [12.004568, -5.863321], [12.003195, -5.863321], [12.003195, -5.864008], [12.001822, -5.864008], [12.001822, -5.863321], [12.000449, -5.863321], [12.000449, -5.862634], [11.999075, -5.862634], [11.999075, -5.863321], [11.998389, -5.863321], [11.998389, -5.862634], [11.997702, -5.862634], [11.997702, -5.861948], [11.995642, -5.861948], [11.995642, -5.861261], [11.994955, -5.861261], [11.994955, -5.859888], [11.994269, -5.859888], [11.994269, -5.858514], [11.991522, -5.858514], [11.991522, -5.857828], [11.988776, -5.857828], [11.988776, -5.855768], [11.986716, -5.855768], [11.986716, -5.856454], [11.985342, -5.856454], [11.985342, -5.855768], [11.986029, -5.855768], [11.986029, -5.855081], [11.984656, -5.855081], [11.984656, -5.855768], [11.983282, -5.855768], [11.983282, -5.856454], [11.981909, -5.856454], [11.981909, -5.855768], [11.981223, -5.855768], [11.981223, -5.853708], [11.979163, -5.853708], [11.979163, -5.853021], [11.978476, -5.853021], [11.978476, -5.852335], [11.976416, -5.852335], [11.976416, -5.851648], [11.974356, -5.851648], [11.974356, -5.850961], [11.973669, -5.850961], [11.973669, -5.849588], [11.972983, -5.849588], [11.972983, -5.848901], [11.96955, -5.848901], [11.96955, -5.848215], [11.968863, -5.848215], [11.968863, -5.847528], [11.96749, -5.847528], [11.96749, -5.846841], [11.964056, -5.846841], [11.964056, -5.847528], [11.96337, -5.847528], [11.96337, -5.846841], [11.962683, -5.846841], [11.962683, -5.846155], [11.959937, -5.846155], [11.959937, -5.846841], [11.957877, -5.846841], [11.957877, -5.846155], [11.956503, -5.846155], [11.956503, -5.845468], [11.95513, -5.845468], [11.95513, -5.844781], [11.951697, -5.844781], [11.951697, -5.844095], [11.95101, -5.844095], [11.95101, -5.844781], [11.950323, -5.844781], [11.950323, -5.844095], [11.949637, -5.844095], [11.949637, -5.843408], [11.94895, -5.843408], [11.94895, -5.844095], [11.947577, -5.844095], [11.947577, -5.843408], [11.94689, -5.843408], [11.94689, -5.842035], [11.946204, -5.842035], [11.946204, -5.841348], [11.945517, -5.841348], [11.945517, -5.839288], [11.94483, -5.839288], [11.94483, -5.838602], [11.943457, -5.838602], [11.943457, -5.837915], [11.942084, -5.837915], [11.942084, -5.837228], [11.941397, -5.837228], [11.941397, -5.836542], [11.937277, -5.836542], [11.937277, -5.835855], [11.933157, -5.835855], [11.933157, -5.835168], [11.932471, -5.835168], [11.932471, -5.834482], [11.931784, -5.834482], [11.931784, -5.833109], [11.928351, -5.833109], [11.928351, -5.832422], [11.927664, -5.832422], [11.927664, -5.831735], [11.924918, -5.831735], [11.924918, -5.831049], [11.924231, -5.831049], [11.924231, -5.832422], [11.923544, -5.832422], [11.923544, -5.831735], [11.922171, -5.831735], [11.922171, -5.831049], [11.921484, -5.831049], [11.921484, -5.831735], [11.920111, -5.831735], [11.920111, -5.832422], [11.916678, -5.832422], [11.916678, -5.831735], [11.915991, -5.831735], [11.915991, -5.831049], [11.915305, -5.831049], [11.915305, -5.830362], [11.914618, -5.830362], [11.914618, -5.829675], [11.913931, -5.829675], [11.913931, -5.828989], [11.912558, -5.828989], [11.912558, -5.828302], [11.909811, -5.828302], [11.909811, -5.827615], [11.908438, -5.827615], [11.908438, -5.826929], [11.906378, -5.826929], [11.906378, -5.826242], [11.904318, -5.826242], [11.904318, -5.825555], [11.902945, -5.825555], [11.902945, -5.824869], [11.902258, -5.824869], [11.902258, -5.824182], [11.900198, -5.824182], [11.900198, -5.823495], [11.898825, -5.823495], [11.898825, -5.822809], [11.897452, -5.822809], [11.897452, -5.821436], [11.894705, -5.821436], [11.894705, -5.820749], [11.894019, -5.820749], [11.894019, -5.820062], [11.893332, -5.820062], [11.893332, -5.819376], [11.892645, -5.819376], [11.892645, -5.818689], [11.890585, -5.818689], [11.890585, -5.817316], [11.889212, -5.817316], [11.889212, -5.816629], [11.887839, -5.816629], [11.887839, -5.815256], [11.887152, -5.815256], [11.887152, -5.814569], [11.885092, -5.814569], [11.885092, -5.813882], [11.883719, -5.813882], [11.883719, -5.813196], [11.881659, -5.813196], [11.881659, -5.812509], [11.880972, -5.812509], [11.880972, -5.811823], [11.878226, -5.811823], [11.878226, -5.811136], [11.876166, -5.811136], [11.876166, -5.811823], [11.874792, -5.811823], [11.874792, -5.811136], [11.873419, -5.811136], [11.873419, -5.811823], [11.872733, -5.811823], [11.872733, -5.811136], [11.872046, -5.811136], [11.872046, -5.810449], [11.870673, -5.810449], [11.870673, -5.809763], [11.869986, -5.809763], [11.869986, -5.809076], [11.869299, -5.809076], [11.869299, -5.807703], [11.867926, -5.807703], [11.867926, -5.806329], [11.867239, -5.806329], [11.867239, -5.805643], [11.866553, -5.805643], [11.866553, -5.803583], [11.861746, -5.803583], [11.861746, -5.802896], [11.86312, -5.802896], [11.86312, -5.802209], [11.859, -5.802209], [11.859, -5.801523], [11.858313, -5.801523], [11.858313, -5.802209], [11.857626, -5.802209], [11.857626, -5.801523], [11.85282, -5.801523], [11.85282, -5.800836], [11.850073, -5.800836], [11.850073, -5.801523], [11.849387, -5.801523], [11.849387, -5.800836], [11.841833, -5.800836], [11.841833, -5.801523], [11.837027, -5.801523], [11.837027, -5.802209], [11.839087, -5.802209], [11.839087, -5.802896], [11.837714, -5.802896], [11.837714, -5.803583], [11.83634, -5.803583], [11.83634, -5.802209], [11.834967, -5.802209], [11.834967, -5.801523], [11.833594, -5.801523], [11.833594, -5.802209], [11.832907, -5.802209], [11.832907, -5.801523], [11.829474, -5.801523], [11.829474, -5.80015], [11.830161, -5.80015], [11.830161, -5.799463], [11.831534, -5.799463], [11.831534, -5.796716], [11.829474, -5.796716], [11.829474, -5.79603], [11.828787, -5.79603], [11.828787, -5.796716], [11.828101, -5.796716], [11.828101, -5.798776], [11.826727, -5.798776], [11.826727, -5.79809], [11.825354, -5.79809], [11.825354, -5.797403], [11.821921, -5.797403], [11.821921, -5.79603], [11.818488, -5.79603], [11.818488, -5.796716], [11.815741, -5.796716], [11.815741, -5.79809], [11.812994, -5.79809], [11.812994, -5.796716], [11.812308, -5.796716], [11.812308, -5.797403], [11.811621, -5.797403], [11.811621, -5.79809], [11.810934, -5.79809], [11.810934, -5.798776], [11.810248, -5.798776], [11.810248, -5.799463], [11.809561, -5.799463], [11.809561, -5.80015], [11.808875, -5.80015], [11.808875, -5.798776], [11.807501, -5.798776], [11.807501, -5.80015], [11.806128, -5.80015], [11.806128, -5.801523], [11.805441, -5.801523], [11.805441, -5.800836], [11.804755, -5.800836], [11.804755, -5.80015], [11.802695, -5.80015], [11.802695, -5.799463], [11.802008, -5.799463], [11.802008, -5.79809], [11.800635, -5.79809], [11.800635, -5.799463], [11.799261, -5.799463], [11.799261, -5.800836], [11.798575, -5.800836], [11.798575, -5.80015], [11.797888, -5.80015], [11.797888, -5.799463], [11.795828, -5.799463], [11.795828, -5.798776], [11.795142, -5.798776], [11.795142, -5.80015], [11.789648, -5.80015], [11.789648, -5.799463], [11.788962, -5.799463], [11.788962, -5.798776], [11.788275, -5.798776], [11.788275, -5.799463], [11.785529, -5.799463], [11.785529, -5.798776], [11.784155, -5.798776], [11.784155, -5.799463], [11.782782, -5.799463], [11.782782, -5.80015], [11.782095, -5.80015], [11.782095, -5.798776], [11.782782, -5.798776], [11.782782, -5.79809], [11.783469, -5.79809], [11.783469, -5.797403], [11.784155, -5.797403], [11.784155, -5.796716], [11.784842, -5.796716], [11.784842, -5.79603], [11.786215, -5.79603], [11.786215, -5.795343], [11.784155, -5.795343], [11.784155, -5.794656], [11.781409, -5.794656], [11.781409, -5.79603], [11.780035, -5.79603], [11.780035, -5.797403], [11.779349, -5.797403], [11.779349, -5.796716], [11.777975, -5.796716], [11.777975, -5.797403], [11.775916, -5.797403], [11.775916, -5.798776], [11.774542, -5.798776], [11.774542, -5.799463], [11.775229, -5.799463], [11.775229, -5.80015], [11.775916, -5.80015], [11.775916, -5.800836], [11.777975, -5.800836], [11.777975, -5.80015], [11.778662, -5.80015], [11.778662, -5.800836], [11.779349, -5.800836], [11.779349, -5.802209], [11.776602, -5.802209], [11.776602, -5.801523], [11.773856, -5.801523], [11.773856, -5.800836], [11.771796, -5.800836], [11.771796, -5.80015], [11.771109, -5.80015], [11.771109, -5.800836], [11.769736, -5.800836], [11.769736, -5.801523], [11.766302, -5.801523], [11.766302, -5.803583], [11.762869, -5.803583], [11.762869, -5.804269], [11.762183, -5.804269], [11.762183, -5.803583], [11.758063, -5.803583], [11.758063, -5.800836], [11.757376, -5.800836], [11.757376, -5.80015], [11.758063, -5.80015], [11.758063, -5.799463], [11.756689, -5.799463], [11.756689, -5.798776], [11.756003, -5.798776], [11.756003, -5.79809], [11.755316, -5.79809], [11.755316, -5.797403], [11.75257, -5.797403], [11.75257, -5.796716], [11.749823, -5.796716], [11.749823, -5.79603], [11.747763, -5.79603], [11.747763, -5.796716], [11.747076, -5.796716], [11.747076, -5.797403], [11.745703, -5.797403], [11.745703, -5.798776], [11.745016, -5.798776], [11.745016, -5.79809], [11.74433, -5.79809], [11.74433, -5.799463], [11.743643, -5.799463], [11.743643, -5.800836], [11.74433, -5.800836], [11.74433, -5.801523], [11.745016, -5.801523], [11.745016, -5.800836], [11.745703, -5.800836], [11.745703, -5.802896], [11.745016, -5.802896], [11.745016, -5.804269], [11.743643, -5.804269], [11.743643, -5.804956], [11.74227, -5.804956], [11.74227, -5.802896], [11.741583, -5.802896], [11.741583, -5.804269], [11.74021, -5.804269], [11.74021, -5.803583], [11.739523, -5.803583], [11.739523, -5.804269], [11.738837, -5.804269], [11.738837, -5.804956], [11.736777, -5.804956], [11.736777, -5.805643], [11.735403, -5.805643], [11.735403, -5.806329], [11.734717, -5.806329], [11.734717, -5.808389], [11.733344, -5.808389], [11.733344, -5.809076], [11.732657, -5.809076], [11.732657, -5.808389], [11.73197, -5.808389], [11.73197, -5.807703], [11.731284, -5.807703], [11.731284, -5.806329], [11.730597, -5.806329], [11.730597, -5.807016], [11.72991, -5.807016], [11.72991, -5.807703], [11.729224, -5.807703], [11.729224, -5.809076], [11.730597, -5.809076], [11.730597, -5.809763], [11.728537, -5.809763], [11.728537, -5.810449], [11.72785, -5.810449], [11.72785, -5.811136], [11.726477, -5.811136], [11.726477, -5.810449], [11.72579, -5.810449], [11.72579, -5.811136], [11.724417, -5.811136], [11.724417, -5.811823], [11.72373, -5.811823], [11.72373, -5.811136], [11.722357, -5.811136], [11.722357, -5.811823], [11.721671, -5.811823], [11.721671, -5.812509], [11.720297, -5.812509], [11.720297, -5.813196], [11.718924, -5.813196], [11.718924, -5.813882], [11.718237, -5.813882], [11.718237, -5.814569], [11.714804, -5.814569], [11.714804, -5.815256], [11.716177, -5.815256], [11.716177, -5.816629], [11.716864, -5.816629], [11.716864, -5.817316], [11.714117, -5.817316], [11.714117, -5.819376], [11.713431, -5.819376], [11.713431, -5.820749], [11.712744, -5.820749], [11.712744, -5.822809], [11.710684, -5.822809], [11.710684, -5.822122], [11.709998, -5.822122], [11.709998, -5.821436], [11.707938, -5.821436], [11.707938, -5.820749], [11.707251, -5.820749], [11.707251, -5.821436], [11.703818, -5.821436], [11.703818, -5.822122], [11.704504, -5.822122], [11.704504, -5.824182], [11.703818, -5.824182], [11.703818, -5.823495], [11.702444, -5.823495], [11.702444, -5.824182], [11.701071, -5.824182], [11.701071, -5.823495], [11.699698, -5.823495], [11.699698, -5.824182], [11.699011, -5.824182], [11.699011, -5.823495], [11.697638, -5.823495], [11.697638, -5.822809], [11.695578, -5.822809], [11.695578, -5.823495], [11.694891, -5.823495], [11.694891, -5.824182], [11.694205, -5.824182], [11.694205, -5.824869], [11.691458, -5.824869], [11.691458, -5.826929], [11.690771, -5.826929], [11.690771, -5.826242], [11.690085, -5.826242], [11.690085, -5.825555], [11.688712, -5.825555], [11.688712, -5.824869], [11.685965, -5.824869], [11.685965, -5.826929], [11.686652, -5.826929], [11.686652, -5.827615], [11.685278, -5.827615], [11.685278, -5.828989], [11.684592, -5.828989], [11.684592, -5.829675], [11.683218, -5.829675], [11.683218, -5.830362], [11.681845, -5.830362], [11.681845, -5.831049], [11.680472, -5.831049], [11.680472, -5.832422], [11.679785, -5.832422], [11.679785, -5.833795], [11.679099, -5.833795], [11.679099, -5.833109], [11.678412, -5.833109], [11.678412, -5.831049], [11.677039, -5.831049], [11.677039, -5.831735], [11.676352, -5.831735], [11.676352, -5.835168], [11.675665, -5.835168], [11.675665, -5.836542], [11.676352, -5.836542], [11.676352, -5.837228], [11.675665, -5.837228], [11.675665, -5.837915], [11.674979, -5.837915], [11.674979, -5.838602], [11.674292, -5.838602], [11.674292, -5.839288], [11.673605, -5.839288], [11.673605, -5.840662], [11.672919, -5.840662], [11.672919, -5.841348], [11.672232, -5.841348], [11.672232, -5.842722], [11.671545, -5.842722], [11.671545, -5.843408], [11.667426, -5.843408], [11.667426, -5.844095], [11.666739, -5.844095], [11.666739, -5.846155], [11.666052, -5.846155], [11.666052, -5.846841], [11.665366, -5.846841], [11.665366, -5.847528], [11.664679, -5.847528], [11.664679, -5.848901], [11.663992, -5.848901], [11.663992, -5.849588], [11.662619, -5.849588], [11.662619, -5.850961], [11.661246, -5.850961], [11.661246, -5.852335], [11.659872, -5.852335], [11.659872, -5.850961], [11.660559, -5.850961], [11.660559, -5.849588], [11.659872, -5.849588], [11.659872, -5.848215], [11.660559, -5.848215], [11.660559, -5.846841], [11.661246, -5.846841], [11.661246, -5.846155], [11.661932, -5.846155], [11.661932, -5.845468], [11.662619, -5.845468], [11.662619, -5.844781], [11.663306, -5.844781], [11.663306, -5.843408], [11.665366, -5.843408], [11.665366, -5.839975], [11.664679, -5.839975], [11.664679, -5.839288], [11.663992, -5.839288], [11.663992, -5.839975], [11.663306, -5.839975], [11.663306, -5.840662], [11.661932, -5.840662], [11.661932, -5.841348], [11.660559, -5.841348], [11.660559, -5.842035], [11.659872, -5.842035], [11.659872, -5.842722], [11.659186, -5.842722], [11.659186, -5.844095], [11.658499, -5.844095], [11.658499, -5.846155], [11.657812, -5.846155], [11.657812, -5.846841], [11.657126, -5.846841], [11.657126, -5.846155], [11.655753, -5.846155], [11.655753, -5.846841], [11.656439, -5.846841], [11.656439, -5.848901], [11.655753, -5.848901], [11.655753, -5.848215], [11.654379, -5.848215], [11.654379, -5.848901], [11.653693, -5.848901], [11.653693, -5.849588], [11.653006, -5.849588], [11.653006, -5.850275], [11.651633, -5.850275], [11.651633, -5.854395], [11.650946, -5.854395], [11.650946, -5.855081], [11.650259, -5.855081], [11.650259, -5.856454], [11.649573, -5.856454], [11.649573, -5.858514], [11.648886, -5.858514], [11.648886, -5.859201], [11.648199, -5.859201], [11.648199, -5.860574], [11.647513, -5.860574], [11.647513, -5.861948], [11.646826, -5.861948], [11.646826, -5.864694], [11.645453, -5.864694], [11.645453, -5.868814], [11.64408, -5.868814], [11.64408, -5.869501], [11.643393, -5.869501], [11.643393, -5.865381], [11.642706, -5.865381], [11.642706, -5.864008], [11.643393, -5.864008], [11.643393, -5.861948], [11.64202, -5.861948], [11.64202, -5.863321], [11.641333, -5.863321], [11.641333, -5.864008], [11.63996, -5.864008], [11.63996, -5.863321], [11.640646, -5.863321], [11.640646, -5.861261], [11.64202, -5.861261], [11.64202, -5.860574], [11.642706, -5.860574], [11.642706, -5.859201], [11.643393, -5.859201], [11.643393, -5.858514], [11.645453, -5.858514], [11.645453, -5.857141], [11.64614, -5.857141], [11.64614, -5.856454], [11.646826, -5.856454], [11.646826, -5.855768], [11.64614, -5.855768], [11.64614, -5.854395], [11.647513, -5.854395], [11.647513, -5.853021], [11.648199, -5.853021], [11.648199, -5.851648], [11.650259, -5.851648], [11.650259, -5.850275], [11.650946, -5.850275], [11.650946, -5.848901], [11.650259, -5.848901], [11.650259, -5.848215], [11.649573, -5.848215], [11.649573, -5.847528], [11.648199, -5.847528], [11.648199, -5.848215], [11.646826, -5.848215], [11.646826, -5.850275], [11.64614, -5.850275], [11.64614, -5.850961], [11.645453, -5.850961], [11.645453, -5.851648], [11.644766, -5.851648], [11.644766, -5.852335], [11.643393, -5.852335], [11.643393, -5.853021], [11.64202, -5.853021], [11.64202, -5.852335], [11.641333, -5.852335], [11.641333, -5.853021], [11.63996, -5.853021], [11.63996, -5.853708], [11.639273, -5.853708], [11.639273, -5.854395], [11.638586, -5.854395], [11.638586, -5.855768], [11.6379, -5.855768], [11.6379, -5.857141], [11.637213, -5.857141], [11.637213, -5.857828], [11.636526, -5.857828], [11.636526, -5.858514], [11.63584, -5.858514], [11.63584, -5.859888], [11.635153, -5.859888], [11.635153, -5.860574], [11.634467, -5.860574], [11.634467, -5.861261], [11.63584, -5.861261], [11.63584, -5.860574], [11.636526, -5.860574], [11.636526, -5.863321], [11.634467, -5.863321], [11.634467, -5.864008], [11.63378, -5.864008], [11.63378, -5.862634], [11.632407, -5.862634], [11.632407, -5.861948], [11.63172, -5.861948], [11.63172, -5.861261], [11.631033, -5.861261], [11.631033, -5.860574], [11.630347, -5.860574], [11.630347, -5.859888], [11.628973, -5.859888], [11.628973, -5.858514], [11.630347, -5.858514], [11.630347, -5.857828], [11.63172, -5.857828], [11.63172, -5.857141], [11.633093, -5.857141], [11.633093, -5.853708], [11.63378, -5.853708], [11.63378, -5.852335], [11.633093, -5.852335], [11.633093, -5.853021], [11.63172, -5.853021], [11.63172, -5.853708], [11.630347, -5.853708], [11.630347, -5.855768], [11.62966, -5.855768], [11.62966, -5.857828], [11.6276, -5.857828], [11.6276, -5.858514], [11.626227, -5.858514], [11.626227, -5.857828], [11.624167, -5.857828], [11.624167, -5.857141], [11.62348, -5.857141], [11.62348, -5.857828], [11.622107, -5.857828], [11.622107, -5.856454], [11.620047, -5.856454], [11.620047, -5.857141], [11.61936, -5.857141], [11.61936, -5.857828], [11.618674, -5.857828], [11.618674, -5.858514], [11.6173, -5.858514], [11.6173, -5.857828], [11.617987, -5.857828], [11.617987, -5.856454], [11.61936, -5.856454], [11.61936, -5.855768], [11.620047, -5.855768], [11.620047, -5.855081], [11.620734, -5.855081], [11.620734, -5.853708], [11.622107, -5.853708], [11.622107, -5.852335], [11.622794, -5.852335], [11.622794, -5.850961], [11.62348, -5.850961], [11.62348, -5.850275], [11.624167, -5.850275], [11.624167, -5.849588], [11.624854, -5.849588], [11.624854, -5.848215], [11.624167, -5.848215], [11.624167, -5.848901], [11.62348, -5.848901], [11.62348, -5.849588], [11.622794, -5.849588], [11.622794, -5.850275], [11.622107, -5.850275], [11.622107, -5.850961], [11.62142, -5.850961], [11.62142, -5.851648], [11.620734, -5.851648], [11.620734, -5.852335], [11.620047, -5.852335], [11.620047, -5.850961], [11.620734, -5.850961], [11.620734, -5.849588], [11.62142, -5.849588], [11.62142, -5.848901], [11.622107, -5.848901], [11.622107, -5.848215], [11.622794, -5.848215], [11.622794, -5.847528], [11.62348, -5.847528], [11.62348, -5.846155], [11.624854, -5.846155], [11.624854, -5.845468], [11.62554, -5.845468], [11.62554, -5.843408], [11.626913, -5.843408], [11.626913, -5.844781], [11.628287, -5.844781], [11.628287, -5.843408], [11.62966, -5.843408], [11.62966, -5.838602], [11.628973, -5.838602], [11.628973, -5.837915], [11.626913, -5.837915], [11.626913, -5.837228], [11.6276, -5.837228], [11.6276, -5.835855], [11.626913, -5.835855], [11.626913, -5.836542], [11.62554, -5.836542], [11.62554, -5.837228], [11.622794, -5.837228], [11.622794, -5.837915], [11.622107, -5.837915], [11.622107, -5.839288], [11.62142, -5.839288], [11.62142, -5.840662], [11.622107, -5.840662], [11.622107, -5.841348], [11.622794, -5.841348], [11.622794, -5.842722], [11.61936, -5.842722], [11.61936, -5.843408], [11.617987, -5.843408], [11.617987, -5.844095], [11.6173, -5.844095], [11.6173, -5.845468], [11.616614, -5.845468], [11.616614, -5.846155], [11.61524, -5.846155], [11.61524, -5.847528], [11.614554, -5.847528], [11.614554, -5.848215], [11.613867, -5.848215], [11.613867, -5.848901], [11.613181, -5.848901], [11.613181, -5.850275], [11.612494, -5.850275], [11.612494, -5.850961], [11.611807, -5.850961], [11.611807, -5.851648], [11.611121, -5.851648], [11.611121, -5.852335], [11.610434, -5.852335], [11.610434, -5.853021], [11.609747, -5.853021], [11.609747, -5.854395], [11.608374, -5.854395], [11.608374, -5.857141], [11.607687, -5.857141], [11.607687, -5.857828], [11.606314, -5.857828], [11.606314, -5.856454], [11.604254, -5.856454], [11.604254, -5.857828], [11.603568, -5.857828], [11.603568, -5.857141], [11.602881, -5.857141], [11.602881, -5.856454], [11.601508, -5.856454], [11.601508, -5.857828], [11.600821, -5.857828], [11.600821, -5.858514], [11.600134, -5.858514], [11.600134, -5.859201], [11.598761, -5.859201], [11.598761, -5.858514], [11.599448, -5.858514], [11.599448, -5.857141], [11.600134, -5.857141], [11.600134, -5.855768], [11.600821, -5.855768], [11.600821, -5.854395], [11.599448, -5.854395], [11.599448, -5.855768], [11.598761, -5.855768], [11.598761, -5.857141], [11.597388, -5.857141], [11.597388, -5.856454], [11.596701, -5.856454], [11.596701, -5.853708], [11.598761, -5.853708], [11.598761, -5.851648], [11.597388, -5.851648], [11.597388, -5.852335], [11.596014, -5.852335], [11.596014, -5.851648], [11.596701, -5.851648], [11.596701, -5.850961], [11.597388, -5.850961], [11.597388, -5.850275], [11.598074, -5.850275], [11.598074, -5.849588], [11.598761, -5.849588], [11.598761, -5.848901], [11.599448, -5.848901], [11.599448, -5.848215], [11.600134, -5.848215], [11.600134, -5.847528], [11.600821, -5.847528], [11.600821, -5.846155], [11.601508, -5.846155], [11.601508, -5.844781], [11.602194, -5.844781], [11.602194, -5.844095], [11.602881, -5.844095], [11.602881, -5.842722], [11.603568, -5.842722], [11.603568, -5.841348], [11.604254, -5.841348], [11.604254, -5.840662], [11.604941, -5.840662], [11.604941, -5.839975], [11.605627, -5.839975], [11.605627, -5.839288], [11.606314, -5.839288], [11.606314, -5.837915], [11.608374, -5.837915], [11.608374, -5.837228], [11.609061, -5.837228], [11.609061, -5.834482], [11.608374, -5.834482], [11.608374, -5.833109], [11.607687, -5.833109], [11.607687, -5.831735], [11.609061, -5.831735], [11.609061, -5.831049], [11.610434, -5.831049], [11.610434, -5.830362], [11.611121, -5.830362], [11.611121, -5.829675], [11.610434, -5.829675], [11.610434, -5.828302], [11.611807, -5.828302], [11.611807, -5.827615], [11.612494, -5.827615], [11.612494, -5.826929], [11.611807, -5.826929], [11.611807, -5.824869], [11.612494, -5.824869], [11.612494, -5.824182], [11.608374, -5.824182], [11.608374, -5.824869], [11.607001, -5.824869], [11.607001, -5.826242], [11.607687, -5.826242], [11.607687, -5.826929], [11.606314, -5.826929], [11.606314, -5.826242], [11.604254, -5.826242], [11.604254, -5.826929], [11.602881, -5.826929], [11.602881, -5.828302], [11.601508, -5.828302], [11.601508, -5.830362], [11.600134, -5.830362], [11.600134, -5.831735], [11.599448, -5.831735], [11.599448, -5.833109], [11.598761, -5.833109], [11.598761, -5.833795], [11.598074, -5.833795], [11.598074, -5.835855], [11.597388, -5.835855], [11.597388, -5.837228], [11.596701, -5.837228], [11.596701, -5.839288], [11.595328, -5.839288], [11.595328, -5.837915], [11.596014, -5.837915], [11.596014, -5.836542], [11.596701, -5.836542], [11.596701, -5.835168], [11.596014, -5.835168], [11.596014, -5.833109], [11.596701, -5.833109], [11.596701, -5.833795], [11.597388, -5.833795], [11.597388, -5.832422], [11.598074, -5.832422], [11.598074, -5.829675], [11.600134, -5.829675], [11.600134, -5.826929], [11.600821, -5.826929], [11.600821, -5.826242], [11.601508, -5.826242], [11.601508, -5.825555], [11.602194, -5.825555], [11.602194, -5.824869], [11.601508, -5.824869], [11.601508, -5.823495], [11.603568, -5.823495], [11.603568, -5.822122], [11.604254, -5.822122], [11.604254, -5.820062], [11.604941, -5.820062], [11.604941, -5.818002], [11.604254, -5.818002], [11.604254, -5.817316], [11.602881, -5.817316], [11.602881, -5.814569], [11.601508, -5.814569], [11.601508, -5.815942], [11.602194, -5.815942], [11.602194, -5.817316], [11.600821, -5.817316], [11.600821, -5.819376], [11.602194, -5.819376], [11.602194, -5.820749], [11.600821, -5.820749], [11.600821, -5.821436], [11.600134, -5.821436], [11.600134, -5.823495], [11.599448, -5.823495], [11.599448, -5.824182], [11.598761, -5.824182], [11.598761, -5.827615], [11.597388, -5.827615], [11.597388, -5.828302], [11.596701, -5.828302], [11.596701, -5.828989], [11.597388, -5.828989], [11.597388, -5.829675], [11.596701, -5.829675], [11.596701, -5.830362], [11.596014, -5.830362], [11.596014, -5.831049], [11.595328, -5.831049], [11.595328, -5.830362], [11.594641, -5.830362], [11.594641, -5.831049], [11.593954, -5.831049], [11.593954, -5.832422], [11.593268, -5.832422], [11.593268, -5.833109], [11.592581, -5.833109], [11.592581, -5.833795], [11.591208, -5.833795], [11.591208, -5.836542], [11.589148, -5.836542], [11.589148, -5.837915], [11.587775, -5.837915], [11.587775, -5.838602], [11.587088, -5.838602], [11.587088, -5.839288], [11.585028, -5.839288], [11.585028, -5.840662], [11.584341, -5.840662], [11.584341, -5.841348], [11.583655, -5.841348], [11.583655, -5.842035], [11.582968, -5.842035], [11.582968, -5.842722], [11.582281, -5.842722], [11.582281, -5.843408], [11.581595, -5.843408], [11.581595, -5.844095], [11.580908, -5.844095], [11.580908, -5.845468], [11.580222, -5.845468], [11.580222, -5.846155], [11.578848, -5.846155], [11.578848, -5.844095], [11.580222, -5.844095], [11.580222, -5.842722], [11.580908, -5.842722], [11.580908, -5.842035], [11.581595, -5.842035], [11.581595, -5.839975], [11.580908, -5.839975], [11.580908, -5.839288], [11.580222, -5.839288], [11.580222, -5.838602], [11.579535, -5.838602], [11.579535, -5.837915], [11.580908, -5.837915], [11.580908, -5.835855], [11.580222, -5.835855], [11.580222, -5.835168], [11.580908, -5.835168], [11.580908, -5.833795], [11.578848, -5.833795], [11.578848, -5.835168], [11.576788, -5.835168], [11.576788, -5.836542], [11.576102, -5.836542], [11.576102, -5.837228], [11.576788, -5.837228], [11.576788, -5.838602], [11.578162, -5.838602], [11.578162, -5.839288], [11.577475, -5.839288], [11.577475, -5.839975], [11.578162, -5.839975], [11.578162, -5.841348], [11.576788, -5.841348], [11.576788, -5.840662], [11.575415, -5.840662], [11.575415, -5.841348], [11.574728, -5.841348], [11.574728, -5.842722], [11.572668, -5.842722], [11.572668, -5.841348], [11.573355, -5.841348], [11.573355, -5.840662], [11.574042, -5.840662], [11.574042, -5.839975], [11.574728, -5.839975], [11.574728, -5.835168], [11.576102, -5.835168], [11.576102, -5.832422], [11.574728, -5.832422], [11.574728, -5.831735], [11.574042, -5.831735], [11.574042, -5.831049], [11.572668, -5.831049], [11.572668, -5.830362], [11.571982, -5.830362], [11.571982, -5.826929], [11.570609, -5.826929], [11.570609, -5.826242], [11.571295, -5.826242], [11.571295, -5.824869], [11.571982, -5.824869], [11.571982, -5.824182], [11.571295, -5.824182], [11.571295, -5.822122], [11.572668, -5.822122], [11.572668, -5.822809], [11.573355, -5.822809], [11.573355, -5.822122], [11.574042, -5.822122], [11.574042, -5.821436], [11.576788, -5.821436], [11.576788, -5.820749], [11.577475, -5.820749], [11.577475, -5.819376], [11.576788, -5.819376], [11.576788, -5.818689], [11.576102, -5.818689], [11.576102, -5.818002], [11.577475, -5.818002], [11.577475, -5.817316], [11.575415, -5.817316], [11.575415, -5.818002], [11.574728, -5.818002], [11.574728, -5.819376], [11.574042, -5.819376], [11.574042, -5.820062], [11.573355, -5.820062], [11.573355, -5.818689], [11.572668, -5.818689], [11.572668, -5.819376], [11.571982, -5.819376], [11.571982, -5.820062], [11.571295, -5.820062], [11.571295, -5.820749], [11.567862, -5.820749], [11.567862, -5.821436], [11.567175, -5.821436], [11.567175, -5.822122], [11.566489, -5.822122], [11.566489, -5.822809], [11.565115, -5.822809], [11.565115, -5.822122], [11.564429, -5.822122], [11.564429, -5.821436], [11.563742, -5.821436], [11.563742, -5.820749], [11.563055, -5.820749], [11.563055, -5.820062], [11.561682, -5.820062], [11.561682, -5.820749], [11.560995, -5.820749], [11.560995, -5.821436], [11.560309, -5.821436], [11.560309, -5.822809], [11.559622, -5.822809], [11.559622, -5.822122], [11.558249, -5.822122], [11.558249, -5.820062], [11.557562, -5.820062], [11.557562, -5.819376], [11.552069, -5.819376], [11.552069, -5.818689], [11.551382, -5.818689], [11.551382, -5.818002], [11.552756, -5.818002], [11.552756, -5.817316], [11.552069, -5.817316], [11.552069, -5.816629], [11.551382, -5.816629], [11.551382, -5.815942], [11.552069, -5.815942], [11.552069, -5.814569], [11.552756, -5.814569], [11.552756, -5.813882], [11.554129, -5.813882], [11.554129, -5.814569], [11.556876, -5.814569], [11.556876, -5.813882], [11.556189, -5.813882], [11.556189, -5.811823], [11.555502, -5.811823], [11.555502, -5.810449], [11.554816, -5.810449], [11.554816, -5.809076], [11.556189, -5.809076], [11.556189, -5.809763], [11.556876, -5.809763], [11.556876, -5.809076], [11.558936, -5.809076], [11.558936, -5.808389], [11.559622, -5.808389], [11.559622, -5.806329], [11.561682, -5.806329], [11.561682, -5.804269], [11.560995, -5.804269], [11.560995, -5.802896], [11.560309, -5.802896], [11.560309, -5.802209], [11.559622, -5.802209], [11.559622, -5.804269], [11.557562, -5.804269], [11.557562, -5.804956], [11.556876, -5.804956], [11.556876, -5.804269], [11.555502, -5.804269], [11.555502, -5.806329], [11.554129, -5.806329], [11.554129, -5.808389], [11.553442, -5.808389], [11.553442, -5.809076], [11.552069, -5.809076], [11.552069, -5.809763], [11.550009, -5.809763], [11.550009, -5.811823], [11.549323, -5.811823], [11.549323, -5.812509], [11.548636, -5.812509], [11.548636, -5.813882], [11.547263, -5.813882], [11.547263, -5.813196], [11.545889, -5.813196], [11.545889, -5.811823], [11.546576, -5.811823], [11.546576, -5.811136], [11.545203, -5.811136], [11.545203, -5.810449], [11.544516, -5.810449], [11.544516, -5.809076], [11.543829, -5.809076], [11.543829, -5.806329], [11.543143, -5.806329], [11.543143, -5.803583], [11.542456, -5.803583], [11.542456, -5.800836], [11.543829, -5.800836], [11.543829, -5.80015], [11.544516, -5.80015], [11.544516, -5.79809], [11.545203, -5.79809], [11.545203, -5.797403], [11.545889, -5.797403], [11.545889, -5.796716], [11.546576, -5.796716], [11.546576, -5.79603], [11.545889, -5.79603], [11.545889, -5.795343], [11.543829, -5.795343], [11.543829, -5.79603], [11.542456, -5.79603], [11.542456, -5.795343], [11.541769, -5.795343], [11.541769, -5.794656], [11.543143, -5.794656], [11.543143, -5.79191], [11.543829, -5.79191], [11.543829, -5.791223], [11.543143, -5.791223], [11.543143, -5.790536], [11.542456, -5.790536], [11.542456, -5.791223], [11.541769, -5.791223], [11.541769, -5.790536], [11.541083, -5.790536], [11.541083, -5.789163], [11.541769, -5.789163], [11.541769, -5.78779], [11.541083, -5.78779], [11.541083, -5.788477], [11.539023, -5.788477], [11.539023, -5.78779], [11.539709, -5.78779], [11.539709, -5.787103], [11.540396, -5.787103], [11.540396, -5.786417], [11.541083, -5.786417], [11.541083, -5.78573], [11.539709, -5.78573], [11.539709, -5.786417], [11.536963, -5.786417], [11.536963, -5.785043], [11.536276, -5.785043], [11.536276, -5.784357], [11.539023, -5.784357], [11.539023, -5.78367], [11.539709, -5.78367], [11.539709, -5.782297], [11.541083, -5.782297], [11.541083, -5.78161], [11.541769, -5.78161], [11.541769, -5.780923], [11.542456, -5.780923], [11.542456, -5.780237], [11.541769, -5.780237], [11.541769, -5.77955], [11.539709, -5.77955], [11.539709, -5.778864], [11.539023, -5.778864], [11.539023, -5.778177], [11.541083, -5.778177], [11.541083, -5.77749], [11.541769, -5.77749], [11.541769, -5.776117], [11.540396, -5.776117], [11.540396, -5.77543], [11.539709, -5.77543], [11.539709, -5.774744], [11.538336, -5.774744], [11.538336, -5.778177], [11.536963, -5.778177], [11.536963, -5.778864], [11.536276, -5.778864], [11.536276, -5.778177], [11.534216, -5.778177], [11.534216, -5.77955], [11.53353, -5.77955], [11.53353, -5.780237], [11.532843, -5.780237], [11.532843, -5.780923], [11.532156, -5.780923], [11.532156, -5.78161], [11.532843, -5.78161], [11.532843, -5.782983], [11.532156, -5.782983], [11.532156, -5.782297], [11.530783, -5.782297], [11.530783, -5.78367], [11.530096, -5.78367], [11.530096, -5.78573], [11.52941, -5.78573], [11.52941, -5.786417], [11.528723, -5.786417], [11.528723, -5.780923], [11.52941, -5.780923], [11.52941, -5.780237], [11.530096, -5.780237], [11.530096, -5.778864], [11.52941, -5.778864], [11.52941, -5.77749], [11.528723, -5.77749], [11.528723, -5.776117], [11.526663, -5.776117], [11.526663, -5.776804], [11.525977, -5.776804], [11.525977, -5.776117], [11.524603, -5.776117], [11.524603, -5.774057], [11.52529, -5.774057], [11.52529, -5.77337], [11.526663, -5.77337], [11.526663, -5.772684], [11.528723, -5.772684], [11.528723, -5.771997], [11.52941, -5.771997], [11.52941, -5.770624], [11.528723, -5.770624], [11.528723, -5.769937], [11.528036, -5.769937], [11.528036, -5.76925], [11.525977, -5.76925], [11.525977, -5.77131], [11.524603, -5.77131], [11.524603, -5.771997], [11.52529, -5.771997], [11.52529, -5.772684], [11.52323, -5.772684], [11.52323, -5.77337], [11.522543, -5.77337], [11.522543, -5.77543], [11.520483, -5.77543], [11.520483, -5.774057], [11.519797, -5.774057], [11.519797, -5.77337], [11.520483, -5.77337], [11.520483, -5.772684], [11.52117, -5.772684], [11.52117, -5.76925], [11.51911, -5.76925], [11.51911, -5.769937], [11.518423, -5.769937], [11.518423, -5.770624], [11.517737, -5.770624], [11.517737, -5.771997], [11.516364, -5.771997], [11.516364, -5.774057], [11.514304, -5.774057], [11.514304, -5.77337], [11.513617, -5.77337], [11.513617, -5.772684], [11.512244, -5.772684], [11.512244, -5.77337], [11.511557, -5.77337], [11.511557, -5.774744], [11.510184, -5.774744], [11.510184, -5.776117], [11.50881, -5.776117], [11.50881, -5.77749], [11.508124, -5.77749], [11.508124, -5.778177], [11.507437, -5.778177], [11.507437, -5.776804], [11.50675, -5.776804], [11.50675, -5.77543], [11.505377, -5.77543], [11.505377, -5.774744], [11.504691, -5.774744], [11.504691, -5.77337], [11.504004, -5.77337], [11.504004, -5.772684], [11.500571, -5.772684], [11.500571, -5.774057], [11.499884, -5.774057], [11.499884, -5.77543], [11.501944, -5.77543], [11.501944, -5.77749], [11.501257, -5.77749], [11.501257, -5.778177], [11.500571, -5.778177], [11.500571, -5.778864], [11.499884, -5.778864], [11.499884, -5.778177], [11.499197, -5.778177], [11.499197, -5.776117], [11.498511, -5.776117], [11.498511, -5.774744], [11.497824, -5.774744], [11.497824, -5.77337], [11.495764, -5.77337], [11.495764, -5.774057], [11.496451, -5.774057], [11.496451, -5.77543], [11.495764, -5.77543], [11.495764, -5.776117], [11.495078, -5.776117], [11.495078, -5.77749], [11.493704, -5.77749], [11.493704, -5.778177], [11.493018, -5.778177], [11.493018, -5.778864], [11.491644, -5.778864], [11.491644, -5.780237], [11.490958, -5.780237], [11.490958, -5.78161], [11.490271, -5.78161], [11.490271, -5.77955], [11.489584, -5.77955], [11.489584, -5.778864], [11.488898, -5.778864], [11.488898, -5.77749], [11.488211, -5.77749], [11.488211, -5.776117], [11.488898, -5.776117], [11.488898, -5.774744], [11.487524, -5.774744], [11.487524, -5.776117], [11.486838, -5.776117], [11.486838, -5.77955], [11.486151, -5.77955], [11.486151, -5.780237], [11.485464, -5.780237]], [[11.484778, -5.77955], [11.484778, -5.780237], [11.485464, -5.780237], [11.485464, -5.77955], [11.484778, -5.77955]], [[11.587088, -5.762384], [11.585028, -5.762384], [11.585028, -5.763757], [11.584341, -5.763757], [11.584341, -5.764444], [11.583655, -5.764444], [11.583655, -5.763071], [11.584341, -5.763071], [11.584341, -5.761011], [11.582281, -5.761011], [11.582281, -5.761697], [11.581595, -5.761697], [11.581595, -5.763757], [11.582281, -5.763757], [11.582281, -5.764444], [11.582968, -5.764444], [11.582968, -5.766504], [11.582281, -5.766504], [11.582281, -5.767191], [11.580908, -5.767191], [11.580908, -5.768564], [11.582281, -5.768564], [11.582281, -5.767877], [11.583655, -5.767877], [11.583655, -5.767191], [11.584341, -5.767191], [11.584341, -5.766504], [11.586401, -5.766504], [11.586401, -5.764444], [11.587088, -5.764444], [11.587088, -5.762384]], [[11.584341, -5.761011], [11.586401, -5.761011], [11.586401, -5.759637], [11.585715, -5.759637], [11.585715, -5.758264], [11.584341, -5.758264], [11.584341, -5.758951], [11.583655, -5.758951], [11.583655, -5.760324], [11.584341, -5.760324], [11.584341, -5.761011]], [[11.622794, -5.800836], [11.622794, -5.802209], [11.62348, -5.802209], [11.62348, -5.800836], [11.622794, -5.800836]], [[11.652319, -5.811823], [11.652319, -5.812509], [11.653006, -5.812509], [11.653006, -5.811823], [11.652319, -5.811823]], [[11.692145, -5.77955], [11.690771, -5.77955], [11.690771, -5.780237], [11.692145, -5.780237], [11.692145, -5.77955]], [[11.707251, -5.77543], [11.706564, -5.77543], [11.706564, -5.77749], [11.707251, -5.77749], [11.707251, -5.77543]], [[11.714117, -5.77337], [11.714117, -5.774057], [11.714804, -5.774057], [11.714804, -5.77337], [11.714117, -5.77337]], [[11.745016, -5.771997], [11.74433, -5.771997], [11.74433, -5.772684], [11.745016, -5.772684], [11.745016, -5.771997]], [[11.753943, -5.767877], [11.753256, -5.767877], [11.753256, -5.767191], [11.75257, -5.767191], [11.75257, -5.769937], [11.751196, -5.769937], [11.751196, -5.770624], [11.749823, -5.770624], [11.749823, -5.77131], [11.75051, -5.77131], [11.75051, -5.771997], [11.751883, -5.771997], [11.751883, -5.77131], [11.753256, -5.77131], [11.753256, -5.771997], [11.753943, -5.771997], [11.753943, -5.767877]], [[11.815741, -5.76925], [11.816428, -5.76925], [11.816428, -5.768564], [11.815741, -5.768564], [11.815741, -5.76925]], [[11.854193, -5.772684], [11.853506, -5.772684], [11.853506, -5.77337], [11.854193, -5.77337], [11.854193, -5.772684]], [[11.884406, -5.77543], [11.884406, -5.776117], [11.885092, -5.776117], [11.885092, -5.77543], [11.884406, -5.77543]], [[11.95307, -5.804956], [11.951697, -5.804956], [11.951697, -5.805643], [11.952383, -5.805643], [11.952383, -5.806329], [11.95307, -5.806329], [11.95307, -5.804956]], [[11.994269, -5.830362], [11.993582, -5.830362], [11.993582, -5.831049], [11.994269, -5.831049], [11.994269, -5.830362]], [[12.033408, -5.846155], [12.032721, -5.846155], [12.032721, -5.847528], [12.032034, -5.847528], [12.032034, -5.848215], [12.033408, -5.848215], [12.033408, -5.846155]], [[12.067053, -5.860574], [12.067053, -5.859888], [12.064993, -5.859888], [12.064993, -5.861261], [12.06568, -5.861261], [12.06568, -5.860574], [12.067053, -5.860574]], [[12.06362, -5.872247], [12.062933, -5.872247], [12.062933, -5.872934], [12.06362, -5.872934], [12.06362, -5.872247]], [[12.080786, -5.888727], [12.080786, -5.88804], [12.080099, -5.88804], [12.080099, -5.888727], [12.080786, -5.888727]], [[11.745703, -5.797403], [11.745703, -5.796716], [11.745016, -5.796716], [11.745016, -5.797403], [11.745703, -5.797403]], [[11.598761, -5.851648], [11.599448, -5.851648], [11.599448, -5.850961], [11.598761, -5.850961], [11.598761, -5.851648]], [[11.612494, -5.826929], [11.613181, -5.826929], [11.613181, -5.825555], [11.612494, -5.825555], [11.612494, -5.826929]], [[11.604254, -5.817316], [11.604941, -5.817316], [11.604941, -5.816629], [11.604254, -5.816629], [11.604254, -5.817316]], [[11.52941, -5.771997], [11.52941, -5.77337], [11.528723, -5.77337], [11.528723, -5.774744], [11.52941, -5.774744], [11.52941, -5.776117], [11.532156, -5.776117], [11.532156, -5.77337], [11.53147, -5.77337], [11.53147, -5.772684], [11.530783, -5.772684], [11.530783, -5.77131], [11.530096, -5.77131], [11.530096, -5.771997], [11.52941, -5.771997]], [[11.50881, -5.776117], [11.50881, -5.774744], [11.507437, -5.774744], [11.507437, -5.77543], [11.508124, -5.77543], [11.508124, -5.776117], [11.50881, -5.776117]], [[11.500571, -5.772684], [11.500571, -5.77131], [11.501257, -5.77131], [11.501257, -5.769937], [11.499884, -5.769937], [11.499884, -5.770624], [11.499197, -5.770624], [11.499197, -5.771997], [11.499884, -5.771997], [11.499884, -5.772684], [11.500571, -5.772684]], [[12.093146, -5.88804], [12.093146, -5.889413], [12.093832, -5.889413], [12.093832, -5.88804], [12.093146, -5.88804]], [[12.066367, -5.858514], [12.066367, -5.859201], [12.06774, -5.859201], [12.06774, -5.858514], [12.066367, -5.858514]], [[12.064993, -5.857141], [12.064993, -5.857828], [12.066367, -5.857828], [12.066367, -5.857141], [12.064993, -5.857141]], [[12.062933, -5.864008], [12.062933, -5.864694], [12.06362, -5.864694], [12.06362, -5.864008], [12.062933, -5.864008]], [[12.06156, -5.869501], [12.06156, -5.870187], [12.062247, -5.870187], [12.062247, -5.869501], [12.06156, -5.869501]], [[12.06156, -5.872934], [12.06156, -5.873621], [12.062247, -5.873621], [12.062247, -5.872934], [12.06156, -5.872934]], [[12.058813, -5.863321], [12.058813, -5.864694], [12.060187, -5.864694], [12.060187, -5.864008], [12.0595, -5.864008], [12.0595, -5.863321], [12.058813, -5.863321]], [[12.0595, -5.863321], [12.060187, -5.863321], [12.060187, -5.862634], [12.0595, -5.862634], [12.0595, -5.863321]], [[12.05744, -5.868814], [12.05744, -5.870187], [12.058127, -5.870187], [12.058127, -5.868814], [12.05744, -5.868814]], [[12.052634, -5.861948], [12.052634, -5.862634], [12.05126, -5.862634], [12.05126, -5.863321], [12.054007, -5.863321], [12.054007, -5.862634], [12.05332, -5.862634], [12.05332, -5.861948], [12.052634, -5.861948]], [[12.05126, -5.861261], [12.05126, -5.861948], [12.051947, -5.861948], [12.051947, -5.861261], [12.05126, -5.861261]], [[12.043021, -5.854395], [12.043021, -5.855081], [12.043707, -5.855081], [12.043707, -5.854395], [12.043021, -5.854395]], [[12.039587, -5.852335], [12.039587, -5.853021], [12.038901, -5.853021], [12.038901, -5.853708], [12.040274, -5.853708], [12.040274, -5.852335], [12.039587, -5.852335]], [[12.034781, -5.847528], [12.034781, -5.848215], [12.035468, -5.848215], [12.035468, -5.847528], [12.034781, -5.847528]], [[12.035468, -5.848215], [12.035468, -5.848901], [12.036154, -5.848901], [12.036154, -5.848215], [12.035468, -5.848215]], [[12.027228, -5.848901], [12.027228, -5.850275], [12.027914, -5.850275], [12.027914, -5.848901], [12.027228, -5.848901]], [[12.027914, -5.850275], [12.027914, -5.850961], [12.027228, -5.850961], [12.027228, -5.852335], [12.029288, -5.852335], [12.029288, -5.850961], [12.028601, -5.850961], [12.028601, -5.850275], [12.027914, -5.850275]], [[12.029288, -5.850961], [12.030661, -5.850961], [12.030661, -5.849588], [12.029288, -5.849588], [12.029288, -5.850961]], [[12.029288, -5.846155], [12.029288, -5.846841], [12.029974, -5.846841], [12.029974, -5.846155], [12.029288, -5.846155]], [[12.024481, -5.847528], [12.024481, -5.848215], [12.025854, -5.848215], [12.025854, -5.847528], [12.024481, -5.847528]], [[12.023795, -5.846155], [12.023795, -5.846841], [12.024481, -5.846841], [12.024481, -5.846155], [12.023795, -5.846155]], [[12.022421, -5.847528], [12.022421, -5.848215], [12.023108, -5.848215], [12.023108, -5.847528], [12.022421, -5.847528]], [[11.992209, -5.831735], [11.992209, -5.832422], [11.992896, -5.832422], [11.992896, -5.831735], [11.992209, -5.831735]], [[11.982596, -5.826242], [11.982596, -5.826929], [11.983282, -5.826929], [11.983282, -5.826242], [11.982596, -5.826242]], [[11.978476, -5.823495], [11.978476, -5.824182], [11.979163, -5.824182], [11.979163, -5.823495], [11.978476, -5.823495]], [[11.972983, -5.820062], [11.972983, -5.822122], [11.971609, -5.822122], [11.971609, -5.824182], [11.972296, -5.824182], [11.972296, -5.824869], [11.971609, -5.824869], [11.971609, -5.825555], [11.972983, -5.825555], [11.972983, -5.826242], [11.974356, -5.826242], [11.974356, -5.825555], [11.975729, -5.825555], [11.975729, -5.824869], [11.975043, -5.824869], [11.975043, -5.824182], [11.976416, -5.824182], [11.976416, -5.822809], [11.975043, -5.822809], [11.975043, -5.822122], [11.974356, -5.822122], [11.974356, -5.820749], [11.973669, -5.820749], [11.973669, -5.820062], [11.972983, -5.820062]], [[11.970236, -5.824182], [11.970236, -5.824869], [11.970923, -5.824869], [11.970923, -5.824182], [11.970236, -5.824182]], [[11.96749, -5.817316], [11.96749, -5.818002], [11.966803, -5.818002], [11.966803, -5.818689], [11.968863, -5.818689], [11.968863, -5.817316], [11.96749, -5.817316]], [[11.966116, -5.826929], [11.966116, -5.827615], [11.966803, -5.827615], [11.966803, -5.826929], [11.966116, -5.826929]], [[11.954443, -5.818002], [11.953757, -5.818002], [11.953757, -5.818689], [11.952383, -5.818689], [11.952383, -5.819376], [11.95307, -5.819376], [11.95307, -5.820062], [11.954443, -5.820062], [11.954443, -5.820749], [11.955817, -5.820749], [11.955817, -5.820062], [11.95513, -5.820062], [11.95513, -5.818689], [11.955817, -5.818689], [11.955817, -5.819376], [11.95925, -5.819376], [11.95925, -5.820062], [11.960623, -5.820062], [11.960623, -5.820749], [11.96131, -5.820749], [11.96131, -5.821436], [11.96337, -5.821436], [11.96337, -5.820062], [11.96131, -5.820062], [11.96131, -5.818689], [11.961996, -5.818689], [11.961996, -5.819376], [11.96543, -5.819376], [11.96543, -5.818002], [11.966116, -5.818002], [11.966116, -5.817316], [11.96543, -5.817316], [11.96543, -5.814569], [11.964056, -5.814569], [11.964056, -5.813882], [11.96337, -5.813882], [11.96337, -5.813196], [11.961996, -5.813196], [11.961996, -5.811823], [11.96131, -5.811823], [11.96131, -5.811136], [11.959937, -5.811136], [11.959937, -5.810449], [11.95925, -5.810449], [11.95925, -5.811136], [11.958563, -5.811136], [11.958563, -5.811823], [11.95719, -5.811823], [11.95719, -5.812509], [11.956503, -5.812509], [11.956503, -5.813196], [11.955817, -5.813196], [11.955817, -5.814569], [11.954443, -5.814569], [11.954443, -5.815256], [11.953757, -5.815256], [11.953757, -5.817316], [11.954443, -5.817316], [11.954443, -5.818002]], [[11.956503, -5.822809], [11.956503, -5.824869], [11.957877, -5.824869], [11.957877, -5.822809], [11.956503, -5.822809]], [[11.956503, -5.820749], [11.956503, -5.821436], [11.95719, -5.821436], [11.95719, -5.820749], [11.956503, -5.820749]], [[11.954443, -5.809763], [11.954443, -5.810449], [11.953757, -5.810449], [11.953757, -5.811823], [11.954443, -5.811823], [11.954443, -5.811136], [11.955817, -5.811136], [11.955817, -5.809763], [11.954443, -5.809763]], [[11.952383, -5.821436], [11.952383, -5.822122], [11.95307, -5.822122], [11.95307, -5.821436], [11.952383, -5.821436]], [[11.947577, -5.808389], [11.947577, -5.809763], [11.94895, -5.809763], [11.94895, -5.809076], [11.948264, -5.809076], [11.948264, -5.808389], [11.947577, -5.808389]], [[11.94277, -5.804956], [11.94277, -5.805643], [11.943457, -5.805643], [11.943457, -5.804956], [11.94277, -5.804956]], [[11.923544, -5.794656], [11.923544, -5.795343], [11.924231, -5.795343], [11.924231, -5.794656], [11.923544, -5.794656]], [[11.911871, -5.789163], [11.911871, -5.790536], [11.913245, -5.790536], [11.913245, -5.78985], [11.912558, -5.78985], [11.912558, -5.789163], [11.911871, -5.789163]], [[11.909811, -5.788477], [11.909811, -5.789163], [11.910498, -5.789163], [11.910498, -5.788477], [11.909811, -5.788477]], [[11.902945, -5.789163], [11.902945, -5.790536], [11.903632, -5.790536], [11.903632, -5.789163], [11.902945, -5.789163]], [[11.896765, -5.784357], [11.896765, -5.785043], [11.896078, -5.785043], [11.896078, -5.78573], [11.896765, -5.78573], [11.896765, -5.786417], [11.898138, -5.786417], [11.898138, -5.784357], [11.896765, -5.784357]], [[11.898138, -5.786417], [11.898138, -5.787103], [11.898825, -5.787103], [11.898825, -5.78779], [11.899512, -5.78779], [11.899512, -5.786417], [11.898138, -5.786417]], [[11.898138, -5.782297], [11.898138, -5.782983], [11.898825, -5.782983], [11.898825, -5.782297], [11.898138, -5.782297]], [[11.888525, -5.782297], [11.888525, -5.782983], [11.889899, -5.782983], [11.889899, -5.782297], [11.888525, -5.782297]], [[11.883719, -5.780237], [11.883719, -5.780923], [11.885092, -5.780923], [11.885092, -5.780237], [11.883719, -5.780237]], [[11.878226, -5.77955], [11.878226, -5.780923], [11.879599, -5.780923], [11.879599, -5.780237], [11.880286, -5.780237], [11.880286, -5.77955], [11.878226, -5.77955]], [[11.876166, -5.780923], [11.876166, -5.78161], [11.877539, -5.78161], [11.877539, -5.780923], [11.876166, -5.780923]], [[11.868613, -5.776117], [11.868613, -5.776804], [11.867926, -5.776804], [11.867926, -5.77749], [11.868613, -5.77749], [11.868613, -5.778864], [11.869299, -5.778864], [11.869299, -5.77955], [11.869986, -5.77955], [11.869986, -5.778177], [11.871359, -5.778177], [11.871359, -5.77749], [11.869986, -5.77749], [11.869986, -5.776117], [11.868613, -5.776117]], [[11.871359, -5.778177], [11.871359, -5.778864], [11.872046, -5.778864], [11.872046, -5.778177], [11.871359, -5.778177]], [[11.869299, -5.785043], [11.869299, -5.786417], [11.870673, -5.786417], [11.870673, -5.78573], [11.869986, -5.78573], [11.869986, -5.785043], [11.869299, -5.785043]], [[11.869299, -5.782983], [11.869299, -5.78367], [11.869986, -5.78367], [11.869986, -5.782983], [11.869299, -5.782983]], [[11.867926, -5.78367], [11.867926, -5.784357], [11.868613, -5.784357], [11.868613, -5.78367], [11.867926, -5.78367]], [[11.867926, -5.771997], [11.867926, -5.77337], [11.868613, -5.77337], [11.868613, -5.771997], [11.867926, -5.771997]], [[11.865866, -5.774057], [11.865866, -5.774744], [11.865179, -5.774744], [11.865179, -5.77543], [11.867239, -5.77543], [11.867239, -5.774744], [11.866553, -5.774744], [11.866553, -5.774057], [11.865866, -5.774057]], [[11.859, -5.77543], [11.859, -5.778177], [11.860373, -5.778177], [11.860373, -5.776117], [11.859686, -5.776117], [11.859686, -5.77543], [11.859, -5.77543]], [[11.857626, -5.780923], [11.857626, -5.78161], [11.858313, -5.78161], [11.858313, -5.780923], [11.857626, -5.780923]], [[11.858313, -5.78161], [11.858313, -5.782297], [11.859, -5.782297], [11.859, -5.78161], [11.858313, -5.78161]], [[11.85488, -5.77543], [11.85488, -5.776117], [11.855566, -5.776117], [11.855566, -5.77749], [11.853506, -5.77749], [11.853506, -5.778864], [11.854193, -5.778864], [11.854193, -5.77955], [11.85488, -5.77955], [11.85488, -5.778864], [11.855566, -5.778864], [11.855566, -5.778177], [11.856253, -5.778177], [11.856253, -5.77749], [11.857626, -5.77749], [11.857626, -5.77543], [11.85488, -5.77543]], [[11.845953, -5.771997], [11.845953, -5.774057], [11.84664, -5.774057], [11.84664, -5.77337], [11.847327, -5.77337], [11.847327, -5.772684], [11.84664, -5.772684], [11.84664, -5.771997], [11.845953, -5.771997]], [[11.84664, -5.774057], [11.84664, -5.77543], [11.847327, -5.77543], [11.847327, -5.77749], [11.850073, -5.77749], [11.850073, -5.776117], [11.8487, -5.776117], [11.8487, -5.77543], [11.849387, -5.77543], [11.849387, -5.774744], [11.850073, -5.774744], [11.850073, -5.77337], [11.8487, -5.77337], [11.8487, -5.774744], [11.847327, -5.774744], [11.847327, -5.774057], [11.84664, -5.774057]], [[11.850073, -5.776117], [11.85076, -5.776117], [11.85076, -5.77543], [11.850073, -5.77543], [11.850073, -5.776117]], [[11.845953, -5.77749], [11.845953, -5.778177], [11.84664, -5.778177], [11.84664, -5.77749], [11.845953, -5.77749]], [[11.845267, -5.780237], [11.845267, -5.780923], [11.845953, -5.780923], [11.845953, -5.780237], [11.845267, -5.780237]], [[11.84458, -5.785043], [11.84458, -5.787103], [11.845953, -5.787103], [11.845953, -5.786417], [11.845267, -5.786417], [11.845267, -5.785043], [11.84458, -5.785043]], [[11.84458, -5.774057], [11.84458, -5.774744], [11.845267, -5.774744], [11.845267, -5.774057], [11.84458, -5.774057]], [[11.84252, -5.774744], [11.84252, -5.77543], [11.843893, -5.77543], [11.843893, -5.774744], [11.84252, -5.774744]], [[11.837027, -5.76925], [11.837027, -5.769937], [11.83634, -5.769937], [11.83634, -5.770624], [11.835654, -5.770624], [11.835654, -5.77131], [11.83634, -5.77131], [11.83634, -5.771997], [11.837027, -5.771997], [11.837027, -5.770624], [11.837714, -5.770624], [11.837714, -5.76925], [11.837027, -5.76925]], [[11.83428, -5.771997], [11.83428, -5.77337], [11.834967, -5.77337], [11.834967, -5.771997], [11.83428, -5.771997]], [[11.833594, -5.776117], [11.833594, -5.77749], [11.83428, -5.77749], [11.83428, -5.776117], [11.833594, -5.776117]], [[11.833594, -5.79603], [11.833594, -5.796716], [11.83428, -5.796716], [11.83428, -5.79603], [11.833594, -5.79603]], [[11.830161, -5.765131], [11.830161, -5.765817], [11.830847, -5.765817], [11.830847, -5.765131], [11.830161, -5.765131]], [[11.825354, -5.766504], [11.825354, -5.76925], [11.828787, -5.76925], [11.828787, -5.767877], [11.826041, -5.767877], [11.826041, -5.766504], [11.825354, -5.766504]], [[11.826727, -5.792596], [11.826727, -5.794656], [11.828101, -5.794656], [11.828101, -5.79397], [11.827414, -5.79397], [11.827414, -5.792596], [11.826727, -5.792596]], [[11.825354, -5.77131], [11.825354, -5.771997], [11.826041, -5.771997], [11.826041, -5.77131], [11.825354, -5.77131]], [[11.826041, -5.77131], [11.827414, -5.77131], [11.827414, -5.770624], [11.826041, -5.770624], [11.826041, -5.77131]], [[11.821921, -5.77131], [11.821921, -5.771997], [11.820547, -5.771997], [11.820547, -5.77337], [11.821234, -5.77337], [11.821234, -5.772684], [11.823981, -5.772684], [11.823981, -5.771997], [11.823294, -5.771997], [11.823294, -5.77131], [11.821921, -5.77131]], [[11.814368, -5.79603], [11.814368, -5.796716], [11.815054, -5.796716], [11.815054, -5.79603], [11.814368, -5.79603]], [[11.810248, -5.774057], [11.810248, -5.774744], [11.810934, -5.774744], [11.810934, -5.774057], [11.810248, -5.774057]], [[11.806128, -5.772684], [11.806128, -5.77337], [11.805441, -5.77337], [11.805441, -5.77543], [11.806815, -5.77543], [11.806815, -5.772684], [11.806128, -5.772684]], [[11.805441, -5.796716], [11.805441, -5.79809], [11.804755, -5.79809], [11.804755, -5.798776], [11.805441, -5.798776], [11.805441, -5.799463], [11.806128, -5.799463], [11.806128, -5.798776], [11.806815, -5.798776], [11.806815, -5.797403], [11.806128, -5.797403], [11.806128, -5.796716], [11.805441, -5.796716]], [[11.797888, -5.79809], [11.797888, -5.798776], [11.799261, -5.798776], [11.799261, -5.79809], [11.797888, -5.79809]], [[11.791022, -5.797403], [11.791022, -5.798776], [11.790335, -5.798776], [11.790335, -5.799463], [11.791708, -5.799463], [11.791708, -5.79809], [11.792395, -5.79809], [11.792395, -5.797403], [11.791022, -5.797403]], [[11.789648, -5.794656], [11.789648, -5.79603], [11.790335, -5.79603], [11.790335, -5.794656], [11.789648, -5.794656]], [[11.788275, -5.79603], [11.788275, -5.796716], [11.788962, -5.796716], [11.788962, -5.79603], [11.788275, -5.79603]], [[11.771796, -5.798776], [11.771796, -5.799463], [11.772482, -5.799463], [11.772482, -5.798776], [11.771796, -5.798776]], [[11.753943, -5.763757], [11.753943, -5.764444], [11.755316, -5.764444], [11.755316, -5.763757], [11.753943, -5.763757]], [[11.747076, -5.77337], [11.747076, -5.774057], [11.749136, -5.774057], [11.749136, -5.77337], [11.747076, -5.77337]], [[11.749136, -5.774057], [11.749136, -5.774744], [11.74845, -5.774744], [11.74845, -5.776117], [11.749136, -5.776117], [11.749136, -5.77543], [11.751196, -5.77543], [11.751196, -5.776117], [11.749823, -5.776117], [11.749823, -5.77749], [11.75257, -5.77749], [11.75257, -5.778177], [11.753256, -5.778177], [11.753256, -5.778864], [11.753943, -5.778864], [11.753943, -5.77955], [11.755316, -5.77955], [11.755316, -5.778864], [11.75463, -5.778864], [11.75463, -5.774744], [11.753943, -5.774744], [11.753943, -5.774057], [11.753256, -5.774057], [11.753256, -5.77337], [11.751883, -5.77337], [11.751883, -5.774057], [11.75051, -5.774057], [11.75051, -5.774744], [11.749823, -5.774744], [11.749823, -5.774057], [11.749136, -5.774057]], [[11.745703, -5.793283], [11.745703, -5.794656], [11.747076, -5.794656], [11.747076, -5.79397], [11.74639, -5.79397], [11.74639, -5.793283], [11.745703, -5.793283]], [[11.743643, -5.77749], [11.743643, -5.778864], [11.74227, -5.778864], [11.74227, -5.77955], [11.74433, -5.77955], [11.74433, -5.778864], [11.745016, -5.778864], [11.745016, -5.778177], [11.74433, -5.778177], [11.74433, -5.77749], [11.743643, -5.77749]], [[11.740897, -5.796716], [11.740897, -5.798776], [11.741583, -5.798776], [11.741583, -5.799463], [11.74227, -5.799463], [11.74227, -5.798776], [11.743643, -5.798776], [11.743643, -5.797403], [11.74227, -5.797403], [11.74227, -5.796716], [11.740897, -5.796716]], [[11.74227, -5.767877], [11.74227, -5.768564], [11.742957, -5.768564], [11.742957, -5.767877], [11.74227, -5.767877]], [[11.739523, -5.76925], [11.739523, -5.767877], [11.74021, -5.767877], [11.74021, -5.765817], [11.739523, -5.765817], [11.739523, -5.766504], [11.738837, -5.766504], [11.738837, -5.768564], [11.737463, -5.768564], [11.737463, -5.76925], [11.736777, -5.76925], [11.736777, -5.769937], [11.73815, -5.769937], [11.73815, -5.76925], [11.739523, -5.76925]], [[11.739523, -5.76925], [11.739523, -5.77131], [11.74021, -5.77131], [11.74021, -5.771997], [11.740897, -5.771997], [11.740897, -5.77131], [11.741583, -5.77131], [11.741583, -5.769937], [11.740897, -5.769937], [11.740897, -5.76925], [11.739523, -5.76925]], [[11.740897, -5.771997], [11.740897, -5.774744], [11.741583, -5.774744], [11.741583, -5.77543], [11.742957, -5.77543], [11.742957, -5.774057], [11.74227, -5.774057], [11.74227, -5.772684], [11.741583, -5.772684], [11.741583, -5.771997], [11.740897, -5.771997]], [[11.73403, -5.778864], [11.73403, -5.77955], [11.734717, -5.77955], [11.734717, -5.778864], [11.73403, -5.778864]], [[11.734717, -5.77955], [11.734717, -5.780923], [11.736777, -5.780923], [11.736777, -5.77955], [11.734717, -5.77955]], [[11.736777, -5.780923], [11.736777, -5.78161], [11.738837, -5.78161], [11.738837, -5.780923], [11.736777, -5.780923]], [[11.735403, -5.774744], [11.735403, -5.77543], [11.736777, -5.77543], [11.736777, -5.774744], [11.735403, -5.774744]], [[11.731284, -5.772684], [11.731284, -5.774057], [11.732657, -5.774057], [11.732657, -5.772684], [11.731284, -5.772684]], [[11.730597, -5.802209], [11.730597, -5.802896], [11.731284, -5.802896], [11.731284, -5.802209], [11.730597, -5.802209]], [[11.725104, -5.785043], [11.725104, -5.78573], [11.72373, -5.78573], [11.72373, -5.787103], [11.722357, -5.787103], [11.722357, -5.788477], [11.72373, -5.788477], [11.72373, -5.78779], [11.724417, -5.78779], [11.724417, -5.788477], [11.725104, -5.788477], [11.725104, -5.78779], [11.72579, -5.78779], [11.72579, -5.785043], [11.725104, -5.785043]], [[11.72579, -5.785043], [11.726477, -5.785043], [11.726477, -5.784357], [11.72579, -5.784357], [11.72579, -5.785043]], [[11.726477, -5.785043], [11.726477, -5.786417], [11.727164, -5.786417], [11.727164, -5.78779], [11.72785, -5.78779], [11.72785, -5.787103], [11.728537, -5.787103], [11.728537, -5.786417], [11.72785, -5.786417], [11.72785, -5.785043], [11.726477, -5.785043]], [[11.717551, -5.792596], [11.717551, -5.793283], [11.716864, -5.793283], [11.716864, -5.79397], [11.715491, -5.79397], [11.715491, -5.794656], [11.718237, -5.794656], [11.718237, -5.79397], [11.718924, -5.79397], [11.718924, -5.795343], [11.720297, -5.795343], [11.720297, -5.794656], [11.720984, -5.794656], [11.720984, -5.79397], [11.719611, -5.79397], [11.719611, -5.793283], [11.718924, -5.793283], [11.718924, -5.792596], [11.717551, -5.792596]], [[11.720984, -5.79397], [11.721671, -5.79397], [11.721671, -5.793283], [11.722357, -5.793283], [11.722357, -5.792596], [11.720984, -5.792596], [11.720984, -5.79397]], [[11.722357, -5.792596], [11.72373, -5.792596], [11.72373, -5.791223], [11.723044, -5.791223], [11.723044, -5.790536], [11.722357, -5.790536], [11.722357, -5.791223], [11.721671, -5.791223], [11.721671, -5.79191], [11.722357, -5.79191], [11.722357, -5.792596]], [[11.720984, -5.778177], [11.720984, -5.778864], [11.721671, -5.778864], [11.721671, -5.778177], [11.720984, -5.778177]], [[11.718924, -5.787103], [11.718924, -5.788477], [11.719611, -5.788477], [11.719611, -5.787103], [11.718924, -5.787103]], [[11.716864, -5.785043], [11.716864, -5.78573], [11.716177, -5.78573], [11.716177, -5.786417], [11.715491, -5.786417], [11.715491, -5.78779], [11.716864, -5.78779], [11.716864, -5.786417], [11.717551, -5.786417], [11.717551, -5.785043], [11.716864, -5.785043]], [[11.715491, -5.789163], [11.715491, -5.78985], [11.714804, -5.78985], [11.714804, -5.791223], [11.716177, -5.791223], [11.716177, -5.790536], [11.716864, -5.790536], [11.716864, -5.78985], [11.717551, -5.78985], [11.717551, -5.789163], [11.715491, -5.789163]], [[11.713431, -5.793283], [11.713431, -5.794656], [11.714117, -5.794656], [11.714117, -5.79397], [11.714804, -5.79397], [11.714804, -5.793283], [11.713431, -5.793283]], [[11.712057, -5.787103], [11.712057, -5.788477], [11.713431, -5.788477], [11.713431, -5.78779], [11.714117, -5.78779], [11.714117, -5.787103], [11.712057, -5.787103]], [[11.707938, -5.796716], [11.707938, -5.797403], [11.708624, -5.797403], [11.708624, -5.79809], [11.711371, -5.79809], [11.711371, -5.798776], [11.710684, -5.798776], [11.710684, -5.799463], [11.709311, -5.799463], [11.709311, -5.80015], [11.710684, -5.80015], [11.710684, -5.800836], [11.712057, -5.800836], [11.712057, -5.80015], [11.712744, -5.80015], [11.712744, -5.798776], [11.713431, -5.798776], [11.713431, -5.799463], [11.714117, -5.799463], [11.714117, -5.797403], [11.712744, -5.797403], [11.712744, -5.796716], [11.707938, -5.796716]], [[11.711371, -5.789163], [11.711371, -5.791223], [11.709311, -5.791223], [11.709311, -5.793283], [11.710684, -5.793283], [11.710684, -5.792596], [11.712057, -5.792596], [11.712057, -5.79191], [11.712744, -5.79191], [11.712744, -5.791223], [11.712057, -5.791223], [11.712057, -5.789163], [11.711371, -5.789163]], [[11.709998, -5.801523], [11.709998, -5.802209], [11.710684, -5.802209], [11.710684, -5.801523], [11.709998, -5.801523]], [[11.709311, -5.79397], [11.709311, -5.795343], [11.710684, -5.795343], [11.710684, -5.79397], [11.709311, -5.79397]], [[11.707251, -5.788477], [11.707251, -5.789163], [11.706564, -5.789163], [11.706564, -5.790536], [11.707938, -5.790536], [11.707938, -5.788477], [11.707251, -5.788477]], [[11.704504, -5.798776], [11.704504, -5.80015], [11.706564, -5.80015], [11.706564, -5.799463], [11.705191, -5.799463], [11.705191, -5.798776], [11.704504, -5.798776]], [[11.702444, -5.78985], [11.702444, -5.790536], [11.701758, -5.790536], [11.701758, -5.791223], [11.701071, -5.791223], [11.701071, -5.79191], [11.699698, -5.79191], [11.699698, -5.792596], [11.701071, -5.792596], [11.701071, -5.793283], [11.700385, -5.793283], [11.700385, -5.79397], [11.701758, -5.79397], [11.701758, -5.793283], [11.702444, -5.793283], [11.702444, -5.795343], [11.703131, -5.795343], [11.703131, -5.79603], [11.701758, -5.79603], [11.701758, -5.797403], [11.705878, -5.797403], [11.705878, -5.79603], [11.705191, -5.79603], [11.705191, -5.795343], [11.704504, -5.795343], [11.704504, -5.79397], [11.705878, -5.79397], [11.705878, -5.79191], [11.705191, -5.79191], [11.705191, -5.791223], [11.704504, -5.791223], [11.704504, -5.790536], [11.703818, -5.790536], [11.703818, -5.78985], [11.702444, -5.78985]], [[11.705191, -5.77749], [11.705191, -5.778177], [11.705878, -5.778177], [11.705878, -5.77749], [11.705191, -5.77749]], [[11.704504, -5.77543], [11.704504, -5.776117], [11.703818, -5.776117], [11.703818, -5.776804], [11.703131, -5.776804], [11.703131, -5.778177], [11.703818, -5.778177], [11.703818, -5.77749], [11.704504, -5.77749], [11.704504, -5.776804], [11.705191, -5.776804], [11.705191, -5.77543], [11.704504, -5.77543]], [[11.703131, -5.804269], [11.703131, -5.804956], [11.703818, -5.804956], [11.703818, -5.804269], [11.703131, -5.804269]], [[11.701071, -5.800836], [11.701071, -5.801523], [11.702444, -5.801523], [11.702444, -5.800836], [11.701071, -5.800836]], [[11.702444, -5.800836], [11.703818, -5.800836], [11.703818, -5.80015], [11.702444, -5.80015], [11.702444, -5.800836]], [[11.700385, -5.805643], [11.700385, -5.806329], [11.701071, -5.806329], [11.701071, -5.805643], [11.700385, -5.805643]], [[11.699698, -5.79809], [11.699698, -5.799463], [11.700385, -5.799463], [11.700385, -5.798776], [11.701071, -5.798776], [11.701071, -5.79809], [11.699698, -5.79809]], [[11.697638, -5.793283], [11.697638, -5.79397], [11.696265, -5.79397], [11.696265, -5.795343], [11.699011, -5.795343], [11.699011, -5.796716], [11.701071, -5.796716], [11.701071, -5.795343], [11.699698, -5.795343], [11.699698, -5.794656], [11.699011, -5.794656], [11.699011, -5.793283], [11.697638, -5.793283]], [[11.696265, -5.79603], [11.696265, -5.797403], [11.698325, -5.797403], [11.698325, -5.796716], [11.697638, -5.796716], [11.697638, -5.79603], [11.696265, -5.79603]], [[11.698325, -5.797403], [11.698325, -5.79809], [11.699011, -5.79809], [11.699011, -5.797403], [11.698325, -5.797403]], [[11.694891, -5.799463], [11.694891, -5.80015], [11.695578, -5.80015], [11.695578, -5.799463], [11.694891, -5.799463]], [[11.690085, -5.801523], [11.690085, -5.802896], [11.689398, -5.802896], [11.689398, -5.803583], [11.690085, -5.803583], [11.690085, -5.804269], [11.690771, -5.804269], [11.690771, -5.804956], [11.692145, -5.804956], [11.692145, -5.803583], [11.691458, -5.803583], [11.691458, -5.802896], [11.692145, -5.802896], [11.692145, -5.802209], [11.691458, -5.802209], [11.691458, -5.801523], [11.690085, -5.801523]], [[11.681158, -5.806329], [11.681158, -5.807016], [11.681845, -5.807016], [11.681845, -5.806329], [11.681158, -5.806329]], [[11.680472, -5.803583], [11.680472, -5.804269], [11.681158, -5.804269], [11.681158, -5.803583], [11.680472, -5.803583]], [[11.681158, -5.803583], [11.681845, -5.803583], [11.681845, -5.802209], [11.681158, -5.802209], [11.681158, -5.803583]], [[11.679785, -5.826929], [11.679785, -5.828302], [11.681158, -5.828302], [11.681158, -5.827615], [11.681845, -5.827615], [11.681845, -5.826929], [11.679785, -5.826929]], [[11.677039, -5.801523], [11.677039, -5.802209], [11.678412, -5.802209], [11.678412, -5.802896], [11.677725, -5.802896], [11.677725, -5.804269], [11.678412, -5.804269], [11.678412, -5.803583], [11.679099, -5.803583], [11.679099, -5.801523], [11.677039, -5.801523]], [[11.677725, -5.804956], [11.677725, -5.805643], [11.678412, -5.805643], [11.678412, -5.804956], [11.677725, -5.804956]], [[11.677039, -5.816629], [11.677039, -5.817316], [11.677725, -5.817316], [11.677725, -5.816629], [11.677039, -5.816629]], [[11.675665, -5.813882], [11.675665, -5.814569], [11.676352, -5.814569], [11.676352, -5.813882], [11.675665, -5.813882]], [[11.676352, -5.814569], [11.676352, -5.815256], [11.677725, -5.815256], [11.677725, -5.814569], [11.676352, -5.814569]], [[11.676352, -5.818689], [11.676352, -5.819376], [11.677039, -5.819376], [11.677039, -5.818689], [11.676352, -5.818689]], [[11.674979, -5.804269], [11.674979, -5.805643], [11.675665, -5.805643], [11.675665, -5.806329], [11.674979, -5.806329], [11.674979, -5.807016], [11.673605, -5.807016], [11.673605, -5.807703], [11.675665, -5.807703], [11.675665, -5.807016], [11.676352, -5.807016], [11.676352, -5.807703], [11.677039, -5.807703], [11.677039, -5.806329], [11.676352, -5.806329], [11.676352, -5.805643], [11.677039, -5.805643], [11.677039, -5.804956], [11.676352, -5.804956], [11.676352, -5.804269], [11.674979, -5.804269]], [[11.671545, -5.809076], [11.671545, -5.812509], [11.672232, -5.812509], [11.672232, -5.813196], [11.674292, -5.813196], [11.674292, -5.810449], [11.672919, -5.810449], [11.672919, -5.809076], [11.671545, -5.809076]], [[11.671545, -5.805643], [11.671545, -5.806329], [11.672919, -5.806329], [11.672919, -5.805643], [11.671545, -5.805643]], [[11.667426, -5.807703], [11.667426, -5.808389], [11.666739, -5.808389], [11.666739, -5.809076], [11.666052, -5.809076], [11.666052, -5.808389], [11.665366, -5.808389], [11.665366, -5.809763], [11.666052, -5.809763], [11.666052, -5.810449], [11.665366, -5.810449], [11.665366, -5.812509], [11.664679, -5.812509], [11.664679, -5.813196], [11.663306, -5.813196], [11.663306, -5.815256], [11.664679, -5.815256], [11.664679, -5.816629], [11.662619, -5.816629], [11.662619, -5.819376], [11.661932, -5.819376], [11.661932, -5.820062], [11.663992, -5.820062], [11.663992, -5.818002], [11.663306, -5.818002], [11.663306, -5.817316], [11.664679, -5.817316], [11.664679, -5.818002], [11.665366, -5.818002], [11.665366, -5.818689], [11.666052, -5.818689], [11.666052, -5.819376], [11.666739, -5.819376], [11.666739, -5.818689], [11.667426, -5.818689], [11.667426, -5.817316], [11.668112, -5.817316], [11.668112, -5.818002], [11.668799, -5.818002], [11.668799, -5.817316], [11.669485, -5.817316], [11.669485, -5.816629], [11.670172, -5.816629], [11.670172, -5.814569], [11.668112, -5.814569], [11.668112, -5.813196], [11.668799, -5.813196], [11.668799, -5.812509], [11.669485, -5.812509], [11.669485, -5.811823], [11.668799, -5.811823], [11.668799, -5.810449], [11.667426, -5.810449], [11.667426, -5.809076], [11.668112, -5.809076], [11.668112, -5.807703], [11.667426, -5.807703]], [[11.670172, -5.814569], [11.670859, -5.814569], [11.670859, -5.813882], [11.670172, -5.813882], [11.670172, -5.814569]], [[11.668112, -5.818689], [11.668112, -5.820749], [11.668799, -5.820749], [11.668799, -5.820062], [11.669485, -5.820062], [11.669485, -5.818689], [11.668112, -5.818689]], [[11.668112, -5.842035], [11.668112, -5.842722], [11.668799, -5.842722], [11.668799, -5.842035], [11.668112, -5.842035]], [[11.666052, -5.823495], [11.666052, -5.824182], [11.664679, -5.824182], [11.664679, -5.826929], [11.663992, -5.826929], [11.663992, -5.829675], [11.662619, -5.829675], [11.662619, -5.831735], [11.661932, -5.831735], [11.661932, -5.832422], [11.660559, -5.832422], [11.660559, -5.833795], [11.659872, -5.833795], [11.659872, -5.834482], [11.658499, -5.834482], [11.658499, -5.835168], [11.657812, -5.835168], [11.657812, -5.835855], [11.657126, -5.835855], [11.657126, -5.836542], [11.656439, -5.836542], [11.656439, -5.837228], [11.655753, -5.837228], [11.655753, -5.838602], [11.655066, -5.838602], [11.655066, -5.839288], [11.654379, -5.839288], [11.654379, -5.841348], [11.655066, -5.841348], [11.655066, -5.842035], [11.655753, -5.842035], [11.655753, -5.841348], [11.656439, -5.841348], [11.656439, -5.840662], [11.657126, -5.840662], [11.657126, -5.839975], [11.657812, -5.839975], [11.657812, -5.839288], [11.658499, -5.839288], [11.658499, -5.838602], [11.659186, -5.838602], [11.659186, -5.837915], [11.660559, -5.837915], [11.660559, -5.837228], [11.661246, -5.837228], [11.661246, -5.835855], [11.662619, -5.835855], [11.662619, -5.835168], [11.663306, -5.835168], [11.663306, -5.833795], [11.663992, -5.833795], [11.663992, -5.833109], [11.664679, -5.833109], [11.664679, -5.832422], [11.665366, -5.832422], [11.665366, -5.830362], [11.666052, -5.830362], [11.666052, -5.828989], [11.666739, -5.828989], [11.666739, -5.826929], [11.667426, -5.826929], [11.667426, -5.826242], [11.668799, -5.826242], [11.668799, -5.825555], [11.668112, -5.825555], [11.668112, -5.824869], [11.667426, -5.824869], [11.667426, -5.824182], [11.666739, -5.824182], [11.666739, -5.823495], [11.666052, -5.823495]], [[11.665366, -5.836542], [11.665366, -5.837915], [11.668112, -5.837915], [11.668112, -5.836542], [11.665366, -5.836542]], [[11.659186, -5.819376], [11.659186, -5.822809], [11.660559, -5.822809], [11.660559, -5.826929], [11.659872, -5.826929], [11.659872, -5.829675], [11.661932, -5.829675], [11.661932, -5.828302], [11.662619, -5.828302], [11.662619, -5.827615], [11.663306, -5.827615], [11.663306, -5.824182], [11.663992, -5.824182], [11.663992, -5.822809], [11.662619, -5.822809], [11.662619, -5.824182], [11.661932, -5.824182], [11.661932, -5.822809], [11.661246, -5.822809], [11.661246, -5.822122], [11.660559, -5.822122], [11.660559, -5.819376], [11.659186, -5.819376]], [[11.660559, -5.813196], [11.660559, -5.813882], [11.661932, -5.813882], [11.661932, -5.813196], [11.660559, -5.813196]], [[11.661932, -5.813196], [11.662619, -5.813196], [11.662619, -5.811823], [11.661932, -5.811823], [11.661932, -5.813196]], [[11.659872, -5.815256], [11.659872, -5.816629], [11.661246, -5.816629], [11.661246, -5.815256], [11.659872, -5.815256]], [[11.658499, -5.811823], [11.658499, -5.812509], [11.659872, -5.812509], [11.659872, -5.811823], [11.658499, -5.811823]], [[11.658499, -5.815256], [11.658499, -5.816629], [11.659186, -5.816629], [11.659186, -5.815256], [11.658499, -5.815256]], [[11.652319, -5.835855], [11.652319, -5.835168], [11.653006, -5.835168], [11.653006, -5.834482], [11.653693, -5.834482], [11.653693, -5.833795], [11.655066, -5.833795], [11.655066, -5.833109], [11.655753, -5.833109], [11.655753, -5.832422], [11.656439, -5.832422], [11.656439, -5.831735], [11.657126, -5.831735], [11.657126, -5.828989], [11.657812, -5.828989], [11.657812, -5.828302], [11.658499, -5.828302], [11.658499, -5.826242], [11.657812, -5.826242], [11.657812, -5.825555], [11.658499, -5.825555], [11.658499, -5.824182], [11.656439, -5.824182], [11.656439, -5.824869], [11.655066, -5.824869], [11.655066, -5.826929], [11.654379, -5.826929], [11.654379, -5.829675], [11.653693, -5.829675], [11.653693, -5.831049], [11.653006, -5.831049], [11.653006, -5.832422], [11.651633, -5.832422], [11.651633, -5.833795], [11.650946, -5.833795], [11.650946, -5.835168], [11.649573, -5.835168], [11.649573, -5.837915], [11.648886, -5.837915], [11.648886, -5.838602], [11.648199, -5.838602], [11.648199, -5.839975], [11.64614, -5.839975], [11.64614, -5.840662], [11.645453, -5.840662], [11.645453, -5.841348], [11.64614, -5.841348], [11.64614, -5.842722], [11.645453, -5.842722], [11.645453, -5.843408], [11.644766, -5.843408], [11.644766, -5.844095], [11.64408, -5.844095], [11.64408, -5.844781], [11.642706, -5.844781], [11.642706, -5.845468], [11.64202, -5.845468], [11.64202, -5.846155], [11.64408, -5.846155], [11.64408, -5.845468], [11.644766, -5.845468], [11.644766, -5.846155], [11.645453, -5.846155], [11.645453, -5.845468], [11.64614, -5.845468], [11.64614, -5.844781], [11.647513, -5.844781], [11.647513, -5.844095], [11.648199, -5.844095], [11.648199, -5.843408], [11.648886, -5.843408], [11.648886, -5.842035], [11.649573, -5.842035], [11.649573, -5.840662], [11.650259, -5.840662], [11.650259, -5.839288], [11.650946, -5.839288], [11.650946, -5.838602], [11.652319, -5.838602], [11.652319, -5.837915], [11.653006, -5.837915], [11.653006, -5.837228], [11.653693, -5.837228], [11.653693, -5.835855], [11.652319, -5.835855]], [[11.655753, -5.811823], [11.655753, -5.815942], [11.656439, -5.815942], [11.656439, -5.815256], [11.657812, -5.815256], [11.657812, -5.813882], [11.657126, -5.813882], [11.657126, -5.813196], [11.656439, -5.813196], [11.656439, -5.811823], [11.655753, -5.811823]], [[11.655753, -5.819376], [11.655753, -5.820749], [11.655066, -5.820749], [11.655066, -5.821436], [11.655753, -5.821436], [11.655753, -5.822809], [11.656439, -5.822809], [11.656439, -5.821436], [11.657126, -5.821436], [11.657126, -5.819376], [11.655753, -5.819376]], [[11.655066, -5.817316], [11.655066, -5.818002], [11.654379, -5.818002], [11.654379, -5.819376], [11.655066, -5.819376], [11.655066, -5.818689], [11.655753, -5.818689], [11.655753, -5.817316], [11.655066, -5.817316]], [[11.651633, -5.846841], [11.651633, -5.848901], [11.652319, -5.848901], [11.652319, -5.848215], [11.653006, -5.848215], [11.653006, -5.847528], [11.652319, -5.847528], [11.652319, -5.846841], [11.651633, -5.846841]], [[11.650946, -5.814569], [11.650946, -5.815256], [11.650259, -5.815256], [11.650259, -5.816629], [11.650946, -5.816629], [11.650946, -5.817316], [11.651633, -5.817316], [11.651633, -5.818689], [11.652319, -5.818689], [11.652319, -5.814569], [11.650946, -5.814569]], [[11.652319, -5.814569], [11.653006, -5.814569], [11.653006, -5.813882], [11.652319, -5.813882], [11.652319, -5.814569]], [[11.650946, -5.819376], [11.650946, -5.820062], [11.652319, -5.820062], [11.652319, -5.819376], [11.650946, -5.819376]], [[11.650259, -5.818002], [11.650259, -5.818689], [11.650946, -5.818689], [11.650946, -5.818002], [11.650259, -5.818002]], [[11.648886, -5.853708], [11.648886, -5.854395], [11.650259, -5.854395], [11.650259, -5.853708], [11.648886, -5.853708]], [[11.647513, -5.855081], [11.647513, -5.855768], [11.648886, -5.855768], [11.648886, -5.855081], [11.647513, -5.855081]], [[11.647513, -5.832422], [11.647513, -5.833109], [11.648199, -5.833109], [11.648199, -5.832422], [11.647513, -5.832422]], [[11.646826, -5.857828], [11.646826, -5.859201], [11.647513, -5.859201], [11.647513, -5.857828], [11.646826, -5.857828]], [[11.645453, -5.804956], [11.645453, -5.805643], [11.64614, -5.805643], [11.64614, -5.806329], [11.646826, -5.806329], [11.646826, -5.804956], [11.645453, -5.804956]], [[11.64408, -5.848215], [11.64408, -5.848901], [11.643393, -5.848901], [11.643393, -5.849588], [11.64408, -5.849588], [11.64408, -5.850275], [11.645453, -5.850275], [11.645453, -5.848215], [11.64408, -5.848215]], [[11.6379, -5.810449], [11.6379, -5.811136], [11.637213, -5.811136], [11.637213, -5.811823], [11.6379, -5.811823], [11.6379, -5.812509], [11.638586, -5.812509], [11.638586, -5.813196], [11.6379, -5.813196], [11.6379, -5.813882], [11.640646, -5.813882], [11.640646, -5.813196], [11.64202, -5.813196], [11.64202, -5.812509], [11.643393, -5.812509], [11.643393, -5.811823], [11.642706, -5.811823], [11.642706, -5.811136], [11.64202, -5.811136], [11.64202, -5.810449], [11.6379, -5.810449]], [[11.637213, -5.814569], [11.637213, -5.815256], [11.636526, -5.815256], [11.636526, -5.815942], [11.637213, -5.815942], [11.637213, -5.817316], [11.6379, -5.817316], [11.6379, -5.818002], [11.638586, -5.818002], [11.638586, -5.819376], [11.640646, -5.819376], [11.640646, -5.820062], [11.64202, -5.820062], [11.64202, -5.817316], [11.643393, -5.817316], [11.643393, -5.816629], [11.64202, -5.816629], [11.64202, -5.815256], [11.6379, -5.815256], [11.6379, -5.814569], [11.637213, -5.814569]], [[11.641333, -5.837228], [11.641333, -5.837915], [11.64202, -5.837915], [11.64202, -5.837228], [11.641333, -5.837228]], [[11.639273, -5.848215], [11.639273, -5.849588], [11.63996, -5.849588], [11.63996, -5.850275], [11.640646, -5.850275], [11.640646, -5.849588], [11.641333, -5.849588], [11.641333, -5.848901], [11.640646, -5.848901], [11.640646, -5.848215], [11.639273, -5.848215]], [[11.638586, -5.833795], [11.638586, -5.835168], [11.6379, -5.835168], [11.6379, -5.835855], [11.638586, -5.835855], [11.638586, -5.836542], [11.639273, -5.836542], [11.639273, -5.835855], [11.63996, -5.835855], [11.63996, -5.834482], [11.641333, -5.834482], [11.641333, -5.833795], [11.638586, -5.833795]], [[11.63584, -5.809076], [11.63584, -5.809763], [11.637213, -5.809763], [11.637213, -5.809076], [11.63584, -5.809076]], [[11.637213, -5.809076], [11.6379, -5.809076], [11.6379, -5.808389], [11.638586, -5.808389], [11.638586, -5.807016], [11.637213, -5.807016], [11.637213, -5.809076]], [[11.63584, -5.795343], [11.63584, -5.796716], [11.635153, -5.796716], [11.635153, -5.797403], [11.63584, -5.797403], [11.63584, -5.79809], [11.636526, -5.79809], [11.636526, -5.797403], [11.6379, -5.797403], [11.6379, -5.796716], [11.637213, -5.796716], [11.637213, -5.795343], [11.63584, -5.795343]], [[11.632407, -5.846841], [11.632407, -5.845468], [11.633093, -5.845468], [11.633093, -5.844781], [11.63378, -5.844781], [11.63378, -5.844095], [11.634467, -5.844095], [11.634467, -5.843408], [11.635153, -5.843408], [11.635153, -5.842722], [11.63584, -5.842722], [11.63584, -5.841348], [11.637213, -5.841348], [11.637213, -5.840662], [11.636526, -5.840662], [11.636526, -5.838602], [11.635153, -5.838602], [11.635153, -5.839288], [11.634467, -5.839288], [11.634467, -5.839975], [11.63378, -5.839975], [11.63378, -5.840662], [11.632407, -5.840662], [11.632407, -5.842722], [11.633093, -5.842722], [11.633093, -5.843408], [11.631033, -5.843408], [11.631033, -5.844781], [11.630347, -5.844781], [11.630347, -5.846841], [11.632407, -5.846841]], [[11.632407, -5.846841], [11.632407, -5.847528], [11.633093, -5.847528], [11.633093, -5.848215], [11.63378, -5.848215], [11.63378, -5.846841], [11.632407, -5.846841]], [[11.634467, -5.847528], [11.634467, -5.848215], [11.63584, -5.848215], [11.63584, -5.847528], [11.634467, -5.847528]], [[11.63378, -5.834482], [11.63378, -5.835168], [11.633093, -5.835168], [11.633093, -5.836542], [11.635153, -5.836542], [11.635153, -5.834482], [11.63378, -5.834482]], [[11.63378, -5.809763], [11.63378, -5.811136], [11.634467, -5.811136], [11.634467, -5.809763], [11.63378, -5.809763]], [[11.631033, -5.806329], [11.631033, -5.807703], [11.63172, -5.807703], [11.63172, -5.808389], [11.631033, -5.808389], [11.631033, -5.809076], [11.63172, -5.809076], [11.63172, -5.809763], [11.633093, -5.809763], [11.633093, -5.808389], [11.63378, -5.808389], [11.63378, -5.807016], [11.633093, -5.807016], [11.633093, -5.806329], [11.631033, -5.806329]], [[11.63172, -5.827615], [11.63172, -5.828302], [11.632407, -5.828302], [11.632407, -5.827615], [11.63172, -5.827615]], [[11.632407, -5.828302], [11.632407, -5.829675], [11.633093, -5.829675], [11.633093, -5.828302], [11.632407, -5.828302]], [[11.628973, -5.832422], [11.628973, -5.833109], [11.628287, -5.833109], [11.628287, -5.833795], [11.6276, -5.833795], [11.6276, -5.835168], [11.628287, -5.835168], [11.628287, -5.835855], [11.628973, -5.835855], [11.628973, -5.835168], [11.62966, -5.835168], [11.62966, -5.835855], [11.632407, -5.835855], [11.632407, -5.834482], [11.633093, -5.834482], [11.633093, -5.833795], [11.632407, -5.833795], [11.632407, -5.833109], [11.63172, -5.833109], [11.63172, -5.832422], [11.628973, -5.832422]], [[11.630347, -5.848215], [11.630347, -5.849588], [11.631033, -5.849588], [11.631033, -5.848901], [11.632407, -5.848901], [11.632407, -5.848215], [11.630347, -5.848215]], [[11.631033, -5.858514], [11.631033, -5.859201], [11.63172, -5.859201], [11.63172, -5.858514], [11.631033, -5.858514]], [[11.631033, -5.817316], [11.631033, -5.818002], [11.63172, -5.818002], [11.63172, -5.817316], [11.631033, -5.817316]], [[11.628973, -5.809076], [11.628973, -5.810449], [11.62966, -5.810449], [11.62966, -5.809076], [11.628973, -5.809076]], [[11.628287, -5.848215], [11.628287, -5.848901], [11.6276, -5.848901], [11.6276, -5.849588], [11.626913, -5.849588], [11.626913, -5.850275], [11.626227, -5.850275], [11.626227, -5.850961], [11.62554, -5.850961], [11.62554, -5.853708], [11.626913, -5.853708], [11.626913, -5.853021], [11.628287, -5.853021], [11.628287, -5.852335], [11.628973, -5.852335], [11.628973, -5.848215], [11.628287, -5.848215]], [[11.6276, -5.824869], [11.6276, -5.825555], [11.628287, -5.825555], [11.628287, -5.824869], [11.6276, -5.824869]], [[11.624167, -5.813196], [11.624167, -5.814569], [11.624854, -5.814569], [11.624854, -5.813196], [11.624167, -5.813196]], [[11.622794, -5.802896], [11.622794, -5.804269], [11.62348, -5.804269], [11.62348, -5.802896], [11.622794, -5.802896]], [[11.62348, -5.804269], [11.62348, -5.804956], [11.624167, -5.804956], [11.624167, -5.804269], [11.62348, -5.804269]], [[11.624167, -5.804956], [11.624167, -5.805643], [11.624854, -5.805643], [11.624854, -5.804956], [11.624167, -5.804956]], [[11.622794, -5.823495], [11.622794, -5.824869], [11.62348, -5.824869], [11.62348, -5.823495], [11.622794, -5.823495]], [[11.614554, -5.80015], [11.614554, -5.802209], [11.613867, -5.802209], [11.613867, -5.803583], [11.614554, -5.803583], [11.614554, -5.804956], [11.61524, -5.804956], [11.61524, -5.805643], [11.616614, -5.805643], [11.616614, -5.807016], [11.61936, -5.807016], [11.61936, -5.808389], [11.620734, -5.808389], [11.620734, -5.809076], [11.62142, -5.809076], [11.62142, -5.808389], [11.622107, -5.808389], [11.622107, -5.807703], [11.62142, -5.807703], [11.62142, -5.805643], [11.620734, -5.805643], [11.620734, -5.803583], [11.620047, -5.803583], [11.620047, -5.801523], [11.615927, -5.801523], [11.615927, -5.800836], [11.61524, -5.800836], [11.61524, -5.80015], [11.614554, -5.80015]], [[11.61524, -5.843408], [11.61524, -5.844095], [11.615927, -5.844095], [11.615927, -5.843408], [11.61524, -5.843408]], [[11.615927, -5.843408], [11.6173, -5.843408], [11.6173, -5.842722], [11.617987, -5.842722], [11.617987, -5.842035], [11.615927, -5.842035], [11.615927, -5.843408]], [[11.616614, -5.792596], [11.616614, -5.79397], [11.615927, -5.79397], [11.615927, -5.795343], [11.61524, -5.795343], [11.61524, -5.79603], [11.614554, -5.79603], [11.614554, -5.796716], [11.613867, -5.796716], [11.613867, -5.797403], [11.612494, -5.797403], [11.612494, -5.79809], [11.614554, -5.79809], [11.614554, -5.798776], [11.61524, -5.798776], [11.61524, -5.799463], [11.615927, -5.799463], [11.615927, -5.80015], [11.6173, -5.80015], [11.6173, -5.79809], [11.615927, -5.79809], [11.615927, -5.797403], [11.6173, -5.797403], [11.6173, -5.794656], [11.617987, -5.794656], [11.617987, -5.792596], [11.616614, -5.792596]], [[11.616614, -5.809076], [11.616614, -5.810449], [11.6173, -5.810449], [11.6173, -5.809076], [11.616614, -5.809076]], [[11.613867, -5.815256], [11.613867, -5.817316], [11.61524, -5.817316], [11.61524, -5.816629], [11.614554, -5.816629], [11.614554, -5.815256], [11.613867, -5.815256]], [[11.613181, -5.793283], [11.613181, -5.79397], [11.610434, -5.79397], [11.610434, -5.794656], [11.609061, -5.794656], [11.609061, -5.795343], [11.609747, -5.795343], [11.609747, -5.79603], [11.611807, -5.79603], [11.611807, -5.795343], [11.612494, -5.795343], [11.612494, -5.794656], [11.613181, -5.794656], [11.613181, -5.795343], [11.613867, -5.795343], [11.613867, -5.794656], [11.614554, -5.794656], [11.614554, -5.79397], [11.613867, -5.79397], [11.613867, -5.793283], [11.613181, -5.793283]], [[11.612494, -5.815256], [11.612494, -5.817316], [11.613181, -5.817316], [11.613181, -5.815256], [11.612494, -5.815256]], [[11.608374, -5.806329], [11.608374, -5.807703], [11.607001, -5.807703], [11.607001, -5.809076], [11.604941, -5.809076], [11.604941, -5.810449], [11.603568, -5.810449], [11.603568, -5.809763], [11.604254, -5.809763], [11.604254, -5.808389], [11.606314, -5.808389], [11.606314, -5.807016], [11.603568, -5.807016], [11.603568, -5.807703], [11.602194, -5.807703], [11.602194, -5.808389], [11.601508, -5.808389], [11.601508, -5.809076], [11.600821, -5.809076], [11.600821, -5.811136], [11.601508, -5.811136], [11.601508, -5.811823], [11.602194, -5.811823], [11.602194, -5.811136], [11.602881, -5.811136], [11.602881, -5.811823], [11.603568, -5.811823], [11.603568, -5.812509], [11.604254, -5.812509], [11.604254, -5.813196], [11.603568, -5.813196], [11.603568, -5.814569], [11.604941, -5.814569], [11.604941, -5.813882], [11.606314, -5.813882], [11.606314, -5.812509], [11.607001, -5.812509], [11.607001, -5.811136], [11.608374, -5.811136], [11.608374, -5.810449], [11.609061, -5.810449], [11.609061, -5.809076], [11.609747, -5.809076], [11.609747, -5.808389], [11.610434, -5.808389], [11.610434, -5.807703], [11.611121, -5.807703], [11.611121, -5.806329], [11.608374, -5.806329]], [[11.609747, -5.833109], [11.609747, -5.833795], [11.610434, -5.833795], [11.610434, -5.833109], [11.609747, -5.833109]], [[11.608374, -5.820749], [11.608374, -5.821436], [11.609747, -5.821436], [11.609747, -5.820749], [11.608374, -5.820749]], [[11.609747, -5.820749], [11.610434, -5.820749], [11.610434, -5.820062], [11.609747, -5.820062], [11.609747, -5.820749]], [[11.606314, -5.841348], [11.606314, -5.842035], [11.607687, -5.842035], [11.607687, -5.841348], [11.606314, -5.841348]], [[11.605627, -5.842722], [11.605627, -5.843408], [11.604941, -5.843408], [11.604941, -5.844095], [11.604254, -5.844095], [11.604254, -5.844781], [11.603568, -5.844781], [11.603568, -5.845468], [11.602881, -5.845468], [11.602881, -5.846841], [11.603568, -5.846841], [11.603568, -5.846155], [11.604254, -5.846155], [11.604254, -5.845468], [11.604941, -5.845468], [11.604941, -5.844781], [11.606314, -5.844781], [11.606314, -5.842722], [11.605627, -5.842722]], [[11.600821, -5.848215], [11.600821, -5.848901], [11.601508, -5.848901], [11.601508, -5.848215], [11.600821, -5.848215]], [[11.600134, -5.849588], [11.600134, -5.850275], [11.601508, -5.850275], [11.601508, -5.849588], [11.600134, -5.849588]], [[11.596701, -5.78985], [11.596701, -5.79191], [11.598074, -5.79191], [11.598074, -5.790536], [11.597388, -5.790536], [11.597388, -5.78985], [11.596701, -5.78985]], [[11.596014, -5.823495], [11.596014, -5.824182], [11.595328, -5.824182], [11.595328, -5.824869], [11.594641, -5.824869], [11.594641, -5.826242], [11.593954, -5.826242], [11.593954, -5.826929], [11.592581, -5.826929], [11.592581, -5.827615], [11.593268, -5.827615], [11.593268, -5.828302], [11.591895, -5.828302], [11.591895, -5.829675], [11.591208, -5.829675], [11.591208, -5.830362], [11.593268, -5.830362], [11.593268, -5.829675], [11.593954, -5.829675], [11.593954, -5.828302], [11.594641, -5.828302], [11.594641, -5.827615], [11.595328, -5.827615], [11.595328, -5.826242], [11.597388, -5.826242], [11.597388, -5.824869], [11.596701, -5.824869], [11.596701, -5.824182], [11.597388, -5.824182], [11.597388, -5.823495], [11.596014, -5.823495]], [[11.597388, -5.823495], [11.598074, -5.823495], [11.598074, -5.822809], [11.597388, -5.822809], [11.597388, -5.823495]], [[11.596014, -5.79603], [11.596014, -5.796716], [11.595328, -5.796716], [11.595328, -5.797403], [11.596701, -5.797403], [11.596701, -5.79603], [11.596014, -5.79603]], [[11.590521, -5.814569], [11.590521, -5.815256], [11.592581, -5.815256], [11.592581, -5.814569], [11.590521, -5.814569]], [[11.590521, -5.831049], [11.590521, -5.831735], [11.589148, -5.831735], [11.589148, -5.833109], [11.590521, -5.833109], [11.590521, -5.832422], [11.591208, -5.832422], [11.591208, -5.831049], [11.590521, -5.831049]], [[11.586401, -5.824182], [11.586401, -5.824869], [11.585028, -5.824869], [11.585028, -5.825555], [11.584341, -5.825555], [11.584341, -5.826929], [11.583655, -5.826929], [11.583655, -5.828302], [11.582968, -5.828302], [11.582968, -5.829675], [11.583655, -5.829675], [11.583655, -5.831049], [11.581595, -5.831049], [11.581595, -5.828989], [11.577475, -5.828989], [11.577475, -5.832422], [11.580222, -5.832422], [11.580222, -5.833109], [11.584341, -5.833109], [11.584341, -5.832422], [11.585715, -5.832422], [11.585715, -5.831735], [11.586401, -5.831735], [11.586401, -5.831049], [11.587775, -5.831049], [11.587775, -5.830362], [11.588461, -5.830362], [11.588461, -5.829675], [11.589148, -5.829675], [11.589148, -5.828989], [11.589835, -5.828989], [11.589835, -5.826929], [11.590521, -5.826929], [11.590521, -5.826242], [11.591208, -5.826242], [11.591208, -5.824182], [11.589835, -5.824182], [11.589835, -5.824869], [11.587775, -5.824869], [11.587775, -5.824182], [11.586401, -5.824182]], [[11.585715, -5.796716], [11.585715, -5.798776], [11.585028, -5.798776], [11.585028, -5.80015], [11.585715, -5.80015], [11.585715, -5.800836], [11.586401, -5.800836], [11.586401, -5.801523], [11.587088, -5.801523], [11.587088, -5.800836], [11.587775, -5.800836], [11.587775, -5.79809], [11.588461, -5.79809], [11.588461, -5.797403], [11.587775, -5.797403], [11.587775, -5.796716], [11.585715, -5.796716]], [[11.587775, -5.800836], [11.587775, -5.802209], [11.587088, -5.802209], [11.587088, -5.804269], [11.586401, -5.804269], [11.586401, -5.804956], [11.585715, -5.804956], [11.585715, -5.805643], [11.585028, -5.805643], [11.585028, -5.807016], [11.585715, -5.807016], [11.585715, -5.807703], [11.587088, -5.807703], [11.587088, -5.806329], [11.587775, -5.806329], [11.587775, -5.804956], [11.588461, -5.804956], [11.588461, -5.804269], [11.589148, -5.804269], [11.589148, -5.803583], [11.588461, -5.803583], [11.588461, -5.802209], [11.589835, -5.802209], [11.589835, -5.800836], [11.587775, -5.800836]], [[11.587088, -5.833109], [11.587088, -5.833795], [11.586401, -5.833795], [11.586401, -5.834482], [11.584341, -5.834482], [11.584341, -5.835168], [11.583655, -5.835168], [11.583655, -5.835855], [11.582968, -5.835855], [11.582968, -5.836542], [11.581595, -5.836542], [11.581595, -5.837915], [11.582281, -5.837915], [11.582281, -5.839288], [11.582968, -5.839288], [11.582968, -5.838602], [11.584341, -5.838602], [11.584341, -5.837915], [11.585715, -5.837915], [11.585715, -5.837228], [11.586401, -5.837228], [11.586401, -5.836542], [11.587775, -5.836542], [11.587775, -5.835855], [11.588461, -5.835855], [11.588461, -5.835168], [11.589148, -5.835168], [11.589148, -5.833795], [11.588461, -5.833795], [11.588461, -5.833109], [11.587088, -5.833109]], [[11.584341, -5.815256], [11.584341, -5.815942], [11.583655, -5.815942], [11.583655, -5.817316], [11.582968, -5.817316], [11.582968, -5.818002], [11.582281, -5.818002], [11.582281, -5.818689], [11.581595, -5.818689], [11.581595, -5.820062], [11.582281, -5.820062], [11.582281, -5.820749], [11.579535, -5.820749], [11.579535, -5.821436], [11.578162, -5.821436], [11.578162, -5.822122], [11.577475, -5.822122], [11.577475, -5.822809], [11.576788, -5.822809], [11.576788, -5.825555], [11.576102, -5.825555], [11.576102, -5.826242], [11.575415, -5.826242], [11.575415, -5.827615], [11.576102, -5.827615], [11.576102, -5.828302], [11.577475, -5.828302], [11.577475, -5.827615], [11.578162, -5.827615], [11.578162, -5.826929], [11.580222, -5.826929], [11.580222, -5.826242], [11.581595, -5.826242], [11.581595, -5.825555], [11.582968, -5.825555], [11.582968, -5.824869], [11.583655, -5.824869], [11.583655, -5.822809], [11.584341, -5.822809], [11.584341, -5.822122], [11.585028, -5.822122], [11.585028, -5.821436], [11.585715, -5.821436], [11.585715, -5.820749], [11.584341, -5.820749], [11.584341, -5.819376], [11.585028, -5.819376], [11.585028, -5.816629], [11.585715, -5.816629], [11.585715, -5.815942], [11.585028, -5.815942], [11.585028, -5.815256], [11.584341, -5.815256]], [[11.585715, -5.820749], [11.586401, -5.820749], [11.586401, -5.819376], [11.585715, -5.819376], [11.585715, -5.820749]], [[11.586401, -5.819376], [11.587775, -5.819376], [11.587775, -5.818689], [11.586401, -5.818689], [11.586401, -5.819376]], [[11.582968, -5.791223], [11.582968, -5.79191], [11.582281, -5.79191], [11.582281, -5.792596], [11.581595, -5.792596], [11.581595, -5.793283], [11.578848, -5.793283], [11.578848, -5.79397], [11.578162, -5.79397], [11.578162, -5.794656], [11.577475, -5.794656], [11.577475, -5.79397], [11.576102, -5.79397], [11.576102, -5.79603], [11.574728, -5.79603], [11.574728, -5.797403], [11.573355, -5.797403], [11.573355, -5.80015], [11.574042, -5.80015], [11.574042, -5.800836], [11.574728, -5.800836], [11.574728, -5.801523], [11.575415, -5.801523], [11.575415, -5.802209], [11.577475, -5.802209], [11.577475, -5.800836], [11.580908, -5.800836], [11.580908, -5.799463], [11.581595, -5.799463], [11.581595, -5.79809], [11.582281, -5.79809], [11.582281, -5.797403], [11.582968, -5.797403], [11.582968, -5.795343], [11.582281, -5.795343], [11.582281, -5.794656], [11.583655, -5.794656], [11.583655, -5.795343], [11.584341, -5.795343], [11.584341, -5.791223], [11.582968, -5.791223]], [[11.578162, -5.788477], [11.578162, -5.789163], [11.577475, -5.789163], [11.577475, -5.790536], [11.576788, -5.790536], [11.576788, -5.791223], [11.575415, -5.791223], [11.575415, -5.792596], [11.576102, -5.792596], [11.576102, -5.793283], [11.578162, -5.793283], [11.578162, -5.792596], [11.580222, -5.792596], [11.580222, -5.79191], [11.580908, -5.79191], [11.580908, -5.791223], [11.581595, -5.791223], [11.581595, -5.790536], [11.582281, -5.790536], [11.582281, -5.78985], [11.581595, -5.78985], [11.581595, -5.788477], [11.580222, -5.788477], [11.580222, -5.789163], [11.578848, -5.789163], [11.578848, -5.788477], [11.578162, -5.788477]], [[11.580222, -5.814569], [11.580222, -5.815256], [11.578162, -5.815256], [11.578162, -5.818689], [11.578848, -5.818689], [11.578848, -5.818002], [11.580222, -5.818002], [11.580222, -5.817316], [11.580908, -5.817316], [11.580908, -5.816629], [11.581595, -5.816629], [11.581595, -5.815256], [11.580908, -5.815256], [11.580908, -5.814569], [11.580222, -5.814569]], [[11.578162, -5.804956], [11.578162, -5.806329], [11.578848, -5.806329], [11.578848, -5.807703], [11.581595, -5.807703], [11.581595, -5.804956], [11.578162, -5.804956]], [[11.578162, -5.77749], [11.578162, -5.778177], [11.579535, -5.778177], [11.579535, -5.77749], [11.578162, -5.77749]], [[11.577475, -5.770624], [11.577475, -5.77131], [11.578162, -5.77131], [11.578162, -5.770624], [11.577475, -5.770624]], [[11.576788, -5.833795], [11.576788, -5.834482], [11.577475, -5.834482], [11.577475, -5.833795], [11.576788, -5.833795]], [[11.574042, -5.780923], [11.574042, -5.782297], [11.574728, -5.782297], [11.574728, -5.780923], [11.574042, -5.780923]], [[11.574728, -5.780923], [11.577475, -5.780923], [11.577475, -5.77955], [11.575415, -5.77955], [11.575415, -5.780237], [11.574728, -5.780237], [11.574728, -5.780923]], [[11.575415, -5.769937], [11.575415, -5.770624], [11.576102, -5.770624], [11.576102, -5.769937], [11.575415, -5.769937]], [[11.569922, -5.78985], [11.569235, -5.78985], [11.569235, -5.789163], [11.568549, -5.789163], [11.568549, -5.788477], [11.567862, -5.788477], [11.567862, -5.789163], [11.567175, -5.789163], [11.567175, -5.790536], [11.568549, -5.790536], [11.568549, -5.791223], [11.569235, -5.791223], [11.569235, -5.79191], [11.569922, -5.79191], [11.569922, -5.791223], [11.571982, -5.791223], [11.571982, -5.790536], [11.572668, -5.790536], [11.572668, -5.789163], [11.573355, -5.789163], [11.573355, -5.788477], [11.576102, -5.788477], [11.576102, -5.787103], [11.574728, -5.787103], [11.574728, -5.786417], [11.574042, -5.786417], [11.574042, -5.78779], [11.570609, -5.78779], [11.570609, -5.788477], [11.569922, -5.788477], [11.569922, -5.78985]], [[11.569922, -5.761697], [11.569922, -5.763071], [11.569235, -5.763071], [11.569235, -5.764444], [11.569922, -5.764444], [11.569922, -5.765817], [11.570609, -5.765817], [11.570609, -5.770624], [11.569922, -5.770624], [11.569922, -5.771997], [11.570609, -5.771997], [11.570609, -5.77337], [11.569922, -5.77337], [11.569922, -5.774744], [11.570609, -5.774744], [11.570609, -5.77543], [11.571295, -5.77543], [11.571295, -5.774744], [11.574042, -5.774744], [11.574042, -5.774057], [11.574728, -5.774057], [11.574728, -5.769937], [11.574042, -5.769937], [11.574042, -5.76925], [11.574728, -5.76925], [11.574728, -5.768564], [11.575415, -5.768564], [11.575415, -5.765817], [11.574728, -5.765817], [11.574728, -5.765131], [11.574042, -5.765131], [11.574042, -5.764444], [11.574728, -5.764444], [11.574728, -5.763071], [11.574042, -5.763071], [11.574042, -5.763757], [11.573355, -5.763757], [11.573355, -5.763071], [11.572668, -5.763071], [11.572668, -5.762384], [11.571982, -5.762384], [11.571982, -5.761697], [11.569922, -5.761697]], [[11.571295, -5.784357], [11.571295, -5.78573], [11.570609, -5.78573], [11.570609, -5.786417], [11.572668, -5.786417], [11.572668, -5.78573], [11.573355, -5.78573], [11.573355, -5.784357], [11.571295, -5.784357]], [[11.573355, -5.784357], [11.574042, -5.784357], [11.574042, -5.78367], [11.573355, -5.78367], [11.573355, -5.784357]], [[11.574042, -5.78367], [11.574728, -5.78367], [11.574728, -5.782983], [11.574042, -5.782983], [11.574042, -5.78367]], [[11.571295, -5.809076], [11.571295, -5.810449], [11.570609, -5.810449], [11.570609, -5.811136], [11.569922, -5.811136], [11.569922, -5.811823], [11.574042, -5.811823], [11.574042, -5.811136], [11.574728, -5.811136], [11.574728, -5.810449], [11.573355, -5.810449], [11.573355, -5.809076], [11.571295, -5.809076]], [[11.573355, -5.824869], [11.573355, -5.827615], [11.574728, -5.827615], [11.574728, -5.825555], [11.574042, -5.825555], [11.574042, -5.824869], [11.573355, -5.824869]], [[11.573355, -5.77543], [11.573355, -5.776117], [11.572668, -5.776117], [11.572668, -5.77749], [11.573355, -5.77749], [11.573355, -5.778177], [11.574042, -5.778177], [11.574042, -5.776804], [11.574728, -5.776804], [11.574728, -5.77543], [11.573355, -5.77543]], [[11.572668, -5.805643], [11.572668, -5.806329], [11.571982, -5.806329], [11.571982, -5.807016], [11.574042, -5.807016], [11.574042, -5.805643], [11.572668, -5.805643]], [[11.570609, -5.793283], [11.570609, -5.79397], [11.571295, -5.79397], [11.571295, -5.793283], [11.570609, -5.793283]], [[11.571295, -5.79397], [11.571295, -5.794656], [11.570609, -5.794656], [11.570609, -5.79603], [11.569922, -5.79603], [11.569922, -5.796716], [11.569235, -5.796716], [11.569235, -5.797403], [11.567862, -5.797403], [11.567862, -5.798776], [11.568549, -5.798776], [11.568549, -5.799463], [11.569235, -5.799463], [11.569235, -5.798776], [11.569922, -5.798776], [11.569922, -5.79809], [11.570609, -5.79809], [11.570609, -5.797403], [11.571982, -5.797403], [11.571982, -5.796716], [11.572668, -5.796716], [11.572668, -5.79603], [11.571982, -5.79603], [11.571982, -5.795343], [11.573355, -5.795343], [11.573355, -5.793283], [11.572668, -5.793283], [11.572668, -5.79397], [11.571295, -5.79397]], [[11.571295, -5.803583], [11.571295, -5.804956], [11.572668, -5.804956], [11.572668, -5.803583], [11.571295, -5.803583]], [[11.565802, -5.818689], [11.565802, -5.819376], [11.566489, -5.819376], [11.566489, -5.820062], [11.567175, -5.820062], [11.567175, -5.818689], [11.565802, -5.818689]], [[11.567175, -5.818689], [11.569235, -5.818689], [11.569235, -5.818002], [11.569922, -5.818002], [11.569922, -5.817316], [11.570609, -5.817316], [11.570609, -5.815942], [11.571295, -5.815942], [11.571295, -5.815256], [11.570609, -5.815256], [11.570609, -5.813882], [11.571295, -5.813882], [11.571295, -5.813196], [11.570609, -5.813196], [11.570609, -5.812509], [11.568549, -5.812509], [11.568549, -5.815256], [11.567862, -5.815256], [11.567862, -5.817316], [11.566489, -5.817316], [11.566489, -5.818002], [11.567175, -5.818002], [11.567175, -5.818689]], [[11.569235, -5.77955], [11.569235, -5.780237], [11.568549, -5.780237], [11.568549, -5.780923], [11.569235, -5.780923], [11.569235, -5.78161], [11.570609, -5.78161], [11.570609, -5.780237], [11.569922, -5.780237], [11.569922, -5.77955], [11.569235, -5.77955]], [[11.569235, -5.776117], [11.569235, -5.77749], [11.569922, -5.77749], [11.569922, -5.776117], [11.569235, -5.776117]], [[11.565115, -5.810449], [11.565115, -5.811136], [11.564429, -5.811136], [11.564429, -5.811823], [11.563742, -5.811823], [11.563742, -5.813196], [11.563055, -5.813196], [11.563055, -5.814569], [11.563742, -5.814569], [11.563742, -5.815256], [11.565115, -5.815256], [11.565115, -5.813882], [11.567175, -5.813882], [11.567175, -5.813196], [11.566489, -5.813196], [11.566489, -5.812509], [11.565802, -5.812509], [11.565802, -5.811823], [11.567862, -5.811823], [11.567862, -5.811136], [11.567175, -5.811136], [11.567175, -5.810449], [11.565115, -5.810449]], [[11.567175, -5.810449], [11.567862, -5.810449], [11.567862, -5.809763], [11.568549, -5.809763], [11.568549, -5.810449], [11.569235, -5.810449], [11.569235, -5.808389], [11.569922, -5.808389], [11.569922, -5.807703], [11.568549, -5.807703], [11.568549, -5.808389], [11.567862, -5.808389], [11.567862, -5.809076], [11.567175, -5.809076], [11.567175, -5.810449]], [[11.567862, -5.782983], [11.567862, -5.784357], [11.568549, -5.784357], [11.568549, -5.78367], [11.569235, -5.78367], [11.569235, -5.782983], [11.567862, -5.782983]], [[11.567175, -5.767877], [11.567175, -5.768564], [11.565802, -5.768564], [11.565802, -5.76925], [11.564429, -5.76925], [11.564429, -5.769937], [11.563742, -5.769937], [11.563742, -5.771997], [11.561682, -5.771997], [11.561682, -5.772684], [11.560995, -5.772684], [11.560995, -5.774057], [11.563055, -5.774057], [11.563055, -5.77337], [11.563742, -5.77337], [11.563742, -5.772684], [11.564429, -5.772684], [11.564429, -5.771997], [11.565115, -5.771997], [11.565115, -5.77131], [11.566489, -5.77131], [11.566489, -5.770624], [11.567862, -5.770624], [11.567862, -5.769937], [11.568549, -5.769937], [11.568549, -5.768564], [11.567862, -5.768564], [11.567862, -5.767877], [11.567175, -5.767877]], [[11.565802, -5.78367], [11.565802, -5.785043], [11.567175, -5.785043], [11.567175, -5.784357], [11.566489, -5.784357], [11.566489, -5.78367], [11.565802, -5.78367]], [[11.563055, -5.78573], [11.563055, -5.786417], [11.562369, -5.786417], [11.562369, -5.788477], [11.561682, -5.788477], [11.561682, -5.789163], [11.562369, -5.789163], [11.562369, -5.78985], [11.561682, -5.78985], [11.561682, -5.79191], [11.560995, -5.79191], [11.560995, -5.791223], [11.560309, -5.791223], [11.560309, -5.792596], [11.560995, -5.792596], [11.560995, -5.79397], [11.562369, -5.79397], [11.562369, -5.793283], [11.563055, -5.793283], [11.563055, -5.792596], [11.563742, -5.792596], [11.563742, -5.794656], [11.564429, -5.794656], [11.564429, -5.79397], [11.565115, -5.79397], [11.565115, -5.793283], [11.565802, -5.793283], [11.565802, -5.79191], [11.567175, -5.79191], [11.567175, -5.791223], [11.566489, -5.791223], [11.566489, -5.790536], [11.565802, -5.790536], [11.565802, -5.791223], [11.565115, -5.791223], [11.565115, -5.789163], [11.565802, -5.789163], [11.565802, -5.787103], [11.565115, -5.787103], [11.565115, -5.78573], [11.563055, -5.78573]], [[11.564429, -5.80015], [11.564429, -5.800836], [11.565115, -5.800836], [11.565115, -5.80015], [11.564429, -5.80015]], [[11.565115, -5.80015], [11.565802, -5.80015], [11.565802, -5.799463], [11.566489, -5.799463], [11.566489, -5.79809], [11.565802, -5.79809], [11.565802, -5.797403], [11.564429, -5.797403], [11.564429, -5.79809], [11.563742, -5.79809], [11.563742, -5.799463], [11.565115, -5.799463], [11.565115, -5.80015]], [[11.561682, -5.774744], [11.561682, -5.77543], [11.560995, -5.77543], [11.560995, -5.776117], [11.562369, -5.776117], [11.562369, -5.774744], [11.561682, -5.774744]], [[11.560309, -5.811823], [11.560309, -5.812509], [11.561682, -5.812509], [11.561682, -5.811823], [11.560309, -5.811823]], [[11.559622, -5.778177], [11.559622, -5.778864], [11.558936, -5.778864], [11.558936, -5.77955], [11.557562, -5.77955], [11.557562, -5.780923], [11.558936, -5.780923], [11.558936, -5.780237], [11.560309, -5.780237], [11.560309, -5.77955], [11.561682, -5.77955], [11.561682, -5.778864], [11.560995, -5.778864], [11.560995, -5.778177], [11.559622, -5.778177]], [[11.559622, -5.795343], [11.559622, -5.79603], [11.561682, -5.79603], [11.561682, -5.795343], [11.559622, -5.795343]], [[11.560309, -5.799463], [11.560309, -5.800836], [11.560995, -5.800836], [11.560995, -5.799463], [11.560309, -5.799463]], [[11.558936, -5.792596], [11.558936, -5.793283], [11.558249, -5.793283], [11.558249, -5.79397], [11.559622, -5.79397], [11.559622, -5.792596], [11.558936, -5.792596]], [[11.557562, -5.766504], [11.557562, -5.767191], [11.558249, -5.767191], [11.558249, -5.766504], [11.557562, -5.766504]], [[11.554129, -5.765817], [11.554129, -5.766504], [11.552069, -5.766504], [11.552069, -5.767877], [11.551382, -5.767877], [11.551382, -5.768564], [11.550696, -5.768564], [11.550696, -5.767877], [11.548636, -5.767877], [11.548636, -5.768564], [11.547949, -5.768564], [11.547949, -5.769937], [11.547263, -5.769937], [11.547263, -5.771997], [11.547949, -5.771997], [11.547949, -5.77131], [11.548636, -5.77131], [11.548636, -5.769937], [11.550696, -5.769937], [11.550696, -5.770624], [11.552756, -5.770624], [11.552756, -5.769937], [11.554129, -5.769937], [11.554129, -5.76925], [11.555502, -5.76925], [11.555502, -5.768564], [11.556189, -5.768564], [11.556189, -5.767877], [11.555502, -5.767877], [11.555502, -5.766504], [11.554816, -5.766504], [11.554816, -5.765817], [11.554129, -5.765817]], [[11.552756, -5.796716], [11.552756, -5.797403], [11.553442, -5.797403], [11.553442, -5.79809], [11.554129, -5.79809], [11.554129, -5.796716], [11.552756, -5.796716]], [[11.547949, -5.774744], [11.547949, -5.77543], [11.547263, -5.77543], [11.547263, -5.77749], [11.547949, -5.77749], [11.547949, -5.778177], [11.551382, -5.778177], [11.551382, -5.77749], [11.553442, -5.77749], [11.553442, -5.776804], [11.552756, -5.776804], [11.552756, -5.776117], [11.554129, -5.776117], [11.554129, -5.774744], [11.547949, -5.774744]], [[11.551382, -5.794656], [11.551382, -5.795343], [11.550009, -5.795343], [11.550009, -5.79809], [11.550696, -5.79809], [11.550696, -5.798776], [11.551382, -5.798776], [11.551382, -5.797403], [11.550696, -5.797403], [11.550696, -5.79603], [11.552756, -5.79603], [11.552756, -5.795343], [11.552069, -5.795343], [11.552069, -5.794656], [11.551382, -5.794656]], [[11.550696, -5.804269], [11.550696, -5.805643], [11.548636, -5.805643], [11.548636, -5.806329], [11.549323, -5.806329], [11.549323, -5.808389], [11.550696, -5.808389], [11.550696, -5.807703], [11.551382, -5.807703], [11.551382, -5.806329], [11.552069, -5.806329], [11.552069, -5.804269], [11.550696, -5.804269]], [[11.550009, -5.766504], [11.550009, -5.767191], [11.550696, -5.767191], [11.550696, -5.766504], [11.550009, -5.766504]], [[11.549323, -5.800836], [11.549323, -5.801523], [11.550696, -5.801523], [11.550696, -5.800836], [11.549323, -5.800836]], [[11.545889, -5.802209], [11.545889, -5.803583], [11.545203, -5.803583], [11.545203, -5.806329], [11.546576, -5.806329], [11.546576, -5.805643], [11.547949, -5.805643], [11.547949, -5.803583], [11.547263, -5.803583], [11.547263, -5.802209], [11.545889, -5.802209]], [[11.542456, -5.761011], [11.542456, -5.764444], [11.543143, -5.764444], [11.543143, -5.765131], [11.544516, -5.765131], [11.544516, -5.764444], [11.545203, -5.764444], [11.545203, -5.763071], [11.545889, -5.763071], [11.545889, -5.761697], [11.543829, -5.761697], [11.543829, -5.761011], [11.542456, -5.761011]], [[11.543829, -5.77337], [11.543829, -5.774057], [11.545203, -5.774057], [11.545203, -5.77337], [11.543829, -5.77337]], [[11.539709, -5.77337], [11.539709, -5.774057], [11.541769, -5.774057], [11.541769, -5.77337], [11.539709, -5.77337]], [[11.539709, -5.763757], [11.539709, -5.765131], [11.541083, -5.765131], [11.541083, -5.764444], [11.540396, -5.764444], [11.540396, -5.763757], [11.539709, -5.763757]], [[11.540396, -5.763757], [11.541083, -5.763757], [11.541083, -5.763071], [11.540396, -5.763071], [11.540396, -5.763757]], [[11.534903, -5.766504], [11.534903, -5.767877], [11.536276, -5.767877], [11.536276, -5.767191], [11.53559, -5.767191], [11.53559, -5.766504], [11.534903, -5.766504]], [[11.53559, -5.766504], [11.536276, -5.766504], [11.536276, -5.765817], [11.536963, -5.765817], [11.536963, -5.765131], [11.53559, -5.765131], [11.53559, -5.766504]], [[11.534216, -5.771997], [11.534216, -5.772684], [11.534903, -5.772684], [11.534903, -5.771997], [11.534216, -5.771997]], [[11.53353, -5.774744], [11.53353, -5.77543], [11.534216, -5.77543], [11.534216, -5.774744], [11.53353, -5.774744]], [[11.532843, -5.772684], [11.532843, -5.77337], [11.53353, -5.77337], [11.53353, -5.772684], [11.532843, -5.772684]], [[11.528723, -5.768564], [11.528723, -5.76925], [11.52941, -5.76925], [11.52941, -5.768564], [11.528723, -5.768564]], [[11.52323, -5.76925], [11.52323, -5.769937], [11.524603, -5.769937], [11.524603, -5.76925], [11.52323, -5.76925]], [[11.507437, -5.767877], [11.507437, -5.768564], [11.506064, -5.768564], [11.506064, -5.769937], [11.50675, -5.769937], [11.50675, -5.77131], [11.505377, -5.77131], [11.505377, -5.772684], [11.506064, -5.772684], [11.506064, -5.77337], [11.50675, -5.77337], [11.50675, -5.774057], [11.508124, -5.774057], [11.508124, -5.77337], [11.50881, -5.77337], [11.50881, -5.772684], [11.508124, -5.772684], [11.508124, -5.77131], [11.509497, -5.77131], [11.509497, -5.767877], [11.507437, -5.767877]], [[11.508124, -5.758264], [11.508124, -5.758951], [11.50881, -5.758951], [11.50881, -5.758264], [11.508124, -5.758264]], [[11.490271, -5.767191], [11.490271, -5.768564], [11.490958, -5.768564], [11.490958, -5.767191], [11.490271, -5.767191]], [[11.482031, -5.772684], [11.482031, -5.778177], [11.481345, -5.778177], [11.481345, -5.778864], [11.480658, -5.778864], [11.480658, -5.780237], [11.481345, -5.780237], [11.481345, -5.77955], [11.482031, -5.77955], [11.482031, -5.778864], [11.483405, -5.778864], [11.483405, -5.772684], [11.482031, -5.772684]]], [[[11.511557, -5.753458], [11.512244, -5.753458], [11.512244, -5.752084], [11.51293, -5.752084], [11.51293, -5.754831], [11.512244, -5.754831], [11.512244, -5.754144], [11.511557, -5.754144], [11.511557, -5.753458]]], [[[11.542456, -5.756204], [11.541769, -5.756204], [11.541769, -5.755518], [11.542456, -5.755518], [11.542456, -5.756204]]], [[[11.597388, -5.782983], [11.597388, -5.78161], [11.598074, -5.78161], [11.598074, -5.782983], [11.597388, -5.782983]]], [[[11.62554, -5.798776], [11.62554, -5.796716], [11.626913, -5.796716], [11.626913, -5.79809], [11.6276, -5.79809], [11.6276, -5.798776], [11.62554, -5.798776]]], [[[11.644766, -5.802209], [11.644766, -5.802896], [11.64408, -5.802896], [11.64408, -5.802209], [11.644766, -5.802209]]], [[[11.663306, -5.798776], [11.663992, -5.798776], [11.663992, -5.799463], [11.663306, -5.799463], [11.663306, -5.798776]]], [[[11.708624, -5.772684], [11.708624, -5.770624], [11.709311, -5.770624], [11.709311, -5.769937], [11.711371, -5.769937], [11.711371, -5.76925], [11.712057, -5.76925], [11.712057, -5.767877], [11.713431, -5.767877], [11.713431, -5.768564], [11.714117, -5.768564], [11.714117, -5.767877], [11.715491, -5.767877], [11.715491, -5.76925], [11.714804, -5.76925], [11.714804, -5.769937], [11.712744, -5.769937], [11.712744, -5.770624], [11.712057, -5.770624], [11.712057, -5.77131], [11.709311, -5.77131], [11.709311, -5.772684], [11.708624, -5.772684]]], [[[11.757376, -5.757578], [11.757376, -5.756891], [11.758749, -5.756891], [11.758749, -5.754831], [11.760123, -5.754831], [11.760123, -5.755518], [11.760809, -5.755518], [11.760809, -5.756204], [11.762869, -5.756204], [11.762869, -5.757578], [11.757376, -5.757578]]], [[[11.764929, -5.774057], [11.764929, -5.772684], [11.765616, -5.772684], [11.765616, -5.774057], [11.764929, -5.774057]]], [[[11.795142, -5.774057], [11.795142, -5.77543], [11.796515, -5.77543], [11.796515, -5.776117], [11.795828, -5.776117], [11.795828, -5.776804], [11.795142, -5.776804], [11.795142, -5.776117], [11.793768, -5.776117], [11.793768, -5.776804], [11.793082, -5.776804], [11.793082, -5.77543], [11.791022, -5.77543], [11.791022, -5.776117], [11.790335, -5.776117], [11.790335, -5.77543], [11.787589, -5.77543], [11.787589, -5.776117], [11.786215, -5.776117], [11.786215, -5.77543], [11.784155, -5.77543], [11.784155, -5.774744], [11.784842, -5.774744], [11.784842, -5.774057], [11.785529, -5.774057], [11.785529, -5.774744], [11.786902, -5.774744], [11.786902, -5.774057], [11.787589, -5.774057], [11.787589, -5.77337], [11.788962, -5.77337], [11.788962, -5.774057], [11.793082, -5.774057], [11.793082, -5.774744], [11.793768, -5.774744], [11.793768, -5.774057], [11.795142, -5.774057]]], [[[11.858313, -5.765817], [11.858313, -5.765131], [11.859686, -5.765131], [11.859686, -5.765817], [11.858313, -5.765817]]], [[[11.85488, -5.770624], [11.852133, -5.770624], [11.852133, -5.768564], [11.853506, -5.768564], [11.853506, -5.76925], [11.855566, -5.76925], [11.855566, -5.767877], [11.856253, -5.767877], [11.856253, -5.769937], [11.85488, -5.769937], [11.85488, -5.770624]]], [[[11.852133, -5.768564], [11.85076, -5.768564], [11.85076, -5.767877], [11.852133, -5.767877], [11.852133, -5.768564]]], [[[12.009375, -5.835855], [12.008688, -5.835855], [12.008688, -5.835168], [12.009375, -5.835168], [12.009375, -5.835855]]], [[[12.05538, -5.859888], [12.05538, -5.858514], [12.056067, -5.858514], [12.056067, -5.859888], [12.05538, -5.859888]]], [[[12.06568, -5.872247], [12.064993, -5.872247], [12.064993, -5.871561], [12.06568, -5.871561], [12.06568, -5.872247]]], [[[12.112372, -5.896967], [12.113058, -5.896967], [12.113058, -5.897653], [12.113745, -5.897653], [12.113745, -5.899026], [12.114432, -5.899026], [12.114432, -5.89834], [12.115118, -5.89834], [12.115118, -5.897653], [12.115805, -5.897653], [12.115805, -5.896967], [12.116492, -5.896967], [12.116492, -5.89834], [12.119238, -5.89834], [12.119238, -5.899713], [12.120612, -5.899713], [12.120612, -5.899026], [12.121985, -5.899026], [12.121985, -5.9004], [12.122672, -5.9004], [12.122672, -5.901773], [12.123358, -5.901773], [12.123358, -5.90246], [12.124045, -5.90246], [12.124045, -5.903833], [12.124731, -5.903833], [12.124731, -5.905206], [12.124045, -5.905206], [12.124045, -5.905893], [12.125418, -5.905893], [12.125418, -5.905206], [12.126105, -5.905206], [12.126105, -5.905893], [12.128851, -5.905893], [12.128851, -5.90658], [12.129538, -5.90658], [12.129538, -5.907266], [12.130225, -5.907266], [12.130225, -5.907953], [12.131598, -5.907953], [12.131598, -5.909326], [12.130911, -5.909326], [12.130911, -5.90864], [12.129538, -5.90864], [12.129538, -5.909326], [12.128851, -5.909326], [12.128851, -5.910013], [12.129538, -5.910013], [12.129538, -5.910699], [12.132285, -5.910699], [12.132285, -5.912759], [12.135031, -5.912759], [12.135031, -5.914133], [12.136404, -5.914133], [12.136404, -5.914819], [12.137778, -5.914819], [12.137778, -5.916193], [12.141898, -5.916193], [12.141898, -5.917566], [12.143271, -5.917566], [12.143271, -5.918253], [12.143958, -5.918253], [12.143958, -5.918939], [12.145331, -5.918939], [12.145331, -5.919626], [12.146017, -5.919626], [12.146017, -5.918939], [12.146704, -5.918939], [12.146704, -5.920312], [12.147391, -5.920312], [12.147391, -5.920999], [12.148764, -5.920999], [12.148764, -5.921686], [12.150137, -5.921686], [12.150137, -5.922372], [12.150824, -5.922372], [12.150824, -5.923059], [12.152197, -5.923059], [12.152197, -5.921686], [12.152884, -5.921686], [12.152884, -5.922372], [12.153571, -5.922372], [12.153571, -5.923746], [12.15563, -5.923746], [12.15563, -5.924432], [12.15769, -5.924432], [12.15769, -5.925119], [12.15975, -5.925119], [12.15975, -5.925806], [12.160437, -5.925806], [12.160437, -5.926492], [12.163184, -5.926492], [12.163184, -5.927179], [12.16387, -5.927179], [12.16387, -5.927866], [12.16593, -5.927866], [12.16593, -5.928552], [12.167303, -5.928552], [12.167303, -5.929239], [12.169363, -5.929239], [12.169363, -5.929926], [12.17005, -5.929926], [12.17005, -5.930612], [12.168677, -5.930612], [12.168677, -5.929926], [12.166617, -5.929926], [12.166617, -5.929239], [12.165244, -5.929239], [12.165244, -5.928552], [12.163184, -5.928552], [12.163184, -5.927866], [12.162497, -5.927866], [12.162497, -5.927179], [12.15975, -5.927179], [12.15975, -5.926492], [12.157004, -5.926492], [12.157004, -5.925806], [12.15563, -5.925806], [12.15563, -5.925119], [12.153571, -5.925119], [12.153571, -5.924432], [12.151511, -5.924432], [12.151511, -5.923746], [12.149451, -5.923746], [12.149451, -5.923059], [12.148764, -5.923059], [12.148764, -5.922372], [12.147391, -5.922372], [12.147391, -5.921686], [12.145331, -5.921686], [12.145331, -5.920999], [12.143958, -5.920999], [12.143958, -5.919626], [12.142584, -5.919626], [12.142584, -5.918939], [12.141898, -5.918939], [12.141898, -5.918253], [12.140524, -5.918253], [12.140524, -5.917566], [12.138464, -5.917566], [12.138464, -5.916879], [12.137091, -5.916879], [12.137091, -5.916193], [12.135718, -5.916193], [12.135718, -5.915506], [12.135031, -5.915506], [12.135031, -5.914819], [12.133658, -5.914819], [12.133658, -5.914133], [12.132285, -5.914133], [12.132285, -5.913446], [12.130911, -5.913446], [12.130911, -5.912759], [12.130225, -5.912759], [12.130225, -5.912073], [12.129538, -5.912073], [12.129538, -5.911386], [12.128165, -5.911386], [12.128165, -5.910699], [12.126791, -5.910699], [12.126791, -5.910013], [12.125418, -5.910013], [12.125418, -5.909326], [12.124045, -5.909326], [12.124045, -5.90864], [12.122672, -5.90864], [12.122672, -5.907953], [12.121985, -5.907953], [12.121985, -5.907266], [12.121298, -5.907266], [12.121298, -5.90658], [12.120612, -5.90658], [12.120612, -5.905893], [12.119925, -5.905893], [12.119925, -5.905206], [12.117865, -5.905206], [12.117865, -5.90452], [12.116492, -5.90452], [12.116492, -5.903833], [12.115805, -5.903833], [12.115805, -5.903146], [12.114432, -5.903146], [12.114432, -5.90246], [12.113058, -5.90246], [12.113058, -5.901086], [12.110312, -5.901086], [12.110312, -5.9004], [12.109625, -5.9004], [12.109625, -5.899713], [12.112372, -5.899713], [12.112372, -5.896967]], [[12.126105, -5.907953], [12.126105, -5.90864], [12.126791, -5.90864], [12.126791, -5.907953], [12.126105, -5.907953]], [[12.126791, -5.90864], [12.126791, -5.909326], [12.128165, -5.909326], [12.128165, -5.90864], [12.128851, -5.90864], [12.128851, -5.907953], [12.127478, -5.907953], [12.127478, -5.90864], [12.126791, -5.90864]], [[12.120612, -5.90246], [12.120612, -5.903146], [12.121298, -5.903146], [12.121298, -5.90246], [12.120612, -5.90246]], [[12.121298, -5.90246], [12.121985, -5.90246], [12.121985, -5.901773], [12.121298, -5.901773], [12.121298, -5.90246]], [[12.114432, -5.899713], [12.114432, -5.9004], [12.115118, -5.9004], [12.115118, -5.899713], [12.114432, -5.899713]]], [[[12.17005, -5.930612], [12.17211, -5.930612], [12.17211, -5.931299], [12.173483, -5.931299], [12.173483, -5.931985], [12.174857, -5.931985], [12.174857, -5.932672], [12.175543, -5.932672], [12.175543, -5.934045], [12.174857, -5.934045], [12.174857, -5.933359], [12.17417, -5.933359], [12.17417, -5.932672], [12.172797, -5.932672], [12.172797, -5.931985], [12.171423, -5.931985], [12.171423, -5.931299], [12.17005, -5.931299], [12.17005, -5.930612]]], [[[12.175543, -5.934045], [12.179663, -5.934045], [12.179663, -5.935419], [12.181723, -5.935419], [12.181723, -5.936105], [12.181036, -5.936105], [12.181036, -5.936792], [12.18035, -5.936792], [12.18035, -5.936105], [12.178976, -5.936105], [12.178976, -5.935419], [12.176917, -5.935419], [12.176917, -5.934732], [12.175543, -5.934732], [12.175543, -5.934045]]], [[[12.181723, -5.936105], [12.18241, -5.936105], [12.18241, -5.936792], [12.181723, -5.936792], [12.181723, -5.936105]]], [[[12.137778, -5.914819], [12.137778, -5.913446], [12.138464, -5.913446], [12.138464, -5.914819], [12.137778, -5.914819]]], [[[12.132285, -5.910699], [12.132285, -5.909326], [12.132971, -5.909326], [12.132971, -5.910699], [12.132285, -5.910699]]], [[[12.126105, -5.905206], [12.126105, -5.903833], [12.127478, -5.903833], [12.127478, -5.905206], [12.126105, -5.905206]]], [[[12.104132, -5.896967], [12.103445, -5.896967], [12.103445, -5.89628], [12.104132, -5.89628], [12.104132, -5.896967]]], [[[11.818488, -5.796716], [11.819174, -5.796716], [11.819174, -5.797403], [11.818488, -5.797403], [11.818488, -5.796716]]], [[[11.782095, -5.798776], [11.780722, -5.798776], [11.780722, -5.797403], [11.781409, -5.797403], [11.781409, -5.79809], [11.782095, -5.79809], [11.782095, -5.798776]]], [[[11.776602, -5.802209], [11.776602, -5.803583], [11.775916, -5.803583], [11.775916, -5.802209], [11.776602, -5.802209]]], [[[11.775916, -5.803583], [11.775916, -5.804269], [11.774542, -5.804269], [11.774542, -5.803583], [11.775916, -5.803583]]], [[[11.745703, -5.798776], [11.74845, -5.798776], [11.74845, -5.80015], [11.747763, -5.80015], [11.747763, -5.800836], [11.74639, -5.800836], [11.74639, -5.799463], [11.745703, -5.799463], [11.745703, -5.798776]]], [[[11.659872, -5.852335], [11.659872, -5.853021], [11.659186, -5.853021], [11.659186, -5.852335], [11.659872, -5.852335]]], [[[11.659186, -5.853021], [11.659186, -5.853708], [11.658499, -5.853708], [11.658499, -5.854395], [11.657126, -5.854395], [11.657126, -5.855768], [11.656439, -5.855768], [11.656439, -5.853708], [11.657126, -5.853708], [11.657126, -5.853021], [11.659186, -5.853021]]], [[[11.63996, -5.864008], [11.63996, -5.864694], [11.638586, -5.864694], [11.638586, -5.864008], [11.63996, -5.864008]]], [[[11.638586, -5.864694], [11.638586, -5.865381], [11.6379, -5.865381], [11.6379, -5.864694], [11.638586, -5.864694]]], [[[11.620047, -5.852335], [11.620047, -5.853021], [11.61936, -5.853021], [11.61936, -5.853708], [11.617987, -5.853708], [11.617987, -5.854395], [11.616614, -5.854395], [11.616614, -5.853021], [11.6173, -5.853021], [11.6173, -5.852335], [11.620047, -5.852335]]], [[[11.616614, -5.854395], [11.616614, -5.855768], [11.61524, -5.855768], [11.61524, -5.855081], [11.615927, -5.855081], [11.615927, -5.854395], [11.616614, -5.854395]]], [[[11.61524, -5.855768], [11.61524, -5.856454], [11.614554, -5.856454], [11.614554, -5.858514], [11.610434, -5.858514], [11.610434, -5.859888], [11.609061, -5.859888], [11.609061, -5.858514], [11.609747, -5.858514], [11.609747, -5.857828], [11.610434, -5.857828], [11.610434, -5.857141], [11.611121, -5.857141], [11.611121, -5.856454], [11.613867, -5.856454], [11.613867, -5.855768], [11.61524, -5.855768]]], [[[11.626913, -5.843408], [11.626913, -5.841348], [11.628287, -5.841348], [11.628287, -5.843408], [11.626913, -5.843408]]], [[[11.606314, -5.857828], [11.606314, -5.859201], [11.604941, -5.859201], [11.604941, -5.857828], [11.606314, -5.857828]]], [[[11.596701, -5.853708], [11.596014, -5.853708], [11.596014, -5.853021], [11.596701, -5.853021], [11.596701, -5.853708]]], [[[11.602881, -5.817316], [11.602881, -5.818002], [11.602194, -5.818002], [11.602194, -5.817316], [11.602881, -5.817316]]], [[[11.600134, -5.823495], [11.600821, -5.823495], [11.600821, -5.824182], [11.600134, -5.824182], [11.600134, -5.823495]]], [[[11.598761, -5.827615], [11.599448, -5.827615], [11.599448, -5.828302], [11.598761, -5.828302], [11.598761, -5.827615]]], [[[11.598761, -5.828302], [11.598761, -5.828989], [11.598074, -5.828989], [11.598074, -5.828302], [11.598761, -5.828302]]], [[[11.576788, -5.841348], [11.576788, -5.844095], [11.576102, -5.844095], [11.576102, -5.842722], [11.575415, -5.842722], [11.575415, -5.842035], [11.576102, -5.842035], [11.576102, -5.841348], [11.576788, -5.841348]]], [[[11.528723, -5.786417], [11.528723, -5.787103], [11.528036, -5.787103], [11.528036, -5.786417], [11.528723, -5.786417]]], [[[11.528036, -5.787103], [11.528036, -5.78779], [11.526663, -5.78779], [11.526663, -5.787103], [11.528036, -5.787103]]], [[[11.762869, -5.757578], [11.764243, -5.757578], [11.764243, -5.758264], [11.764929, -5.758264], [11.764929, -5.758951], [11.765616, -5.758951], [11.765616, -5.761011], [11.766302, -5.761011], [11.766302, -5.760324], [11.766989, -5.760324], [11.766989, -5.761011], [11.768362, -5.761011], [11.768362, -5.761697], [11.769049, -5.761697], [11.769049, -5.761011], [11.771109, -5.761011], [11.771109, -5.761697], [11.771796, -5.761697], [11.771796, -5.760324], [11.771109, -5.760324], [11.771109, -5.758951], [11.771796, -5.758951], [11.771796, -5.759637], [11.773856, -5.759637], [11.773856, -5.758951], [11.775229, -5.758951], [11.775229, -5.759637], [11.774542, -5.759637], [11.774542, -5.760324], [11.775229, -5.760324], [11.775229, -5.761011], [11.776602, -5.761011], [11.776602, -5.759637], [11.775916, -5.759637], [11.775916, -5.758951], [11.778662, -5.758951], [11.778662, -5.759637], [11.779349, -5.759637], [11.779349, -5.760324], [11.778662, -5.760324], [11.778662, -5.761011], [11.777289, -5.761011], [11.777289, -5.761697], [11.776602, -5.761697], [11.776602, -5.762384], [11.775916, -5.762384], [11.775916, -5.765131], [11.774542, -5.765131], [11.774542, -5.764444], [11.773856, -5.764444], [11.773856, -5.763757], [11.773169, -5.763757], [11.773169, -5.764444], [11.772482, -5.764444], [11.772482, -5.765131], [11.770422, -5.765131], [11.770422, -5.765817], [11.768362, -5.765817], [11.768362, -5.763071], [11.767676, -5.763071], [11.767676, -5.762384], [11.766302, -5.762384], [11.766302, -5.761697], [11.765616, -5.761697], [11.765616, -5.762384], [11.764929, -5.762384], [11.764929, -5.761697], [11.763556, -5.761697], [11.763556, -5.760324], [11.764243, -5.760324], [11.764243, -5.759637], [11.763556, -5.759637], [11.763556, -5.758951], [11.762869, -5.758951], [11.762869, -5.757578]]], [[[12.144644, -5.916879], [12.145331, -5.916879], [12.145331, -5.918253], [12.144644, -5.918253], [12.144644, -5.916879]]], [[[12.139151, -5.913446], [12.139838, -5.913446], [12.139838, -5.914133], [12.139151, -5.914133], [12.139151, -5.913446]]], [[[12.126791, -5.901773], [12.127478, -5.901773], [12.127478, -5.903146], [12.126105, -5.903146], [12.126105, -5.90246], [12.126791, -5.90246], [12.126791, -5.901773]]], [[[12.095892, -5.89422], [12.097266, -5.89422], [12.097266, -5.894907], [12.095892, -5.894907], [12.095892, -5.89422]]], [[[12.07598, -5.874994], [12.076666, -5.874994], [12.076666, -5.877054], [12.077353, -5.877054], [12.077353, -5.878427], [12.076666, -5.878427], [12.076666, -5.87774], [12.07598, -5.87774], [12.07598, -5.874994]]], [[[12.076666, -5.874994], [12.076666, -5.874307], [12.077353, -5.874307], [12.077353, -5.874994], [12.076666, -5.874994]]], [[[12.077353, -5.874307], [12.077353, -5.873621], [12.07804, -5.873621], [12.07804, -5.874307], [12.077353, -5.874307]]], [[[12.064993, -5.868814], [12.06568, -5.868814], [12.06568, -5.869501], [12.064993, -5.869501], [12.064993, -5.868814]]], [[[12.06568, -5.868814], [12.06568, -5.868127], [12.067053, -5.868127], [12.067053, -5.868814], [12.06568, -5.868814]]], [[[12.051947, -5.856454], [12.05332, -5.856454], [12.05332, -5.857828], [12.052634, -5.857828], [12.052634, -5.857141], [12.051947, -5.857141], [12.051947, -5.856454]]], [[[12.022421, -5.840662], [12.023108, -5.840662], [12.023108, -5.842722], [12.022421, -5.842722], [12.022421, -5.840662]]], [[[12.012122, -5.836542], [12.014182, -5.836542], [12.014182, -5.837915], [12.013495, -5.837915], [12.013495, -5.839975], [12.012808, -5.839975], [12.012808, -5.839288], [12.012122, -5.839288], [12.012122, -5.837915], [12.012808, -5.837915], [12.012808, -5.837228], [12.012122, -5.837228], [12.012122, -5.836542]]], [[[11.992209, -5.822809], [11.992896, -5.822809], [11.992896, -5.824182], [11.993582, -5.824182], [11.993582, -5.824869], [11.992209, -5.824869], [11.992209, -5.822809]]], [[[11.972983, -5.813196], [11.973669, -5.813196], [11.973669, -5.813882], [11.972983, -5.813882], [11.972983, -5.813196]]], [[[11.954443, -5.818002], [11.95513, -5.818002], [11.95513, -5.818689], [11.954443, -5.818689], [11.954443, -5.818002]]], [[[11.948264, -5.799463], [11.94895, -5.799463], [11.94895, -5.80015], [11.948264, -5.80015], [11.948264, -5.799463]]], [[[11.876852, -5.772684], [11.877539, -5.772684], [11.877539, -5.77337], [11.878226, -5.77337], [11.878226, -5.774057], [11.876852, -5.774057], [11.876852, -5.776117], [11.876166, -5.776117], [11.876166, -5.77337], [11.876852, -5.77337], [11.876852, -5.772684]]], [[[11.874792, -5.77543], [11.875479, -5.77543], [11.875479, -5.776804], [11.874792, -5.776804], [11.874792, -5.77543]]], [[[11.865179, -5.76925], [11.866553, -5.76925], [11.866553, -5.769937], [11.865179, -5.769937], [11.865179, -5.76925]]], [[[11.859686, -5.767191], [11.861746, -5.767191], [11.861746, -5.767877], [11.86312, -5.767877], [11.86312, -5.768564], [11.863806, -5.768564], [11.863806, -5.76925], [11.864493, -5.76925], [11.864493, -5.769937], [11.86312, -5.769937], [11.86312, -5.770624], [11.862433, -5.770624], [11.862433, -5.769937], [11.861746, -5.769937], [11.861746, -5.76925], [11.86106, -5.76925], [11.86106, -5.768564], [11.860373, -5.768564], [11.860373, -5.767877], [11.859686, -5.767877], [11.859686, -5.767191]]], [[[11.862433, -5.77131], [11.86312, -5.77131], [11.86312, -5.771997], [11.862433, -5.771997], [11.862433, -5.77131]]], [[[11.84664, -5.762384], [11.847327, -5.762384], [11.847327, -5.763071], [11.84664, -5.763071], [11.84664, -5.762384]]], [[[11.84252, -5.801523], [11.843207, -5.801523], [11.843207, -5.802209], [11.84252, -5.802209], [11.84252, -5.801523]]], [[[11.837714, -5.761011], [11.8384, -5.761011], [11.8384, -5.763071], [11.837027, -5.763071], [11.837027, -5.762384], [11.837714, -5.762384], [11.837714, -5.761011]]], [[[11.828101, -5.801523], [11.828787, -5.801523], [11.828787, -5.802209], [11.828101, -5.802209], [11.828101, -5.801523]]], [[[11.814368, -5.759637], [11.815054, -5.759637], [11.815054, -5.760324], [11.814368, -5.760324], [11.814368, -5.759637]]], [[[11.797202, -5.776804], [11.797888, -5.776804], [11.797888, -5.77749], [11.797202, -5.77749], [11.797202, -5.776804]]], [[[11.797202, -5.800836], [11.797888, -5.800836], [11.797888, -5.802209], [11.797202, -5.802209], [11.797202, -5.800836]]], [[[11.782095, -5.770624], [11.783469, -5.770624], [11.783469, -5.77131], [11.782095, -5.77131], [11.782095, -5.770624]]], [[[11.773169, -5.772684], [11.773856, -5.772684], [11.773856, -5.77337], [11.777289, -5.77337], [11.777289, -5.774057], [11.778662, -5.774057], [11.778662, -5.77337], [11.780035, -5.77337], [11.780035, -5.774057], [11.782095, -5.774057], [11.782095, -5.77337], [11.783469, -5.77337], [11.783469, -5.77543], [11.782782, -5.77543], [11.782782, -5.774744], [11.782095, -5.774744], [11.782095, -5.77543], [11.780035, -5.77543], [11.780035, -5.774744], [11.774542, -5.774744], [11.774542, -5.77543], [11.772482, -5.77543], [11.772482, -5.774744], [11.773169, -5.774744], [11.773169, -5.772684]]], [[[11.782095, -5.767191], [11.782782, -5.767191], [11.782782, -5.767877], [11.782095, -5.767877], [11.782095, -5.767191]]], [[[11.780722, -5.767191], [11.781409, -5.767191], [11.781409, -5.767877], [11.780722, -5.767877], [11.780722, -5.767191]]], [[[11.780035, -5.77131], [11.781409, -5.77131], [11.781409, -5.771997], [11.780722, -5.771997], [11.780722, -5.772684], [11.780035, -5.772684], [11.780035, -5.77131]]], [[[11.779349, -5.761697], [11.780035, -5.761697], [11.780035, -5.762384], [11.779349, -5.762384], [11.779349, -5.761697]]], [[[11.769049, -5.804956], [11.769736, -5.804956], [11.769736, -5.805643], [11.769049, -5.805643], [11.769049, -5.804956]]], [[[11.765616, -5.76925], [11.766302, -5.76925], [11.766302, -5.769937], [11.765616, -5.769937], [11.765616, -5.76925]]], [[[11.764243, -5.770624], [11.764929, -5.770624], [11.764929, -5.77131], [11.764243, -5.77131], [11.764243, -5.770624]]], [[[11.760123, -5.766504], [11.760809, -5.766504], [11.760809, -5.767877], [11.761496, -5.767877], [11.761496, -5.769937], [11.760123, -5.769937], [11.760123, -5.767877], [11.759436, -5.767877], [11.759436, -5.767191], [11.760123, -5.767191], [11.760123, -5.766504]]], [[[11.75463, -5.802209], [11.755316, -5.802209], [11.755316, -5.802896], [11.75463, -5.802896], [11.75463, -5.802209]]], [[[11.755316, -5.802209], [11.755316, -5.801523], [11.756003, -5.801523], [11.756003, -5.802209], [11.755316, -5.802209]]], [[[11.755316, -5.801523], [11.75463, -5.801523], [11.75463, -5.800836], [11.755316, -5.800836], [11.755316, -5.801523]]], [[[11.741583, -5.806329], [11.74433, -5.806329], [11.74433, -5.807016], [11.745016, -5.807016], [11.745016, -5.807703], [11.741583, -5.807703], [11.741583, -5.806329]]], [[[11.741583, -5.808389], [11.74227, -5.808389], [11.74227, -5.809076], [11.741583, -5.809076], [11.741583, -5.808389]]], [[[11.722357, -5.767191], [11.72373, -5.767191], [11.72373, -5.76925], [11.723044, -5.76925], [11.723044, -5.768564], [11.722357, -5.768564], [11.722357, -5.767191]]], [[[11.720984, -5.756891], [11.721671, -5.756891], [11.721671, -5.758264], [11.720984, -5.758264], [11.720984, -5.759637], [11.720297, -5.759637], [11.720297, -5.760324], [11.718924, -5.760324], [11.718924, -5.761011], [11.718237, -5.761011], [11.718237, -5.761697], [11.717551, -5.761697], [11.717551, -5.762384], [11.716177, -5.762384], [11.716177, -5.763071], [11.715491, -5.763071], [11.715491, -5.761011], [11.716177, -5.761011], [11.716177, -5.760324], [11.716864, -5.760324], [11.716864, -5.758951], [11.718237, -5.758951], [11.718237, -5.759637], [11.718924, -5.759637], [11.718924, -5.758951], [11.719611, -5.758951], [11.719611, -5.758264], [11.720297, -5.758264], [11.720297, -5.757578], [11.720984, -5.757578], [11.720984, -5.756891]]], [[[11.720984, -5.765131], [11.721671, -5.765131], [11.721671, -5.766504], [11.720984, -5.766504], [11.720984, -5.765131]]], [[[11.718237, -5.764444], [11.719611, -5.764444], [11.719611, -5.765817], [11.718237, -5.765817], [11.718237, -5.764444]]], [[[11.716864, -5.77131], [11.718237, -5.77131], [11.718237, -5.771997], [11.717551, -5.771997], [11.717551, -5.772684], [11.716864, -5.772684], [11.716864, -5.77131]]], [[[11.712744, -5.798776], [11.712057, -5.798776], [11.712057, -5.79809], [11.712744, -5.79809], [11.712744, -5.798776]]], [[[11.702444, -5.77131], [11.703131, -5.77131], [11.703131, -5.771997], [11.702444, -5.771997], [11.702444, -5.77131]]], [[[11.665366, -5.804269], [11.666052, -5.804269], [11.666052, -5.804956], [11.665366, -5.804956], [11.665366, -5.804269]]], [[[11.650946, -5.835855], [11.652319, -5.835855], [11.652319, -5.837228], [11.650946, -5.837228], [11.650946, -5.835855]]], [[[11.655753, -5.799463], [11.656439, -5.799463], [11.656439, -5.800836], [11.655753, -5.800836], [11.655753, -5.799463]]], [[[11.655066, -5.857141], [11.655753, -5.857141], [11.655753, -5.857828], [11.655066, -5.857828], [11.655066, -5.857141]]], [[[11.653006, -5.850961], [11.653693, -5.850961], [11.653693, -5.851648], [11.653006, -5.851648], [11.653006, -5.850961]]], [[[11.64614, -5.794656], [11.646826, -5.794656], [11.646826, -5.795343], [11.648199, -5.795343], [11.648199, -5.796716], [11.647513, -5.796716], [11.647513, -5.79603], [11.64614, -5.79603], [11.64614, -5.794656]]], [[[11.648199, -5.796716], [11.648886, -5.796716], [11.648886, -5.797403], [11.648199, -5.797403], [11.648199, -5.796716]]], [[[11.646826, -5.793283], [11.647513, -5.793283], [11.647513, -5.79397], [11.646826, -5.79397], [11.646826, -5.793283]]], [[[11.643393, -5.78779], [11.645453, -5.78779], [11.645453, -5.790536], [11.64408, -5.790536], [11.64408, -5.788477], [11.643393, -5.788477], [11.643393, -5.78779]]], [[[11.643393, -5.78573], [11.64408, -5.78573], [11.64408, -5.786417], [11.643393, -5.786417], [11.643393, -5.78573]]], [[[11.640646, -5.817316], [11.641333, -5.817316], [11.641333, -5.818002], [11.640646, -5.818002], [11.640646, -5.817316]]], [[[11.6379, -5.782983], [11.638586, -5.782983], [11.638586, -5.784357], [11.6379, -5.784357], [11.6379, -5.782983]]], [[[11.628973, -5.793283], [11.62966, -5.793283], [11.62966, -5.79397], [11.628973, -5.79397], [11.628973, -5.793283]]], [[[11.62966, -5.793283], [11.62966, -5.792596], [11.630347, -5.792596], [11.630347, -5.793283], [11.62966, -5.793283]]], [[[11.630347, -5.792596], [11.630347, -5.791223], [11.62966, -5.791223], [11.62966, -5.789163], [11.630347, -5.789163], [11.630347, -5.788477], [11.631033, -5.788477], [11.631033, -5.792596], [11.630347, -5.792596]]], [[[11.631033, -5.788477], [11.631033, -5.787103], [11.63172, -5.787103], [11.63172, -5.786417], [11.632407, -5.786417], [11.632407, -5.788477], [11.631033, -5.788477]]], [[[11.62966, -5.795343], [11.630347, -5.795343], [11.630347, -5.79603], [11.62966, -5.79603], [11.62966, -5.795343]]], [[[11.628287, -5.78573], [11.628973, -5.78573], [11.628973, -5.786417], [11.628287, -5.786417], [11.628287, -5.78573]]], [[[11.6276, -5.793283], [11.628287, -5.793283], [11.628287, -5.795343], [11.6276, -5.795343], [11.6276, -5.794656], [11.626913, -5.794656], [11.626913, -5.79397], [11.6276, -5.79397], [11.6276, -5.793283]]], [[[11.628287, -5.795343], [11.628973, -5.795343], [11.628973, -5.79603], [11.628287, -5.79603], [11.628287, -5.795343]]], [[[11.618674, -5.846155], [11.61936, -5.846155], [11.61936, -5.848215], [11.6173, -5.848215], [11.6173, -5.847528], [11.617987, -5.847528], [11.617987, -5.846841], [11.618674, -5.846841], [11.618674, -5.846155]]], [[[11.613181, -5.851648], [11.614554, -5.851648], [11.614554, -5.852335], [11.613867, -5.852335], [11.613867, -5.853021], [11.613181, -5.853021], [11.613181, -5.851648]]], [[[11.614554, -5.851648], [11.614554, -5.850961], [11.61524, -5.850961], [11.61524, -5.851648], [11.614554, -5.851648]]], [[[11.603568, -5.791223], [11.604254, -5.791223], [11.604254, -5.792596], [11.603568, -5.792596], [11.603568, -5.791223]]], [[[11.602194, -5.77749], [11.603568, -5.77749], [11.603568, -5.778177], [11.604254, -5.778177], [11.604254, -5.77955], [11.602881, -5.77955], [11.602881, -5.778864], [11.602194, -5.778864], [11.602194, -5.77749]]], [[[11.599448, -5.776117], [11.600134, -5.776117], [11.600134, -5.776804], [11.600821, -5.776804], [11.600821, -5.778177], [11.600134, -5.778177], [11.600134, -5.778864], [11.599448, -5.778864], [11.599448, -5.77955], [11.598761, -5.77955], [11.598761, -5.780237], [11.598074, -5.780237], [11.598074, -5.780923], [11.597388, -5.780923], [11.597388, -5.778864], [11.598074, -5.778864], [11.598074, -5.778177], [11.598761, -5.778177], [11.598761, -5.77749], [11.599448, -5.77749], [11.599448, -5.776117]]], [[[11.593268, -5.835168], [11.593954, -5.835168], [11.593954, -5.835855], [11.593268, -5.835855], [11.593268, -5.835168]]], [[[11.593954, -5.835855], [11.594641, -5.835855], [11.594641, -5.836542], [11.593954, -5.836542], [11.593954, -5.835855]]], [[[11.593268, -5.839975], [11.594641, -5.839975], [11.594641, -5.840662], [11.593268, -5.840662], [11.593268, -5.839975]]], [[[11.589835, -5.768564], [11.591208, -5.768564], [11.591208, -5.76925], [11.591895, -5.76925], [11.591895, -5.769937], [11.592581, -5.769937], [11.592581, -5.770624], [11.591895, -5.770624], [11.591895, -5.77131], [11.591208, -5.77131], [11.591208, -5.770624], [11.590521, -5.770624], [11.590521, -5.769937], [11.589835, -5.769937], [11.589835, -5.768564]]], [[[11.589835, -5.774057], [11.591208, -5.774057], [11.591208, -5.77543], [11.590521, -5.77543], [11.590521, -5.774744], [11.589835, -5.774744], [11.589835, -5.774057]]], [[[11.589835, -5.824869], [11.590521, -5.824869], [11.590521, -5.825555], [11.589835, -5.825555], [11.589835, -5.824869]]], [[[11.589148, -5.766504], [11.590521, -5.766504], [11.590521, -5.767191], [11.589835, -5.767191], [11.589835, -5.767877], [11.587775, -5.767877], [11.587775, -5.767191], [11.589148, -5.767191], [11.589148, -5.766504]]], [[[11.584341, -5.828989], [11.585028, -5.828989], [11.585028, -5.830362], [11.584341, -5.830362], [11.584341, -5.828989]]], [[[11.585028, -5.830362], [11.585715, -5.830362], [11.585715, -5.831049], [11.585028, -5.831049], [11.585028, -5.830362]]], [[[11.569922, -5.78985], [11.570609, -5.78985], [11.570609, -5.790536], [11.569922, -5.790536], [11.569922, -5.78985]]], [[[11.555502, -5.807016], [11.556189, -5.807016], [11.556189, -5.808389], [11.555502, -5.808389], [11.555502, -5.807016]]], [[[11.548636, -5.814569], [11.549323, -5.814569], [11.549323, -5.815942], [11.548636, -5.815942], [11.548636, -5.814569]]], [[[11.51911, -5.774744], [11.519797, -5.774744], [11.519797, -5.776117], [11.520483, -5.776117], [11.520483, -5.77749], [11.519797, -5.77749], [11.519797, -5.778864], [11.51911, -5.778864], [11.51911, -5.77749], [11.518423, -5.77749], [11.518423, -5.77543], [11.51911, -5.77543], [11.51911, -5.774744]]], [[[11.515677, -5.77543], [11.516364, -5.77543], [11.516364, -5.776117], [11.515677, -5.776117], [11.515677, -5.77543]]], [[[11.513617, -5.778177], [11.515677, -5.778177], [11.515677, -5.778864], [11.51499, -5.778864], [11.51499, -5.78161], [11.513617, -5.78161], [11.513617, -5.780923], [11.51293, -5.780923], [11.51293, -5.778864], [11.513617, -5.778864], [11.513617, -5.778177]]], [[[11.485464, -5.782983], [11.486151, -5.782983], [11.486151, -5.784357], [11.485464, -5.784357], [11.485464, -5.782983]]], [[[11.484778, -5.761011], [11.485464, -5.761011], [11.485464, -5.762384], [11.484091, -5.762384], [11.484091, -5.761697], [11.484778, -5.761697], [11.484778, -5.761011]]], [[[11.477225, -5.782297], [11.477911, -5.782297], [11.477911, -5.782983], [11.477225, -5.782983], [11.477225, -5.782297]]], [[[11.473105, -5.763757], [11.473792, -5.763757], [11.473792, -5.764444], [11.473105, -5.764444], [11.473105, -5.763757]]], [[[11.473792, -5.764444], [11.475165, -5.764444], [11.475165, -5.765131], [11.474478, -5.765131], [11.474478, -5.765817], [11.473792, -5.765817], [11.473792, -5.764444]]], [[[11.475165, -5.764444], [11.475165, -5.762384], [11.476538, -5.762384], [11.476538, -5.763071], [11.475851, -5.763071], [11.475851, -5.764444], [11.475165, -5.764444]]], [[[11.458685, -5.765131], [11.460745, -5.765131], [11.460745, -5.765817], [11.461432, -5.765817], [11.461432, -5.766504], [11.457999, -5.766504], [11.457999, -5.765817], [11.458685, -5.765817], [11.458685, -5.765131]]], [[[11.461432, -5.766504], [11.462119, -5.766504], [11.462119, -5.767191], [11.461432, -5.767191], [11.461432, -5.766504]]], [[[11.458685, -5.778864], [11.459372, -5.778864], [11.459372, -5.77955], [11.458685, -5.77955], [11.458685, -5.778864]]], [[[11.283591, -5.915506], [11.283591, -5.916879], [11.282904, -5.916879], [11.282904, -5.918253], [11.281531, -5.918253], [11.281531, -5.922372], [11.282904, -5.922372], [11.282904, -5.921686], [11.283591, -5.921686], [11.283591, -5.920999], [11.284277, -5.920999], [11.284277, -5.918939], [11.285651, -5.918939], [11.285651, -5.917566], [11.286337, -5.917566], [11.286337, -5.916879], [11.287024, -5.916879], [11.287024, -5.914819], [11.285651, -5.914819], [11.285651, -5.914133], [11.284964, -5.914133], [11.284964, -5.914819], [11.284277, -5.914819], [11.284277, -5.912759], [11.284964, -5.912759], [11.284964, -5.907953], [11.283591, -5.907953], [11.283591, -5.909326], [11.282217, -5.909326], [11.282217, -5.907266], [11.281531, -5.907266], [11.281531, -5.905893], [11.280844, -5.905893], [11.280844, -5.903833], [11.280157, -5.903833], [11.280157, -5.903146], [11.280844, -5.903146], [11.280844, -5.901773], [11.281531, -5.901773], [11.281531, -5.901086], [11.280844, -5.901086], [11.280844, -5.9004], [11.280157, -5.9004], [11.280157, -5.899713], [11.278098, -5.899713], [11.278098, -5.899026], [11.277411, -5.899026], [11.277411, -5.89834], [11.276724, -5.89834], [11.276724, -5.897653], [11.277411, -5.897653], [11.277411, -5.896967], [11.278098, -5.896967], [11.278098, -5.89628], [11.278784, -5.89628], [11.278784, -5.892847], [11.279471, -5.892847], [11.279471, -5.891473], [11.280157, -5.891473], [11.280157, -5.888727], [11.281531, -5.888727], [11.281531, -5.88804], [11.282217, -5.88804], [11.282217, -5.887354], [11.282904, -5.887354], [11.282904, -5.88598], [11.283591, -5.88598], [11.283591, -5.885294], [11.284277, -5.885294], [11.284277, -5.883234], [11.284964, -5.883234], [11.284964, -5.882547], [11.285651, -5.882547], [11.285651, -5.880487], [11.286337, -5.880487], [11.286337, -5.8798], [11.287024, -5.8798], [11.287024, -5.878427], [11.287711, -5.878427], [11.287711, -5.877054], [11.288397, -5.877054], [11.288397, -5.876367], [11.289084, -5.876367], [11.289084, -5.875681], [11.289771, -5.875681], [11.289771, -5.874994], [11.290457, -5.874994], [11.290457, -5.872934], [11.291144, -5.872934], [11.291144, -5.875681], [11.290457, -5.875681], [11.290457, -5.876367], [11.291144, -5.876367], [11.291144, -5.879114], [11.290457, -5.879114], [11.290457, -5.88598], [11.289084, -5.88598], [11.289084, -5.886667], [11.288397, -5.886667], [11.288397, -5.892847], [11.287711, -5.892847], [11.287711, -5.893533], [11.288397, -5.893533], [11.288397, -5.895593], [11.287711, -5.895593], [11.287711, -5.901086], [11.288397, -5.901086], [11.288397, -5.901773], [11.289084, -5.901773], [11.289084, -5.90246], [11.291144, -5.90246], [11.291144, -5.90452], [11.29183, -5.90452], [11.29183, -5.905206], [11.292517, -5.905206], [11.292517, -5.905893], [11.294577, -5.905893], [11.294577, -5.90452], [11.29595, -5.90452], [11.29595, -5.90246], [11.296637, -5.90246], [11.296637, -5.903146], [11.297324, -5.903146], [11.297324, -5.903833], [11.29801, -5.903833], [11.29801, -5.903146], [11.298697, -5.903146], [11.298697, -5.90246], [11.299384, -5.90246], [11.299384, -5.901086], [11.30007, -5.901086], [11.30007, -5.9004], [11.301443, -5.9004], [11.301443, -5.899026], [11.30213, -5.899026], [11.30213, -5.897653], [11.303503, -5.897653], [11.303503, -5.893533], [11.30419, -5.893533], [11.30419, -5.890787], [11.306937, -5.890787], [11.306937, -5.889413], [11.30831, -5.889413], [11.30831, -5.890787], [11.307623, -5.890787], [11.307623, -5.892847], [11.30831, -5.892847], [11.30831, -5.89422], [11.307623, -5.89422], [11.307623, -5.897653], [11.306937, -5.897653], [11.306937, -5.89834], [11.30625, -5.89834], [11.30625, -5.899026], [11.304877, -5.899026], [11.304877, -5.9004], [11.305563, -5.9004], [11.305563, -5.901086], [11.304877, -5.901086], [11.304877, -5.903146], [11.30419, -5.903146], [11.30419, -5.90452], [11.303503, -5.90452], [11.303503, -5.905206], [11.30419, -5.905206], [11.30419, -5.90658], [11.305563, -5.90658], [11.305563, -5.903833], [11.306937, -5.903833], [11.306937, -5.90246], [11.30625, -5.90246], [11.30625, -5.901773], [11.306937, -5.901773], [11.306937, -5.901086], [11.307623, -5.901086], [11.307623, -5.9004], [11.308997, -5.9004], [11.308997, -5.897653], [11.31037, -5.897653], [11.31037, -5.896967], [11.309683, -5.896967], [11.309683, -5.895593], [11.31037, -5.895593], [11.31037, -5.894907], [11.311057, -5.894907], [11.311057, -5.893533], [11.311743, -5.893533], [11.311743, -5.892847], [11.31243, -5.892847], [11.31243, -5.895593], [11.313116, -5.895593], [11.313116, -5.894907], [11.313803, -5.894907], [11.313803, -5.891473], [11.31449, -5.891473], [11.31449, -5.8901], [11.315176, -5.8901], [11.315176, -5.888727], [11.315863, -5.888727], [11.315863, -5.88804], [11.317923, -5.88804], [11.317923, -5.887354], [11.31861, -5.887354], [11.31861, -5.886667], [11.32067, -5.886667], [11.32067, -5.887354], [11.322729, -5.887354], [11.322729, -5.886667], [11.323416, -5.886667], [11.323416, -5.885294], [11.324789, -5.885294], [11.324789, -5.88804], [11.325476, -5.88804], [11.325476, -5.888727], [11.326849, -5.888727], [11.326849, -5.887354], [11.326163, -5.887354], [11.326163, -5.886667], [11.325476, -5.886667], [11.325476, -5.88598], [11.328223, -5.88598], [11.328223, -5.886667], [11.327536, -5.886667], [11.327536, -5.889413], [11.326849, -5.889413], [11.326849, -5.89216], [11.326163, -5.89216], [11.326163, -5.893533], [11.326849, -5.893533], [11.326849, -5.894907], [11.327536, -5.894907], [11.327536, -5.89628], [11.328223, -5.89628], [11.328223, -5.897653], [11.329596, -5.897653], [11.329596, -5.896967], [11.330283, -5.896967], [11.330283, -5.894907], [11.329596, -5.894907], [11.329596, -5.893533], [11.327536, -5.893533], [11.327536, -5.892847], [11.330283, -5.892847], [11.330283, -5.8901], [11.330969, -5.8901], [11.330969, -5.894907], [11.331656, -5.894907], [11.331656, -5.89628], [11.333029, -5.89628], [11.333029, -5.895593], [11.333716, -5.895593], [11.333716, -5.893533], [11.334402, -5.893533], [11.334402, -5.892847], [11.335089, -5.892847], [11.335089, -5.89216], [11.334402, -5.89216], [11.334402, -5.8901], [11.335089, -5.8901], [11.335089, -5.890787], [11.335776, -5.890787], [11.335776, -5.8901], [11.336462, -5.8901], [11.336462, -5.890787], [11.339209, -5.890787], [11.339209, -5.8901], [11.340582, -5.8901], [11.340582, -5.889413], [11.341269, -5.889413], [11.341269, -5.888727], [11.341956, -5.888727], [11.341956, -5.887354], [11.343329, -5.887354], [11.343329, -5.888727], [11.344016, -5.888727], [11.344016, -5.887354], [11.346075, -5.887354], [11.346075, -5.88392], [11.346762, -5.88392], [11.346762, -5.883234], [11.347449, -5.883234], [11.347449, -5.872934], [11.346762, -5.872934], [11.346762, -5.870187], [11.346075, -5.870187], [11.346075, -5.869501], [11.345389, -5.869501], [11.345389, -5.868814], [11.344702, -5.868814], [11.344702, -5.867441], [11.347449, -5.867441], [11.347449, -5.866754], [11.348822, -5.866754], [11.348822, -5.864694], [11.349509, -5.864694], [11.349509, -5.861261], [11.350195, -5.861261], [11.350195, -5.859888], [11.351569, -5.859888], [11.351569, -5.858514], [11.352942, -5.858514], [11.352942, -5.857141], [11.354315, -5.857141], [11.354315, -5.858514], [11.353629, -5.858514], [11.353629, -5.859888], [11.352942, -5.859888], [11.352942, -5.860574], [11.353629, -5.860574], [11.353629, -5.861261], [11.352942, -5.861261], [11.352942, -5.864694], [11.352255, -5.864694], [11.352255, -5.866068], [11.352942, -5.866068], [11.352942, -5.866754], [11.354315, -5.866754], [11.354315, -5.865381], [11.355002, -5.865381], [11.355002, -5.864008], [11.354315, -5.864008], [11.354315, -5.862634], [11.355002, -5.862634], [11.355002, -5.863321], [11.355688, -5.863321], [11.355688, -5.859201], [11.357062, -5.859201], [11.357062, -5.859888], [11.357748, -5.859888], [11.357748, -5.860574], [11.359122, -5.860574], [11.359122, -5.858514], [11.359808, -5.858514], [11.359808, -5.855768], [11.359122, -5.855768], [11.359122, -5.854395], [11.358435, -5.854395], [11.358435, -5.853021], [11.357062, -5.853021], [11.357062, -5.853708], [11.356375, -5.853708], [11.356375, -5.851648], [11.357062, -5.851648], [11.357062, -5.848215], [11.357748, -5.848215], [11.357748, -5.846841], [11.359122, -5.846841], [11.359122, -5.846155], [11.359808, -5.846155], [11.359808, -5.845468], [11.360495, -5.845468], [11.360495, -5.846155], [11.361182, -5.846155], [11.361182, -5.847528], [11.361868, -5.847528], [11.361868, -5.848215], [11.363242, -5.848215], [11.363242, -5.846155], [11.365302, -5.846155], [11.365302, -5.844095], [11.365988, -5.844095], [11.365988, -5.842722], [11.366675, -5.842722], [11.366675, -5.840662], [11.367361, -5.840662], [11.367361, -5.839288], [11.368048, -5.839288], [11.368048, -5.835855], [11.368735, -5.835855], [11.368735, -5.835168], [11.369421, -5.835168], [11.369421, -5.833109], [11.370108, -5.833109], [11.370108, -5.831735], [11.369421, -5.831735], [11.369421, -5.829675], [11.370108, -5.829675], [11.370108, -5.828989], [11.370795, -5.828989], [11.370795, -5.826242], [11.372168, -5.826242], [11.372168, -5.827615], [11.372855, -5.827615], [11.372855, -5.830362], [11.373541, -5.830362], [11.373541, -5.831049], [11.374915, -5.831049], [11.374915, -5.830362], [11.376288, -5.830362], [11.376288, -5.832422], [11.376974, -5.832422], [11.376974, -5.833109], [11.377661, -5.833109], [11.377661, -5.830362], [11.378348, -5.830362], [11.378348, -5.828302], [11.379034, -5.828302], [11.379034, -5.827615], [11.378348, -5.827615], [11.378348, -5.826929], [11.379034, -5.826929], [11.379034, -5.820749], [11.379721, -5.820749], [11.379721, -5.821436], [11.381781, -5.821436], [11.381781, -5.820062], [11.382468, -5.820062], [11.382468, -5.819376], [11.383154, -5.819376], [11.383154, -5.820062], [11.385214, -5.820062], [11.385214, -5.820749], [11.386588, -5.820749], [11.386588, -5.822122], [11.387274, -5.822122], [11.387274, -5.822809], [11.386588, -5.822809], [11.386588, -5.826242], [11.387274, -5.826242], [11.387274, -5.826929], [11.387961, -5.826929], [11.387961, -5.827615], [11.388647, -5.827615], [11.388647, -5.824182], [11.389334, -5.824182], [11.389334, -5.822809], [11.390021, -5.822809], [11.390021, -5.821436], [11.390707, -5.821436], [11.390707, -5.820749], [11.391394, -5.820749], [11.391394, -5.819376], [11.392081, -5.819376], [11.392081, -5.818689], [11.393454, -5.818689], [11.393454, -5.818002], [11.394141, -5.818002], [11.394141, -5.816629], [11.393454, -5.816629], [11.393454, -5.814569], [11.394141, -5.814569], [11.394141, -5.813196], [11.393454, -5.813196], [11.393454, -5.808389], [11.392767, -5.808389], [11.392767, -5.807703], [11.393454, -5.807703], [11.393454, -5.805643], [11.392767, -5.805643], [11.392767, -5.804956], [11.394141, -5.804956], [11.394141, -5.801523], [11.393454, -5.801523], [11.393454, -5.798776], [11.392767, -5.798776], [11.392767, -5.79809], [11.393454, -5.79809], [11.393454, -5.79603], [11.392767, -5.79603], [11.392767, -5.79397], [11.393454, -5.79397], [11.393454, -5.793283], [11.394141, -5.793283], [11.394141, -5.79397], [11.395514, -5.79397], [11.395514, -5.794656], [11.394827, -5.794656], [11.394827, -5.79603], [11.395514, -5.79603], [11.395514, -5.797403], [11.396201, -5.797403], [11.396201, -5.79809], [11.395514, -5.79809], [11.395514, -5.80015], [11.396201, -5.80015], [11.396201, -5.800836], [11.396887, -5.800836], [11.396887, -5.801523], [11.397574, -5.801523], [11.397574, -5.800836], [11.39826, -5.800836], [11.39826, -5.80015], [11.398947, -5.80015], [11.398947, -5.802209], [11.399634, -5.802209], [11.399634, -5.802896], [11.40032, -5.802896], [11.40032, -5.802209], [11.401694, -5.802209], [11.401694, -5.806329], [11.401007, -5.806329], [11.401007, -5.808389], [11.401694, -5.808389], [11.401694, -5.807703], [11.40238, -5.807703], [11.40238, -5.807016], [11.40444, -5.807016], [11.40444, -5.805643], [11.405127, -5.805643], [11.405127, -5.804956], [11.405814, -5.804956], [11.405814, -5.802209], [11.4065, -5.802209], [11.4065, -5.802896], [11.407874, -5.802896], [11.407874, -5.802209], [11.409247, -5.802209], [11.409247, -5.800836], [11.40856, -5.800836], [11.40856, -5.799463], [11.407874, -5.799463], [11.407874, -5.788477], [11.40856, -5.788477], [11.40856, -5.789163], [11.409933, -5.789163], [11.409933, -5.787103], [11.411307, -5.787103], [11.411307, -5.786417], [11.411993, -5.786417], [11.411993, -5.78573], [11.413367, -5.78573], [11.413367, -5.787103], [11.417487, -5.787103], [11.417487, -5.786417], [11.41886, -5.786417], [11.41886, -5.78573], [11.419547, -5.78573], [11.419547, -5.787103], [11.420233, -5.787103], [11.420233, -5.788477], [11.42092, -5.788477], [11.42092, -5.790536], [11.420233, -5.790536], [11.420233, -5.792596], [11.42092, -5.792596], [11.42092, -5.79397], [11.423666, -5.79397], [11.423666, -5.794656], [11.424353, -5.794656], [11.424353, -5.795343], [11.42504, -5.795343], [11.42504, -5.794656], [11.425726, -5.794656], [11.425726, -5.79397], [11.4271, -5.79397], [11.4271, -5.79191], [11.425726, -5.79191], [11.425726, -5.792596], [11.42504, -5.792596], [11.42504, -5.788477], [11.4271, -5.788477], [11.4271, -5.787103], [11.42916, -5.787103], [11.42916, -5.786417], [11.429846, -5.786417], [11.429846, -5.784357], [11.431219, -5.784357], [11.431219, -5.780237], [11.430533, -5.780237], [11.430533, -5.77955], [11.429846, -5.77955], [11.429846, -5.77749], [11.42916, -5.77749], [11.42916, -5.77543], [11.428473, -5.77543], [11.428473, -5.774057], [11.42916, -5.774057], [11.42916, -5.774744], [11.429846, -5.774744], [11.429846, -5.77337], [11.430533, -5.77337], [11.430533, -5.77543], [11.431219, -5.77543], [11.431219, -5.776804], [11.431906, -5.776804], [11.431906, -5.778864], [11.432593, -5.778864], [11.432593, -5.77955], [11.434653, -5.77955], [11.434653, -5.780237], [11.437399, -5.780237], [11.437399, -5.77955], [11.438773, -5.77955], [11.438773, -5.780237], [11.439459, -5.780237], [11.439459, -5.776117], [11.437399, -5.776117], [11.437399, -5.77543], [11.436713, -5.77543], [11.436713, -5.774744], [11.438086, -5.774744], [11.438086, -5.774057], [11.438773, -5.774057], [11.438773, -5.772684], [11.436713, -5.772684], [11.436713, -5.771997], [11.436026, -5.771997], [11.436026, -5.77131], [11.438086, -5.77131], [11.438086, -5.770624], [11.438773, -5.770624], [11.438773, -5.769937], [11.439459, -5.769937], [11.439459, -5.768564], [11.440146, -5.768564], [11.440146, -5.767877], [11.441519, -5.767877], [11.441519, -5.768564], [11.446326, -5.768564], [11.446326, -5.767877], [11.447699, -5.767877], [11.447699, -5.768564], [11.448386, -5.768564], [11.448386, -5.76925], [11.450446, -5.76925], [11.450446, -5.769937], [11.451132, -5.769937], [11.451132, -5.770624], [11.453192, -5.770624], [11.453192, -5.77131], [11.454565, -5.77131], [11.454565, -5.772684], [11.456625, -5.772684], [11.456625, -5.771997], [11.455939, -5.771997], [11.455939, -5.77131], [11.455252, -5.77131], [11.455252, -5.770624], [11.456625, -5.770624], [11.456625, -5.77131], [11.457312, -5.77131], [11.457312, -5.770624], [11.458685, -5.770624], [11.458685, -5.772684], [11.457999, -5.772684], [11.457999, -5.77337], [11.457312, -5.77337], [11.457312, -5.774057], [11.456625, -5.774057], [11.456625, -5.77543], [11.457312, -5.77543], [11.457312, -5.77749], [11.455939, -5.77749], [11.455939, -5.778177], [11.454565, -5.778177], [11.454565, -5.78161], [11.455252, -5.78161], [11.455252, -5.782983], [11.455939, -5.782983], [11.455939, -5.78367], [11.455252, -5.78367], [11.455252, -5.784357], [11.454565, -5.784357], [11.454565, -5.786417], [11.453879, -5.786417], [11.453879, -5.787103], [11.452505, -5.787103], [11.452505, -5.78779], [11.451819, -5.78779], [11.451819, -5.789163], [11.451132, -5.789163], [11.451132, -5.78985], [11.451819, -5.78985], [11.451819, -5.791223], [11.452505, -5.791223], [11.452505, -5.78985], [11.453192, -5.78985], [11.453192, -5.789163], [11.453879, -5.789163], [11.453879, -5.790536], [11.453192, -5.790536], [11.453192, -5.79191], [11.451819, -5.79191], [11.451819, -5.793283], [11.451132, -5.793283], [11.451132, -5.792596], [11.450446, -5.792596], [11.450446, -5.791223], [11.448386, -5.791223], [11.448386, -5.79191], [11.447699, -5.79191], [11.447699, -5.793283], [11.447012, -5.793283], [11.447012, -5.794656], [11.446326, -5.794656], [11.446326, -5.79603], [11.447699, -5.79603], [11.447699, -5.796716], [11.448386, -5.796716], [11.448386, -5.797403], [11.449072, -5.797403], [11.449072, -5.799463], [11.447699, -5.799463], [11.447699, -5.79809], [11.447012, -5.79809], [11.447012, -5.797403], [11.445639, -5.797403], [11.445639, -5.79809], [11.444952, -5.79809], [11.444952, -5.798776], [11.444266, -5.798776], [11.444266, -5.803583], [11.442892, -5.803583], [11.442892, -5.802896], [11.442206, -5.802896], [11.442206, -5.802209], [11.442892, -5.802209], [11.442892, -5.794656], [11.442206, -5.794656], [11.442206, -5.79397], [11.441519, -5.79397], [11.441519, -5.793283], [11.440833, -5.793283], [11.440833, -5.79191], [11.438773, -5.79191], [11.438773, -5.792596], [11.438086, -5.792596], [11.438086, -5.793283], [11.436713, -5.793283], [11.436713, -5.79397], [11.436026, -5.79397], [11.436026, -5.795343], [11.435339, -5.795343], [11.435339, -5.79603], [11.434653, -5.79603], [11.434653, -5.797403], [11.432593, -5.797403], [11.432593, -5.800836], [11.433279, -5.800836], [11.433279, -5.801523], [11.432593, -5.801523], [11.432593, -5.802209], [11.433966, -5.802209], [11.433966, -5.801523], [11.434653, -5.801523], [11.434653, -5.802209], [11.435339, -5.802209], [11.435339, -5.801523], [11.436026, -5.801523], [11.436026, -5.798776], [11.437399, -5.798776], [11.437399, -5.799463], [11.438086, -5.799463], [11.438086, -5.80015], [11.438773, -5.80015], [11.438773, -5.800836], [11.437399, -5.800836], [11.437399, -5.802209], [11.438086, -5.802209], [11.438086, -5.804956], [11.438773, -5.804956], [11.438773, -5.805643], [11.437399, -5.805643], [11.437399, -5.804956], [11.435339, -5.804956], [11.435339, -5.811823], [11.434653, -5.811823], [11.434653, -5.812509], [11.433966, -5.812509], [11.433966, -5.813882], [11.433279, -5.813882], [11.433279, -5.814569], [11.432593, -5.814569], [11.432593, -5.816629], [11.431219, -5.816629], [11.431219, -5.817316], [11.430533, -5.817316], [11.430533, -5.818002], [11.42916, -5.818002], [11.42916, -5.817316], [11.427786, -5.817316], [11.427786, -5.818002], [11.4271, -5.818002], [11.4271, -5.818689], [11.426413, -5.818689], [11.426413, -5.819376], [11.425726, -5.819376], [11.425726, -5.820062], [11.42504, -5.820062], [11.42504, -5.820749], [11.42298, -5.820749], [11.42298, -5.822122], [11.422293, -5.822122], [11.422293, -5.821436], [11.421606, -5.821436], [11.421606, -5.822122], [11.42092, -5.822122], [11.42092, -5.824182], [11.419547, -5.824182], [11.419547, -5.826242], [11.41886, -5.826242], [11.41886, -5.826929], [11.418173, -5.826929], [11.418173, -5.827615], [11.416113, -5.827615], [11.416113, -5.830362], [11.41474, -5.830362], [11.41474, -5.831049], [11.41268, -5.831049], [11.41268, -5.832422], [11.411307, -5.832422], [11.411307, -5.833109], [11.41062, -5.833109], [11.41062, -5.833795], [11.409933, -5.833795], [11.409933, -5.835168], [11.409247, -5.835168], [11.409247, -5.836542], [11.4065, -5.836542], [11.4065, -5.835168], [11.405814, -5.835168], [11.405814, -5.836542], [11.405127, -5.836542], [11.405127, -5.837915], [11.40444, -5.837915], [11.40444, -5.839288], [11.401694, -5.839288], [11.401694, -5.839975], [11.401007, -5.839975], [11.401007, -5.841348], [11.399634, -5.841348], [11.399634, -5.842722], [11.398947, -5.842722], [11.398947, -5.845468], [11.39826, -5.845468], [11.39826, -5.846841], [11.398947, -5.846841], [11.398947, -5.848215], [11.39826, -5.848215], [11.39826, -5.848901], [11.396887, -5.848901], [11.396887, -5.850961], [11.395514, -5.850961], [11.395514, -5.848901], [11.394827, -5.848901], [11.394827, -5.849588], [11.394141, -5.849588], [11.394141, -5.850961], [11.393454, -5.850961], [11.393454, -5.854395], [11.392767, -5.854395], [11.392767, -5.857828], [11.392081, -5.857828], [11.392081, -5.858514], [11.391394, -5.858514], [11.391394, -5.861948], [11.390707, -5.861948], [11.390707, -5.865381], [11.390021, -5.865381], [11.390021, -5.866068], [11.389334, -5.866068], [11.389334, -5.865381], [11.387961, -5.865381], [11.387961, -5.864694], [11.386588, -5.864694], [11.386588, -5.862634], [11.385901, -5.862634], [11.385901, -5.857828], [11.386588, -5.857828], [11.386588, -5.853708], [11.387274, -5.853708], [11.387274, -5.852335], [11.386588, -5.852335], [11.386588, -5.851648], [11.385901, -5.851648], [11.385901, -5.853021], [11.383841, -5.853021], [11.383841, -5.852335], [11.383154, -5.852335], [11.383154, -5.851648], [11.381781, -5.851648], [11.381781, -5.853021], [11.381094, -5.853021], [11.381094, -5.853708], [11.380408, -5.853708], [11.380408, -5.854395], [11.379721, -5.854395], [11.379721, -5.857141], [11.379034, -5.857141], [11.379034, -5.859201], [11.377661, -5.859201], [11.377661, -5.861261], [11.376288, -5.861261], [11.376288, -5.862634], [11.376974, -5.862634], [11.376974, -5.863321], [11.377661, -5.863321], [11.377661, -5.864694], [11.376974, -5.864694], [11.376974, -5.866068], [11.376288, -5.866068], [11.376288, -5.868814], [11.375601, -5.868814], [11.375601, -5.869501], [11.376288, -5.869501], [11.376288, -5.870874], [11.375601, -5.870874], [11.375601, -5.872247], [11.374228, -5.872247], [11.374228, -5.872934], [11.373541, -5.872934], [11.373541, -5.872247], [11.372855, -5.872247], [11.372855, -5.870187], [11.372168, -5.870187], [11.372168, -5.869501], [11.369421, -5.869501], [11.369421, -5.870187], [11.368735, -5.870187], [11.368735, -5.872934], [11.368048, -5.872934], [11.368048, -5.878427], [11.368735, -5.878427], [11.368735, -5.879114], [11.368048, -5.879114], [11.368048, -5.880487], [11.366675, -5.880487], [11.366675, -5.881174], [11.365988, -5.881174], [11.365988, -5.880487], [11.365302, -5.880487], [11.365302, -5.882547], [11.364615, -5.882547], [11.364615, -5.88598], [11.361868, -5.88598], [11.361868, -5.889413], [11.360495, -5.889413], [11.360495, -5.8901], [11.359808, -5.8901], [11.359808, -5.890787], [11.359122, -5.890787], [11.359122, -5.89216], [11.357748, -5.89216], [11.357748, -5.892847], [11.358435, -5.892847], [11.358435, -5.89422], [11.359122, -5.89422], [11.359122, -5.89834], [11.358435, -5.89834], [11.358435, -5.899026], [11.357748, -5.899026], [11.357748, -5.899713], [11.357062, -5.899713], [11.357062, -5.901086], [11.356375, -5.901086], [11.356375, -5.90246], [11.355688, -5.90246], [11.355688, -5.903833], [11.355002, -5.903833], [11.355002, -5.903146], [11.354315, -5.903146], [11.354315, -5.90246], [11.353629, -5.90246], [11.353629, -5.901773], [11.354315, -5.901773], [11.354315, -5.9004], [11.352255, -5.9004], [11.352255, -5.899713], [11.352942, -5.899713], [11.352942, -5.899026], [11.353629, -5.899026], [11.353629, -5.896967], [11.350882, -5.896967], [11.350882, -5.89834], [11.350195, -5.89834], [11.350195, -5.899026], [11.350882, -5.899026], [11.350882, -5.899713], [11.350195, -5.899713], [11.350195, -5.9004], [11.349509, -5.9004], [11.349509, -5.901773], [11.348822, -5.901773], [11.348822, -5.90452], [11.348135, -5.90452], [11.348135, -5.905206], [11.347449, -5.905206], [11.347449, -5.903833], [11.346075, -5.903833], [11.346075, -5.903146], [11.344702, -5.903146], [11.344702, -5.903833], [11.343329, -5.903833], [11.343329, -5.90452], [11.341956, -5.90452], [11.341956, -5.905206], [11.341269, -5.905206], [11.341269, -5.90658], [11.340582, -5.90658], [11.340582, -5.907953], [11.338522, -5.907953], [11.338522, -5.909326], [11.333716, -5.909326], [11.333716, -5.910013], [11.332343, -5.910013], [11.332343, -5.910699], [11.330969, -5.910699], [11.330969, -5.911386], [11.330283, -5.911386], [11.330283, -5.912073], [11.326849, -5.912073], [11.326849, -5.911386], [11.326163, -5.911386], [11.326163, -5.910699], [11.325476, -5.910699], [11.325476, -5.910013], [11.324103, -5.910013], [11.324103, -5.90864], [11.323416, -5.90864], [11.323416, -5.905206], [11.322729, -5.905206], [11.322729, -5.90452], [11.321356, -5.90452], [11.321356, -5.905206], [11.319983, -5.905206], [11.319983, -5.907266], [11.32067, -5.907266], [11.32067, -5.909326], [11.319983, -5.909326], [11.319983, -5.911386], [11.32067, -5.911386], [11.32067, -5.912073], [11.319983, -5.912073], [11.319983, -5.913446], [11.32067, -5.913446], [11.32067, -5.915506], [11.315176, -5.915506], [11.315176, -5.914819], [11.31449, -5.914819], [11.31449, -5.915506], [11.31243, -5.915506], [11.31243, -5.916193], [11.311057, -5.916193], [11.311057, -5.918253], [11.31037, -5.918253], [11.31037, -5.920999], [11.309683, -5.920999], [11.309683, -5.921686], [11.308997, -5.921686], [11.308997, -5.925119], [11.30831, -5.925119], [11.30831, -5.925806], [11.307623, -5.925806], [11.307623, -5.926492], [11.30625, -5.926492], [11.30625, -5.927179], [11.30419, -5.927179], [11.30419, -5.927866], [11.302817, -5.927866], [11.302817, -5.927179], [11.300757, -5.927179], [11.300757, -5.926492], [11.30007, -5.926492], [11.30007, -5.925806], [11.296637, -5.925806], [11.296637, -5.925119], [11.295264, -5.925119], [11.295264, -5.924432], [11.291144, -5.924432], [11.291144, -5.925119], [11.287711, -5.925119], [11.287711, -5.925806], [11.287024, -5.925806], [11.287024, -5.927179], [11.286337, -5.927179], [11.286337, -5.927866], [11.285651, -5.927866], [11.285651, -5.929926], [11.284964, -5.929926], [11.284964, -5.931299], [11.284277, -5.931299], [11.284277, -5.931985], [11.283591, -5.931985], [11.283591, -5.933359], [11.282904, -5.933359], [11.282904, -5.934045], [11.282217, -5.934045], [11.282217, -5.935419], [11.280844, -5.935419], [11.280844, -5.936105], [11.280157, -5.936105], [11.280157, -5.936792], [11.278098, -5.936792], [11.278098, -5.938165], [11.276724, -5.938165], [11.276724, -5.938852], [11.276038, -5.938852], [11.276038, -5.939539], [11.274664, -5.939539], [11.274664, -5.940225], [11.273978, -5.940225], [11.273978, -5.940912], [11.272604, -5.940912], [11.272604, -5.938165], [11.273291, -5.938165], [11.273291, -5.936105], [11.273978, -5.936105], [11.273978, -5.934732], [11.274664, -5.934732], [11.274664, -5.931299], [11.275351, -5.931299], [11.275351, -5.928552], [11.276724, -5.928552], [11.276724, -5.926492], [11.277411, -5.926492], [11.277411, -5.925119], [11.278098, -5.925119], [11.278098, -5.923059], [11.278784, -5.923059], [11.278784, -5.921686], [11.279471, -5.921686], [11.279471, -5.917566], [11.280157, -5.917566], [11.280157, -5.916879], [11.280844, -5.916879], [11.280844, -5.916193], [11.281531, -5.916193], [11.281531, -5.915506], [11.283591, -5.915506]], [[11.455939, -5.77749], [11.455939, -5.776804], [11.455252, -5.776804], [11.455252, -5.77749], [11.455939, -5.77749]], [[11.446326, -5.79603], [11.445639, -5.79603], [11.445639, -5.796716], [11.446326, -5.796716], [11.446326, -5.79603]], [[11.453192, -5.77749], [11.453192, -5.778177], [11.453879, -5.778177], [11.453879, -5.77749], [11.453192, -5.77749]], [[11.452505, -5.772684], [11.452505, -5.774057], [11.453879, -5.774057], [11.453879, -5.772684], [11.452505, -5.772684]], [[11.450446, -5.78367], [11.450446, -5.784357], [11.451819, -5.784357], [11.451819, -5.78367], [11.450446, -5.78367]], [[11.446326, -5.76925], [11.446326, -5.770624], [11.445639, -5.770624], [11.445639, -5.77131], [11.446326, -5.77131], [11.446326, -5.771997], [11.447012, -5.771997], [11.447012, -5.772684], [11.449072, -5.772684], [11.449072, -5.774057], [11.451132, -5.774057], [11.451132, -5.772684], [11.451819, -5.772684], [11.451819, -5.771997], [11.449072, -5.771997], [11.449072, -5.77131], [11.447012, -5.77131], [11.447012, -5.76925], [11.446326, -5.76925]], [[11.449072, -5.778177], [11.449072, -5.77955], [11.449759, -5.77955], [11.449759, -5.778864], [11.450446, -5.778864], [11.450446, -5.778177], [11.449072, -5.778177]], [[11.449759, -5.77955], [11.449759, -5.780237], [11.447699, -5.780237], [11.447699, -5.78161], [11.448386, -5.78161], [11.448386, -5.782297], [11.449072, -5.782297], [11.449072, -5.78161], [11.449759, -5.78161], [11.449759, -5.782297], [11.451132, -5.782297], [11.451132, -5.77955], [11.449759, -5.77955]], [[11.446326, -5.77543], [11.446326, -5.776117], [11.447012, -5.776117], [11.447012, -5.776804], [11.446326, -5.776804], [11.446326, -5.77749], [11.449072, -5.77749], [11.449072, -5.776117], [11.448386, -5.776117], [11.448386, -5.77543], [11.446326, -5.77543]], [[11.444266, -5.77337], [11.444266, -5.774057], [11.443579, -5.774057], [11.443579, -5.774744], [11.446326, -5.774744], [11.446326, -5.774057], [11.445639, -5.774057], [11.445639, -5.77337], [11.444266, -5.77337]], [[11.440146, -5.780923], [11.440146, -5.78161], [11.439459, -5.78161], [11.439459, -5.782983], [11.442206, -5.782983], [11.442206, -5.78161], [11.441519, -5.78161], [11.441519, -5.780923], [11.440146, -5.780923]], [[11.438086, -5.788477], [11.438086, -5.78985], [11.438773, -5.78985], [11.438773, -5.790536], [11.439459, -5.790536], [11.439459, -5.791223], [11.440146, -5.791223], [11.440146, -5.789163], [11.439459, -5.789163], [11.439459, -5.788477], [11.438086, -5.788477]], [[11.435339, -5.78161], [11.435339, -5.78367], [11.436026, -5.78367], [11.436026, -5.784357], [11.437399, -5.784357], [11.437399, -5.785043], [11.438086, -5.785043], [11.438086, -5.78573], [11.439459, -5.78573], [11.439459, -5.785043], [11.440146, -5.785043], [11.440146, -5.78367], [11.438086, -5.78367], [11.438086, -5.782297], [11.437399, -5.782297], [11.437399, -5.78161], [11.436713, -5.78161], [11.436713, -5.782297], [11.436026, -5.782297], [11.436026, -5.78161], [11.435339, -5.78161]], [[11.433279, -5.802896], [11.433279, -5.803583], [11.433966, -5.803583], [11.433966, -5.802896], [11.433279, -5.802896]], [[11.432593, -5.788477], [11.432593, -5.789163], [11.431906, -5.789163], [11.431906, -5.790536], [11.431219, -5.790536], [11.431219, -5.79191], [11.432593, -5.79191], [11.432593, -5.791223], [11.433279, -5.791223], [11.433279, -5.790536], [11.433966, -5.790536], [11.433966, -5.789163], [11.433279, -5.789163], [11.433279, -5.788477], [11.432593, -5.788477]], [[11.42916, -5.801523], [11.42916, -5.802209], [11.429846, -5.802209], [11.429846, -5.801523], [11.42916, -5.801523]], [[11.417487, -5.79397], [11.417487, -5.794656], [11.416113, -5.794656], [11.416113, -5.795343], [11.41474, -5.795343], [11.41474, -5.796716], [11.415427, -5.796716], [11.415427, -5.79809], [11.418173, -5.79809], [11.418173, -5.797403], [11.41886, -5.797403], [11.41886, -5.796716], [11.42092, -5.796716], [11.42092, -5.795343], [11.420233, -5.795343], [11.420233, -5.794656], [11.419547, -5.794656], [11.419547, -5.79397], [11.417487, -5.79397]], [[11.41886, -5.797403], [11.41886, -5.799463], [11.420233, -5.799463], [11.420233, -5.79809], [11.42092, -5.79809], [11.42092, -5.80015], [11.422293, -5.80015], [11.422293, -5.796716], [11.421606, -5.796716], [11.421606, -5.797403], [11.41886, -5.797403]], [[11.41886, -5.804269], [11.41886, -5.804956], [11.419547, -5.804956], [11.419547, -5.804269], [11.41886, -5.804269]], [[11.416113, -5.805643], [11.416113, -5.807703], [11.4168, -5.807703], [11.4168, -5.808389], [11.417487, -5.808389], [11.417487, -5.807703], [11.418173, -5.807703], [11.418173, -5.808389], [11.419547, -5.808389], [11.419547, -5.807703], [11.41886, -5.807703], [11.41886, -5.806329], [11.417487, -5.806329], [11.417487, -5.805643], [11.416113, -5.805643]], [[11.409247, -5.790536], [11.409247, -5.79191], [11.41062, -5.79191], [11.41062, -5.791223], [11.409933, -5.791223], [11.409933, -5.790536], [11.409247, -5.790536]], [[11.401694, -5.809076], [11.401694, -5.812509], [11.401007, -5.812509], [11.401007, -5.813882], [11.401694, -5.813882], [11.401694, -5.814569], [11.40238, -5.814569], [11.40238, -5.813882], [11.403067, -5.813882], [11.403067, -5.813196], [11.40238, -5.813196], [11.40238, -5.812509], [11.403067, -5.812509], [11.403067, -5.811823], [11.403754, -5.811823], [11.403754, -5.811136], [11.40444, -5.811136], [11.40444, -5.810449], [11.403754, -5.810449], [11.403754, -5.809076], [11.403067, -5.809076], [11.403067, -5.809763], [11.40238, -5.809763], [11.40238, -5.809076], [11.401694, -5.809076]], [[11.395514, -5.801523], [11.395514, -5.802896], [11.396201, -5.802896], [11.396201, -5.801523], [11.395514, -5.801523]], [[11.382468, -5.824182], [11.382468, -5.825555], [11.383841, -5.825555], [11.383841, -5.824182], [11.382468, -5.824182]], [[11.379721, -5.823495], [11.379721, -5.824182], [11.380408, -5.824182], [11.380408, -5.823495], [11.379721, -5.823495]], [[11.380408, -5.823495], [11.381094, -5.823495], [11.381094, -5.822809], [11.380408, -5.822809], [11.380408, -5.823495]], [[11.371481, -5.833109], [11.371481, -5.833795], [11.370795, -5.833795], [11.370795, -5.836542], [11.373541, -5.836542], [11.373541, -5.834482], [11.372855, -5.834482], [11.372855, -5.833795], [11.372168, -5.833795], [11.372168, -5.833109], [11.371481, -5.833109]], [[11.371481, -5.862634], [11.371481, -5.863321], [11.372168, -5.863321], [11.372168, -5.862634], [11.371481, -5.862634]], [[11.368048, -5.861948], [11.368048, -5.863321], [11.367361, -5.863321], [11.367361, -5.865381], [11.368735, -5.865381], [11.368735, -5.862634], [11.369421, -5.862634], [11.369421, -5.861948], [11.368048, -5.861948]], [[11.366675, -5.866754], [11.366675, -5.867441], [11.367361, -5.867441], [11.367361, -5.866754], [11.366675, -5.866754]], [[11.366675, -5.868127], [11.366675, -5.868814], [11.367361, -5.868814], [11.367361, -5.868127], [11.366675, -5.868127]], [[11.357748, -5.849588], [11.357748, -5.850961], [11.359122, -5.850961], [11.359122, -5.850275], [11.358435, -5.850275], [11.358435, -5.849588], [11.357748, -5.849588]], [[11.342642, -5.8901], [11.342642, -5.890787], [11.341956, -5.890787], [11.341956, -5.891473], [11.341269, -5.891473], [11.341269, -5.893533], [11.340582, -5.893533], [11.340582, -5.895593], [11.341269, -5.895593], [11.341269, -5.89834], [11.338522, -5.89834], [11.338522, -5.899026], [11.339209, -5.899026], [11.339209, -5.899713], [11.339896, -5.899713], [11.339896, -5.9004], [11.340582, -5.9004], [11.340582, -5.899713], [11.341956, -5.899713], [11.341956, -5.899026], [11.342642, -5.899026], [11.342642, -5.899713], [11.344016, -5.899713], [11.344016, -5.896967], [11.344702, -5.896967], [11.344702, -5.897653], [11.346075, -5.897653], [11.346075, -5.892847], [11.345389, -5.892847], [11.345389, -5.89216], [11.344702, -5.89216], [11.344702, -5.8901], [11.342642, -5.8901]], [[11.337836, -5.89216], [11.337836, -5.894907], [11.338522, -5.894907], [11.338522, -5.89216], [11.337836, -5.89216]], [[11.31655, -5.891473], [11.31655, -5.89422], [11.317236, -5.89422], [11.317236, -5.893533], [11.317923, -5.893533], [11.317923, -5.891473], [11.31655, -5.891473]], [[11.292517, -5.911386], [11.292517, -5.913446], [11.29389, -5.913446], [11.29389, -5.912759], [11.294577, -5.912759], [11.294577, -5.912073], [11.29389, -5.912073], [11.29389, -5.911386], [11.292517, -5.911386]], [[11.288397, -5.911386], [11.288397, -5.912073], [11.287711, -5.912073], [11.287711, -5.913446], [11.288397, -5.913446], [11.288397, -5.914819], [11.289084, -5.914819], [11.289084, -5.916879], [11.289771, -5.916879], [11.289771, -5.918253], [11.290457, -5.918253], [11.290457, -5.918939], [11.291144, -5.918939], [11.291144, -5.919626], [11.294577, -5.919626], [11.294577, -5.918939], [11.29389, -5.918939], [11.29389, -5.918253], [11.293204, -5.918253], [11.293204, -5.917566], [11.292517, -5.917566], [11.292517, -5.916879], [11.291144, -5.916879], [11.291144, -5.912759], [11.289771, -5.912759], [11.289771, -5.911386], [11.288397, -5.911386]], [[11.291144, -5.919626], [11.289771, -5.919626], [11.289771, -5.921686], [11.291144, -5.921686], [11.291144, -5.919626]], [[11.291144, -5.909326], [11.291144, -5.910699], [11.29183, -5.910699], [11.29183, -5.909326], [11.291144, -5.909326]], [[11.289771, -5.90864], [11.289771, -5.909326], [11.290457, -5.909326], [11.290457, -5.90864], [11.289771, -5.90864]], [[11.288397, -5.90452], [11.288397, -5.90658], [11.289084, -5.90658], [11.289084, -5.90452], [11.288397, -5.90452]], [[11.287711, -5.90246], [11.287711, -5.903833], [11.288397, -5.903833], [11.288397, -5.90246], [11.287711, -5.90246]], [[11.287024, -5.90864], [11.287024, -5.909326], [11.286337, -5.909326], [11.286337, -5.910699], [11.287711, -5.910699], [11.287711, -5.909326], [11.288397, -5.909326], [11.288397, -5.90864], [11.287024, -5.90864]], [[11.286337, -5.90452], [11.286337, -5.905893], [11.287024, -5.905893], [11.287024, -5.90452], [11.286337, -5.90452]], [[11.284277, -5.895593], [11.284277, -5.89628], [11.283591, -5.89628], [11.283591, -5.89834], [11.282904, -5.89834], [11.282904, -5.899026], [11.282217, -5.899026], [11.282217, -5.903146], [11.283591, -5.903146], [11.283591, -5.90246], [11.284277, -5.90246], [11.284277, -5.901773], [11.284964, -5.901773], [11.284964, -5.895593], [11.284277, -5.895593]]], [[[11.376288, -5.830362], [11.376288, -5.829675], [11.375601, -5.829675], [11.375601, -5.826929], [11.374915, -5.826929], [11.374915, -5.826242], [11.375601, -5.826242], [11.375601, -5.824182], [11.374915, -5.824182], [11.374915, -5.823495], [11.374228, -5.823495], [11.374228, -5.826242], [11.373541, -5.826242], [11.373541, -5.822809], [11.372168, -5.822809], [11.372168, -5.820749], [11.373541, -5.820749], [11.373541, -5.820062], [11.375601, -5.820062], [11.375601, -5.822809], [11.376288, -5.822809], [11.376288, -5.824182], [11.376974, -5.824182], [11.376974, -5.824869], [11.377661, -5.824869], [11.377661, -5.826242], [11.376974, -5.826242], [11.376974, -5.830362], [11.376288, -5.830362]], [[11.373541, -5.822809], [11.374915, -5.822809], [11.374915, -5.822122], [11.374228, -5.822122], [11.374228, -5.821436], [11.373541, -5.821436], [11.373541, -5.822809]]], [[[11.283591, -5.915506], [11.283591, -5.914819], [11.284277, -5.914819], [11.284277, -5.915506], [11.283591, -5.915506]]], [[[11.291144, -5.872934], [11.291144, -5.869501], [11.29183, -5.869501], [11.29183, -5.872934], [11.291144, -5.872934]]], [[[11.372168, -5.826242], [11.372168, -5.825555], [11.371481, -5.825555], [11.371481, -5.822809], [11.372168, -5.822809], [11.372168, -5.824869], [11.372855, -5.824869], [11.372855, -5.826242], [11.372168, -5.826242]]], [[[11.387274, -5.822122], [11.387274, -5.820749], [11.387961, -5.820749], [11.387961, -5.820062], [11.388647, -5.820062], [11.388647, -5.819376], [11.389334, -5.819376], [11.389334, -5.818689], [11.390021, -5.818689], [11.390021, -5.821436], [11.388647, -5.821436], [11.388647, -5.822122], [11.387274, -5.822122]]], [[[11.429846, -5.77337], [11.42916, -5.77337], [11.42916, -5.772684], [11.429846, -5.772684], [11.429846, -5.77337]]], [[[11.353629, -5.90246], [11.353629, -5.903146], [11.352942, -5.903146], [11.352942, -5.90246], [11.353629, -5.90246]]], [[[11.29183, -5.869501], [11.29183, -5.866068], [11.292517, -5.866068], [11.292517, -5.862634], [11.29389, -5.862634], [11.29389, -5.859888], [11.294577, -5.859888], [11.294577, -5.859201], [11.295264, -5.859201], [11.295264, -5.856454], [11.29595, -5.856454], [11.29595, -5.853021], [11.296637, -5.853021], [11.296637, -5.852335], [11.297324, -5.852335], [11.297324, -5.848215], [11.29801, -5.848215], [11.29801, -5.847528], [11.297324, -5.847528], [11.297324, -5.846841], [11.29801, -5.846841], [11.29801, -5.845468], [11.298697, -5.845468], [11.298697, -5.843408], [11.299384, -5.843408], [11.299384, -5.846841], [11.298697, -5.846841], [11.298697, -5.849588], [11.29801, -5.849588], [11.29801, -5.853021], [11.297324, -5.853021], [11.297324, -5.856454], [11.296637, -5.856454], [11.296637, -5.857141], [11.29595, -5.857141], [11.29595, -5.859888], [11.295264, -5.859888], [11.295264, -5.862634], [11.294577, -5.862634], [11.294577, -5.864008], [11.29389, -5.864008], [11.29389, -5.866068], [11.293204, -5.866068], [11.293204, -5.866754], [11.292517, -5.866754], [11.292517, -5.869501], [11.29183, -5.869501]]], [[[11.299384, -5.843408], [11.299384, -5.839288], [11.30007, -5.839288], [11.30007, -5.836542], [11.300757, -5.836542], [11.300757, -5.839975], [11.30007, -5.839975], [11.30007, -5.843408], [11.299384, -5.843408]]], [[[11.300757, -5.836542], [11.300757, -5.833109], [11.301443, -5.833109], [11.301443, -5.836542], [11.300757, -5.836542]]], [[[11.301443, -5.833109], [11.301443, -5.830362], [11.30213, -5.830362], [11.30213, -5.829675], [11.302817, -5.829675], [11.302817, -5.828989], [11.30213, -5.828989], [11.30213, -5.828302], [11.302817, -5.828302], [11.302817, -5.827615], [11.30213, -5.827615], [11.30213, -5.826242], [11.302817, -5.826242], [11.302817, -5.825555], [11.303503, -5.825555], [11.303503, -5.830362], [11.302817, -5.830362], [11.302817, -5.831735], [11.30213, -5.831735], [11.30213, -5.833109], [11.301443, -5.833109]]], [[[11.457999, -5.776117], [11.458685, -5.776117], [11.458685, -5.776804], [11.457999, -5.776804], [11.457999, -5.776117]]], [[[11.457312, -5.788477], [11.457999, -5.788477], [11.457999, -5.78985], [11.457312, -5.78985], [11.457312, -5.788477]]], [[[11.454565, -5.767191], [11.456625, -5.767191], [11.456625, -5.767877], [11.457312, -5.767877], [11.457312, -5.769937], [11.455939, -5.769937], [11.455939, -5.768564], [11.455252, -5.768564], [11.455252, -5.767877], [11.454565, -5.767877], [11.454565, -5.767191]]], [[[11.451819, -5.763757], [11.453192, -5.763757], [11.453192, -5.764444], [11.451819, -5.764444], [11.451819, -5.763757]]], [[[11.453192, -5.764444], [11.455939, -5.764444], [11.455939, -5.765817], [11.454565, -5.765817], [11.454565, -5.765131], [11.453192, -5.765131], [11.453192, -5.764444]]], [[[11.439459, -5.758264], [11.440146, -5.758264], [11.440146, -5.758951], [11.440833, -5.758951], [11.440833, -5.758264], [11.442206, -5.758264], [11.442206, -5.758951], [11.442892, -5.758951], [11.442892, -5.760324], [11.440833, -5.760324], [11.440833, -5.761697], [11.439459, -5.761697], [11.439459, -5.761011], [11.438773, -5.761011], [11.438773, -5.760324], [11.438086, -5.760324], [11.438086, -5.758951], [11.439459, -5.758951], [11.439459, -5.758264]]], [[[11.442892, -5.760324], [11.443579, -5.760324], [11.443579, -5.761011], [11.442892, -5.761011], [11.442892, -5.760324]]], [[[11.438773, -5.803583], [11.440833, -5.803583], [11.440833, -5.804956], [11.440146, -5.804956], [11.440146, -5.804269], [11.438773, -5.804269], [11.438773, -5.803583]]], [[[11.438773, -5.802209], [11.439459, -5.802209], [11.439459, -5.802896], [11.438773, -5.802896], [11.438773, -5.802209]]], [[[11.414053, -5.780237], [11.415427, -5.780237], [11.415427, -5.78161], [11.41474, -5.78161], [11.41474, -5.780923], [11.414053, -5.780923], [11.414053, -5.780237]]], [[[11.415427, -5.78161], [11.417487, -5.78161], [11.417487, -5.782297], [11.418173, -5.782297], [11.418173, -5.78367], [11.416113, -5.78367], [11.416113, -5.784357], [11.415427, -5.784357], [11.415427, -5.78161]]], [[[11.399634, -5.78573], [11.401007, -5.78573], [11.401007, -5.787103], [11.401694, -5.787103], [11.401694, -5.78779], [11.40032, -5.78779], [11.40032, -5.787103], [11.399634, -5.787103], [11.399634, -5.78573]]], [[[11.395514, -5.786417], [11.396201, -5.786417], [11.396201, -5.78779], [11.396887, -5.78779], [11.396887, -5.789163], [11.397574, -5.789163], [11.397574, -5.788477], [11.398947, -5.788477], [11.398947, -5.789163], [11.399634, -5.789163], [11.399634, -5.79191], [11.398947, -5.79191], [11.398947, -5.795343], [11.396887, -5.795343], [11.396887, -5.794656], [11.397574, -5.794656], [11.397574, -5.79397], [11.396887, -5.79397], [11.396887, -5.793283], [11.396201, -5.793283], [11.396201, -5.789163], [11.395514, -5.789163], [11.395514, -5.786417]]], [[[11.396887, -5.796716], [11.398947, -5.796716], [11.398947, -5.79809], [11.39826, -5.79809], [11.39826, -5.799463], [11.397574, -5.799463], [11.397574, -5.798776], [11.396887, -5.798776], [11.396887, -5.796716]]], [[[11.389334, -5.778177], [11.390021, -5.778177], [11.390021, -5.778864], [11.389334, -5.778864], [11.389334, -5.778177]]], [[[11.390021, -5.778864], [11.390707, -5.778864], [11.390707, -5.77955], [11.391394, -5.77955], [11.391394, -5.780237], [11.392081, -5.780237], [11.392081, -5.782297], [11.392767, -5.782297], [11.392767, -5.782983], [11.393454, -5.782983], [11.393454, -5.78367], [11.394141, -5.78367], [11.394141, -5.784357], [11.393454, -5.784357], [11.393454, -5.785043], [11.392767, -5.785043], [11.392767, -5.78573], [11.392081, -5.78573], [11.392081, -5.782983], [11.391394, -5.782983], [11.391394, -5.78161], [11.390707, -5.78161], [11.390707, -5.780237], [11.390021, -5.780237], [11.390021, -5.778864]]], [[[11.374228, -5.815256], [11.374915, -5.815256], [11.374915, -5.816629], [11.374228, -5.816629], [11.374228, -5.815256]]], [[[11.365302, -5.835855], [11.365988, -5.835855], [11.365988, -5.837915], [11.365302, -5.837915], [11.365302, -5.835855]]], [[[11.365988, -5.835855], [11.365988, -5.833795], [11.365302, -5.833795], [11.365302, -5.831735], [11.365988, -5.831735], [11.365988, -5.833109], [11.366675, -5.833109], [11.366675, -5.835855], [11.365988, -5.835855]]], [[[11.364615, -5.839288], [11.365302, -5.839288], [11.365302, -5.839975], [11.364615, -5.839975], [11.364615, -5.839288]]], [[[11.364615, -5.841348], [11.365302, -5.841348], [11.365302, -5.842722], [11.364615, -5.842722], [11.364615, -5.841348]]], [[[11.362555, -5.841348], [11.363242, -5.841348], [11.363242, -5.842722], [11.362555, -5.842722], [11.362555, -5.841348]]], [[[11.326849, -5.935419], [11.328223, -5.935419], [11.328223, -5.936105], [11.327536, -5.936105], [11.327536, -5.936792], [11.326849, -5.936792], [11.326849, -5.935419]]], [[[11.328223, -5.935419], [11.328223, -5.934732], [11.327536, -5.934732], [11.327536, -5.934045], [11.328223, -5.934045], [11.328223, -5.933359], [11.328909, -5.933359], [11.328909, -5.932672], [11.329596, -5.932672], [11.329596, -5.931299], [11.330283, -5.931299], [11.330283, -5.931985], [11.330969, -5.931985], [11.330969, -5.932672], [11.331656, -5.932672], [11.331656, -5.934732], [11.330969, -5.934732], [11.330969, -5.935419], [11.330283, -5.935419], [11.330283, -5.934732], [11.328909, -5.934732], [11.328909, -5.935419], [11.328223, -5.935419]]], [[[11.328223, -5.894907], [11.328909, -5.894907], [11.328909, -5.895593], [11.328223, -5.895593], [11.328223, -5.894907]]], [[[11.31861, -5.804269], [11.319296, -5.804269], [11.319296, -5.804956], [11.31861, -5.804956], [11.31861, -5.804269]]], [[[11.317236, -5.798776], [11.317923, -5.798776], [11.317923, -5.80015], [11.317236, -5.80015], [11.317236, -5.798776]]], [[[11.317236, -5.800836], [11.317923, -5.800836], [11.317923, -5.801523], [11.317236, -5.801523], [11.317236, -5.800836]]], [[[11.31655, -5.795343], [11.317236, -5.795343], [11.317236, -5.796716], [11.31655, -5.796716], [11.31655, -5.795343]]], [[[11.315176, -5.790536], [11.315863, -5.790536], [11.315863, -5.792596], [11.315176, -5.792596], [11.315176, -5.790536]]], [[[11.315863, -5.792596], [11.31655, -5.792596], [11.31655, -5.79397], [11.315863, -5.79397], [11.315863, -5.792596]]], [[[11.31449, -5.774744], [11.315176, -5.774744], [11.315176, -5.776804], [11.31449, -5.776804], [11.31449, -5.774744]]], [[[11.31449, -5.788477], [11.315176, -5.788477], [11.315176, -5.78985], [11.31449, -5.78985], [11.31449, -5.788477]]], [[[11.313803, -5.77131], [11.31449, -5.77131], [11.31449, -5.772684], [11.313803, -5.772684], [11.313803, -5.77131]]], [[[11.313803, -5.77749], [11.31449, -5.77749], [11.31449, -5.782983], [11.313803, -5.782983], [11.313803, -5.77749]]], [[[11.313803, -5.78367], [11.31449, -5.78367], [11.31449, -5.787103], [11.313803, -5.787103], [11.313803, -5.78367]]], [[[11.281531, -5.970438], [11.282217, -5.970438], [11.282217, -5.971124], [11.282904, -5.971124], [11.282904, -5.973871], [11.282217, -5.973871], [11.282217, -5.975931], [11.281531, -5.975931], [11.281531, -5.976617], [11.279471, -5.976617], [11.279471, -5.973871], [11.280157, -5.973871], [11.280157, -5.972498], [11.280844, -5.972498], [11.280844, -5.971124], [11.281531, -5.971124], [11.281531, -5.970438]]], [[[11.190894, -6.127679], [11.190894, -6.126306], [11.190207, -6.126306], [11.190207, -6.124933], [11.18952, -6.124933], [11.18952, -6.124246], [11.188147, -6.124246], [11.188147, -6.12356], [11.18746, -6.12356], [11.18746, -6.12562], [11.186774, -6.12562], [11.186774, -6.122186], [11.186087, -6.122186], [11.186087, -6.118066], [11.18746, -6.118066], [11.18746, -6.118753], [11.188147, -6.118753], [11.188147, -6.11944], [11.190207, -6.11944], [11.190207, -6.120126], [11.190894, -6.120126], [11.190894, -6.118753], [11.192267, -6.118753], [11.192267, -6.118066], [11.192953, -6.118066], [11.192953, -6.112573], [11.192267, -6.112573], [11.192267, -6.111887], [11.192953, -6.111887], [11.192953, -6.1112], [11.19364, -6.1112], [11.19364, -6.110513], [11.192953, -6.110513], [11.192953, -6.109827], [11.192267, -6.109827], [11.192267, -6.1112], [11.19158, -6.1112], [11.19158, -6.111887], [11.190207, -6.111887], [11.190207, -6.109827], [11.18952, -6.109827], [11.18952, -6.10914], [11.188834, -6.10914], [11.188834, -6.107767], [11.18952, -6.107767], [11.18952, -6.10708], [11.188147, -6.10708], [11.188147, -6.106393], [11.186774, -6.106393], [11.186774, -6.10502], [11.18746, -6.10502], [11.18746, -6.105707], [11.188147, -6.105707], [11.188147, -6.104333], [11.18952, -6.104333], [11.18952, -6.101587], [11.190207, -6.101587], [11.190207, -6.099527], [11.18952, -6.099527], [11.18952, -6.097467], [11.190207, -6.097467], [11.190207, -6.096094], [11.188147, -6.096094], [11.188147, -6.095407], [11.18746, -6.095407], [11.18746, -6.09472], [11.186087, -6.09472], [11.186087, -6.095407], [11.1854, -6.095407], [11.1854, -6.093347], [11.184714, -6.093347], [11.184714, -6.091287], [11.184027, -6.091287], [11.184027, -6.089227], [11.1854, -6.089227], [11.1854, -6.088541], [11.186087, -6.088541], [11.186087, -6.087854], [11.186774, -6.087854], [11.186774, -6.087167], [11.18746, -6.087167], [11.18746, -6.086481], [11.188147, -6.086481], [11.188147, -6.085794], [11.188834, -6.085794], [11.188834, -6.085107], [11.18952, -6.085107], [11.18952, -6.084421], [11.190894, -6.084421], [11.190894, -6.083734], [11.19158, -6.083734], [11.19158, -6.082361], [11.192267, -6.082361], [11.192267, -6.083734], [11.192953, -6.083734], [11.192953, -6.084421], [11.195013, -6.084421], [11.195013, -6.083734], [11.1957, -6.083734], [11.1957, -6.082361], [11.197073, -6.082361], [11.197073, -6.084421], [11.19776, -6.084421], [11.19776, -6.085107], [11.199133, -6.085107], [11.199133, -6.084421], [11.200507, -6.084421], [11.200507, -6.083047], [11.201193, -6.083047], [11.201193, -6.082361], [11.202567, -6.082361], [11.202567, -6.079614], [11.203253, -6.079614], [11.203253, -6.078928], [11.204626, -6.078928], [11.204626, -6.078241], [11.205313, -6.078241], [11.205313, -6.075494], [11.206, -6.075494], [11.206, -6.069315], [11.206686, -6.069315], [11.206686, -6.067941], [11.207373, -6.067941], [11.207373, -6.067255], [11.20806, -6.067255], [11.20806, -6.065881], [11.208746, -6.065881], [11.208746, -6.062448], [11.21012, -6.062448], [11.21012, -6.061761], [11.210806, -6.061761], [11.210806, -6.059702], [11.21218, -6.059702], [11.21218, -6.059015], [11.213553, -6.059015], [11.213553, -6.056268], [11.215613, -6.056268], [11.215613, -6.054208], [11.21424, -6.054208], [11.21424, -6.053522], [11.215613, -6.053522], [11.215613, -6.052835], [11.214926, -6.052835], [11.214926, -6.052148], [11.21424, -6.052148], [11.21424, -6.051462], [11.213553, -6.051462], [11.213553, -6.050775], [11.212866, -6.050775], [11.212866, -6.050089], [11.213553, -6.050089], [11.213553, -6.049402], [11.215613, -6.049402], [11.215613, -6.047342], [11.214926, -6.047342], [11.214926, -6.046655], [11.21424, -6.046655], [11.21424, -6.045969], [11.214926, -6.045969], [11.214926, -6.044595], [11.21424, -6.044595], [11.21424, -6.043909], [11.215613, -6.043909], [11.215613, -6.043222], [11.216299, -6.043222], [11.216299, -6.041162], [11.216986, -6.041162], [11.216986, -6.039789], [11.217673, -6.039789], [11.217673, -6.038416], [11.216299, -6.038416], [11.216299, -6.039102], [11.215613, -6.039102], [11.215613, -6.039789], [11.21424, -6.039789], [11.21424, -6.040475], [11.213553, -6.040475], [11.213553, -6.041162], [11.212866, -6.041162], [11.212866, -6.041849], [11.21218, -6.041849], [11.21218, -6.042535], [11.211493, -6.042535], [11.211493, -6.043222], [11.210806, -6.043222], [11.210806, -6.044595], [11.21012, -6.044595], [11.21012, -6.045969], [11.208746, -6.045969], [11.208746, -6.047342], [11.209433, -6.047342], [11.209433, -6.048029], [11.21012, -6.048029], [11.21012, -6.048715], [11.210806, -6.048715], [11.210806, -6.049402], [11.21012, -6.049402], [11.21012, -6.052148], [11.209433, -6.052148], [11.209433, -6.052835], [11.208746, -6.052835], [11.208746, -6.053522], [11.207373, -6.053522], [11.207373, -6.052835], [11.206686, -6.052835], [11.206686, -6.052148], [11.206, -6.052148], [11.206, -6.050775], [11.205313, -6.050775], [11.205313, -6.048715], [11.206, -6.048715], [11.206, -6.046655], [11.205313, -6.046655], [11.205313, -6.043909], [11.204626, -6.043909], [11.204626, -6.039102], [11.203253, -6.039102], [11.203253, -6.039789], [11.202567, -6.039789], [11.202567, -6.040475], [11.201193, -6.040475], [11.201193, -6.039789], [11.200507, -6.039789], [11.200507, -6.038416], [11.20188, -6.038416], [11.20188, -6.037042], [11.19982, -6.037042], [11.19982, -6.038416], [11.198447, -6.038416], [11.198447, -6.041162], [11.197073, -6.041162], [11.197073, -6.043222], [11.19776, -6.043222], [11.19776, -6.043909], [11.1957, -6.043909], [11.1957, -6.039102], [11.194327, -6.039102], [11.194327, -6.038416], [11.195013, -6.038416], [11.195013, -6.037042], [11.194327, -6.037042], [11.194327, -6.034296], [11.196387, -6.034296], [11.196387, -6.032922], [11.197073, -6.032922], [11.197073, -6.031549], [11.19776, -6.031549], [11.19776, -6.030862], [11.198447, -6.030862], [11.198447, -6.028802], [11.199133, -6.028802], [11.199133, -6.028116], [11.19982, -6.028116], [11.19982, -6.027429], [11.200507, -6.027429], [11.200507, -6.025369], [11.198447, -6.025369], [11.198447, -6.026743], [11.19776, -6.026743], [11.19776, -6.027429], [11.197073, -6.027429], [11.197073, -6.028116], [11.196387, -6.028116], [11.196387, -6.029489], [11.1957, -6.029489], [11.1957, -6.030862], [11.195013, -6.030862], [11.195013, -6.031549], [11.194327, -6.031549], [11.194327, -6.032922], [11.195013, -6.032922], [11.195013, -6.033609], [11.19364, -6.033609], [11.19364, -6.032236], [11.192953, -6.032236], [11.192953, -6.032922], [11.18952, -6.032922], [11.18952, -6.033609], [11.188834, -6.033609], [11.188834, -6.034982], [11.188147, -6.034982], [11.188147, -6.030862], [11.188834, -6.030862], [11.188834, -6.030176], [11.190894, -6.030176], [11.190894, -6.029489], [11.19158, -6.029489], [11.19158, -6.027429], [11.192953, -6.027429], [11.192953, -6.028116], [11.19364, -6.028116], [11.19364, -6.027429], [11.194327, -6.027429], [11.194327, -6.025369], [11.195013, -6.025369], [11.195013, -6.024683], [11.1957, -6.024683], [11.1957, -6.023996], [11.197073, -6.023996], [11.197073, -6.022623], [11.19776, -6.022623], [11.19776, -6.021249], [11.199133, -6.021249], [11.199133, -6.018503], [11.200507, -6.018503], [11.200507, -6.017816], [11.20188, -6.017816], [11.20188, -6.016443], [11.202567, -6.016443], [11.202567, -6.015756], [11.203253, -6.015756], [11.203253, -6.01507], [11.204626, -6.01507], [11.204626, -6.012323], [11.205313, -6.012323], [11.205313, -6.01095], [11.204626, -6.01095], [11.204626, -6.010263], [11.20394, -6.010263], [11.20394, -6.009576], [11.203253, -6.009576], [11.203253, -6.00889], [11.20394, -6.00889], [11.20394, -6.005457], [11.205313, -6.005457], [11.205313, -6.006143], [11.206, -6.006143], [11.206, -6.005457], [11.206686, -6.005457], [11.206686, -6.004083], [11.206, -6.004083], [11.206, -6.002023], [11.205313, -6.002023], [11.205313, -6.001337], [11.206686, -6.001337], [11.206686, -5.999963], [11.207373, -5.999963], [11.207373, -5.999277], [11.208746, -5.999277], [11.208746, -5.999963], [11.210806, -5.999963], [11.210806, -6.00065], [11.211493, -6.00065], [11.211493, -5.999963], [11.21218, -5.999963], [11.21218, -5.99653], [11.21424, -5.99653], [11.21424, -5.997217], [11.215613, -5.997217], [11.215613, -5.997903], [11.217673, -5.997903], [11.217673, -5.999963], [11.220419, -5.999963], [11.220419, -6.001337], [11.221106, -6.001337], [11.221106, -6.002023], [11.222479, -6.002023], [11.222479, -6.001337], [11.223853, -6.001337], [11.223853, -6.00065], [11.224539, -6.00065], [11.224539, -5.999963], [11.225226, -5.999963], [11.225226, -5.999277], [11.225912, -5.999277], [11.225912, -6.00065], [11.225226, -6.00065], [11.225226, -6.001337], [11.224539, -6.001337], [11.224539, -6.00271], [11.225226, -6.00271], [11.225226, -6.003397], [11.226599, -6.003397], [11.226599, -6.004083], [11.228659, -6.004083], [11.228659, -6.00271], [11.227972, -6.00271], [11.227972, -6.002023], [11.227286, -6.002023], [11.227286, -6.001337], [11.228659, -6.001337], [11.228659, -5.997903], [11.229346, -5.997903], [11.229346, -5.997217], [11.230032, -5.997217], [11.230032, -5.99241], [11.230719, -5.99241], [11.230719, -5.993097], [11.231406, -5.993097], [11.231406, -5.997217], [11.232092, -5.997217], [11.232092, -5.995844], [11.234839, -5.995844], [11.234839, -5.993097], [11.234152, -5.993097], [11.234152, -5.982111], [11.233466, -5.982111], [11.233466, -5.981424], [11.234152, -5.981424], [11.234152, -5.980737], [11.233466, -5.980737], [11.233466, -5.980051], [11.232779, -5.980051], [11.232779, -5.979364], [11.233466, -5.979364], [11.233466, -5.978677], [11.234839, -5.978677], [11.234839, -5.973871], [11.234152, -5.973871], [11.234152, -5.969064], [11.233466, -5.969064], [11.233466, -5.968378], [11.234152, -5.968378], [11.234152, -5.967691], [11.233466, -5.967691], [11.233466, -5.964258], [11.234152, -5.964258], [11.234152, -5.961511], [11.234839, -5.961511], [11.234839, -5.958078], [11.235526, -5.958078], [11.235526, -5.953271], [11.234839, -5.953271], [11.234839, -5.951898], [11.235526, -5.951898], [11.235526, -5.951212], [11.234839, -5.951212], [11.234839, -5.949838], [11.234152, -5.949838], [11.234152, -5.949152], [11.234839, -5.949152], [11.234839, -5.942972], [11.233466, -5.942972], [11.233466, -5.941599], [11.232779, -5.941599], [11.232779, -5.938852], [11.233466, -5.938852], [11.233466, -5.938165], [11.234152, -5.938165], [11.234152, -5.936105], [11.233466, -5.936105], [11.233466, -5.931985], [11.234152, -5.931985], [11.234152, -5.932672], [11.234839, -5.932672], [11.234839, -5.934045], [11.236212, -5.934045], [11.236212, -5.931299], [11.237585, -5.931299], [11.237585, -5.934732], [11.238272, -5.934732], [11.238272, -5.939539], [11.238959, -5.939539], [11.238959, -5.938852], [11.239645, -5.938852], [11.239645, -5.936792], [11.240332, -5.936792], [11.240332, -5.935419], [11.241705, -5.935419], [11.241705, -5.936105], [11.243079, -5.936105], [11.243079, -5.935419], [11.243765, -5.935419], [11.243765, -5.934045], [11.244452, -5.934045], [11.244452, -5.932672], [11.245139, -5.932672], [11.245139, -5.935419], [11.245825, -5.935419], [11.245825, -5.934732], [11.246512, -5.934732], [11.246512, -5.934045], [11.247198, -5.934045], [11.247198, -5.932672], [11.247885, -5.932672], [11.247885, -5.931985], [11.249258, -5.931985], [11.249258, -5.925806], [11.249945, -5.925806], [11.249945, -5.912759], [11.248572, -5.912759], [11.248572, -5.911386], [11.247885, -5.911386], [11.247885, -5.910013], [11.248572, -5.910013], [11.248572, -5.909326], [11.249258, -5.909326], [11.249258, -5.90864], [11.250632, -5.90864], [11.250632, -5.907266], [11.251318, -5.907266], [11.251318, -5.905893], [11.252005, -5.905893], [11.252005, -5.907266], [11.253378, -5.907266], [11.253378, -5.90658], [11.254752, -5.90658], [11.254752, -5.905893], [11.255438, -5.905893], [11.255438, -5.905206], [11.256125, -5.905206], [11.256125, -5.90452], [11.256812, -5.90452], [11.256812, -5.903833], [11.257498, -5.903833], [11.257498, -5.903146], [11.259558, -5.903146], [11.259558, -5.903833], [11.261618, -5.903833], [11.261618, -5.905206], [11.262305, -5.905206], [11.262305, -5.905893], [11.261618, -5.905893], [11.261618, -5.912073], [11.262305, -5.912073], [11.262305, -5.913446], [11.263678, -5.913446], [11.263678, -5.916879], [11.262991, -5.916879], [11.262991, -5.917566], [11.263678, -5.917566], [11.263678, -5.920999], [11.262991, -5.920999], [11.262991, -5.922372], [11.263678, -5.922372], [11.263678, -5.923746], [11.265051, -5.923746], [11.265051, -5.924432], [11.265738, -5.924432], [11.265738, -5.921686], [11.267798, -5.921686], [11.267798, -5.918253], [11.267111, -5.918253], [11.267111, -5.917566], [11.267798, -5.917566], [11.267798, -5.916193], [11.267111, -5.916193], [11.267111, -5.915506], [11.266425, -5.915506], [11.266425, -5.914819], [11.265738, -5.914819], [11.265738, -5.914133], [11.266425, -5.914133], [11.266425, -5.912759], [11.265738, -5.912759], [11.265738, -5.912073], [11.266425, -5.912073], [11.266425, -5.910699], [11.267111, -5.910699], [11.267111, -5.909326], [11.267798, -5.909326], [11.267798, -5.90864], [11.268484, -5.90864], [11.268484, -5.907953], [11.271231, -5.907953], [11.271231, -5.905206], [11.271918, -5.905206], [11.271918, -5.90452], [11.272604, -5.90452], [11.272604, -5.903833], [11.273291, -5.903833], [11.273291, -5.90246], [11.272604, -5.90246], [11.272604, -5.901773], [11.273978, -5.901773], [11.273978, -5.90246], [11.274664, -5.90246], [11.274664, -5.903146], [11.275351, -5.903146], [11.275351, -5.90452], [11.276038, -5.90452], [11.276038, -5.905206], [11.276724, -5.905206], [11.276724, -5.905893], [11.277411, -5.905893], [11.277411, -5.90658], [11.278098, -5.90658], [11.278098, -5.907953], [11.278784, -5.907953], [11.278784, -5.910699], [11.279471, -5.910699], [11.279471, -5.910013], [11.281531, -5.910013], [11.281531, -5.910699], [11.282217, -5.910699], [11.282217, -5.911386], [11.281531, -5.911386], [11.281531, -5.912073], [11.280844, -5.912073], [11.280844, -5.913446], [11.280157, -5.913446], [11.280157, -5.914133], [11.279471, -5.914133], [11.279471, -5.915506], [11.278784, -5.915506], [11.278784, -5.916193], [11.278098, -5.916193], [11.278098, -5.918253], [11.277411, -5.918253], [11.277411, -5.918939], [11.276724, -5.918939], [11.276724, -5.919626], [11.276038, -5.919626], [11.276038, -5.915506], [11.276724, -5.915506], [11.276724, -5.914133], [11.276038, -5.914133], [11.276038, -5.914819], [11.274664, -5.914819], [11.274664, -5.917566], [11.273978, -5.917566], [11.273978, -5.918253], [11.273291, -5.918253], [11.273291, -5.921686], [11.272604, -5.921686], [11.272604, -5.924432], [11.269858, -5.924432], [11.269858, -5.925806], [11.269171, -5.925806], [11.269171, -5.927179], [11.268484, -5.927179], [11.268484, -5.927866], [11.267798, -5.927866], [11.267798, -5.928552], [11.267111, -5.928552], [11.267111, -5.929239], [11.266425, -5.929239], [11.266425, -5.930612], [11.265738, -5.930612], [11.265738, -5.932672], [11.267798, -5.932672], [11.267798, -5.931299], [11.268484, -5.931299], [11.268484, -5.931985], [11.269171, -5.931985], [11.269171, -5.934045], [11.269858, -5.934045], [11.269858, -5.936105], [11.270544, -5.936105], [11.270544, -5.937479], [11.269171, -5.937479], [11.269171, -5.936792], [11.268484, -5.936792], [11.268484, -5.938165], [11.267798, -5.938165], [11.267798, -5.940225], [11.266425, -5.940225], [11.266425, -5.939539], [11.265738, -5.939539], [11.265738, -5.937479], [11.266425, -5.937479], [11.266425, -5.936792], [11.265738, -5.936792], [11.265738, -5.934732], [11.265051, -5.934732], [11.265051, -5.935419], [11.263678, -5.935419], [11.263678, -5.937479], [11.261618, -5.937479], [11.261618, -5.938852], [11.260931, -5.938852], [11.260931, -5.941599], [11.261618, -5.941599], [11.261618, -5.944345], [11.260931, -5.944345], [11.260931, -5.946405], [11.260245, -5.946405], [11.260245, -5.947092], [11.259558, -5.947092], [11.259558, -5.949838], [11.258871, -5.949838], [11.258871, -5.950525], [11.258185, -5.950525], [11.258185, -5.948465], [11.257498, -5.948465], [11.257498, -5.946405], [11.256812, -5.946405], [11.256812, -5.945032], [11.254752, -5.945032], [11.254752, -5.947092], [11.252005, -5.947092], [11.252005, -5.946405], [11.246512, -5.946405], [11.246512, -5.947092], [11.245825, -5.947092], [11.245825, -5.947778], [11.244452, -5.947778], [11.244452, -5.948465], [11.243765, -5.948465], [11.243765, -5.949152], [11.243079, -5.949152], [11.243079, -5.950525], [11.241705, -5.950525], [11.241705, -5.951898], [11.240332, -5.951898], [11.240332, -5.953271], [11.239645, -5.953271], [11.239645, -5.954645], [11.238959, -5.954645], [11.238959, -5.960138], [11.238272, -5.960138], [11.238272, -5.961511], [11.238959, -5.961511], [11.238959, -5.962198], [11.238272, -5.962198], [11.238272, -5.964258], [11.236212, -5.964258], [11.236212, -5.964944], [11.235526, -5.964944], [11.235526, -5.966318], [11.234839, -5.966318], [11.234839, -5.969064], [11.235526, -5.969064], [11.235526, -5.968378], [11.237585, -5.968378], [11.237585, -5.967691], [11.238272, -5.967691], [11.238272, -5.968378], [11.238959, -5.968378], [11.238959, -5.969064], [11.238272, -5.969064], [11.238272, -5.969751], [11.238959, -5.969751], [11.238959, -5.971124], [11.238272, -5.971124], [11.238272, -5.972498], [11.238959, -5.972498], [11.238959, -5.975244], [11.241019, -5.975244], [11.241019, -5.976617], [11.241705, -5.976617], [11.241705, -5.977304], [11.242392, -5.977304], [11.242392, -5.978677], [11.243079, -5.978677], [11.243079, -5.979364], [11.245139, -5.979364], [11.245139, -5.980051], [11.245825, -5.980051], [11.245825, -5.979364], [11.247198, -5.979364], [11.247198, -5.977991], [11.248572, -5.977991], [11.248572, -5.976617], [11.249258, -5.976617], [11.249258, -5.975931], [11.249945, -5.975931], [11.249945, -5.974557], [11.250632, -5.974557], [11.250632, -5.973871], [11.251318, -5.973871], [11.251318, -5.971811], [11.252005, -5.971811], [11.252005, -5.970438], [11.252692, -5.970438], [11.252692, -5.969064], [11.253378, -5.969064], [11.253378, -5.968378], [11.254065, -5.968378], [11.254065, -5.967004], [11.255438, -5.967004], [11.255438, -5.965631], [11.256812, -5.965631], [11.256812, -5.964258], [11.259558, -5.964258], [11.259558, -5.965631], [11.260245, -5.965631], [11.260245, -5.967691], [11.258185, -5.967691], [11.258185, -5.969064], [11.257498, -5.969064], [11.257498, -5.970438], [11.256812, -5.970438], [11.256812, -5.974557], [11.256125, -5.974557], [11.256125, -5.975931], [11.256812, -5.975931], [11.256812, -5.976617], [11.257498, -5.976617], [11.257498, -5.977304], [11.256125, -5.977304], [11.256125, -5.977991], [11.255438, -5.977991], [11.255438, -5.979364], [11.254752, -5.979364], [11.254752, -5.982111], [11.253378, -5.982111], [11.253378, -5.983484], [11.252692, -5.983484], [11.252692, -5.986917], [11.252005, -5.986917], [11.252005, -5.991724], [11.252692, -5.991724], [11.252692, -5.993097], [11.253378, -5.993097], [11.253378, -5.99653], [11.252692, -5.99653], [11.252692, -5.999963], [11.253378, -5.999963], [11.253378, -6.001337], [11.254752, -6.001337], [11.254752, -6.00065], [11.255438, -6.00065], [11.255438, -6.001337], [11.256125, -6.001337], [11.256125, -6.002023], [11.256812, -6.002023], [11.256812, -6.00271], [11.257498, -6.00271], [11.257498, -6.00477], [11.256812, -6.00477], [11.256812, -6.004083], [11.256125, -6.004083], [11.256125, -6.006143], [11.255438, -6.006143], [11.255438, -6.00683], [11.254752, -6.00683], [11.254752, -6.007516], [11.254065, -6.007516], [11.254065, -6.008203], [11.254752, -6.008203], [11.254752, -6.009576], [11.254065, -6.009576], [11.254065, -6.010263], [11.253378, -6.010263], [11.253378, -6.01095], [11.252005, -6.01095], [11.252005, -6.010263], [11.252692, -6.010263], [11.252692, -6.00889], [11.251318, -6.00889], [11.251318, -6.010263], [11.250632, -6.010263], [11.250632, -6.01095], [11.249258, -6.01095], [11.249258, -6.010263], [11.247198, -6.010263], [11.247198, -6.013696], [11.246512, -6.013696], [11.246512, -6.014383], [11.245825, -6.014383], [11.245825, -6.016443], [11.246512, -6.016443], [11.246512, -6.017816], [11.245825, -6.017816], [11.245825, -6.01713], [11.244452, -6.01713], [11.244452, -6.018503], [11.243765, -6.018503], [11.243765, -6.021249], [11.243079, -6.021249], [11.243079, -6.021936], [11.242392, -6.021936], [11.242392, -6.025369], [11.241705, -6.025369], [11.241705, -6.026056], [11.238959, -6.026056], [11.238959, -6.026743], [11.238272, -6.026743], [11.238272, -6.027429], [11.237585, -6.027429], [11.237585, -6.028802], [11.236212, -6.028802], [11.236212, -6.030862], [11.235526, -6.030862], [11.235526, -6.032236], [11.236212, -6.032236], [11.236212, -6.033609], [11.236899, -6.033609], [11.236899, -6.034296], [11.237585, -6.034296], [11.237585, -6.037729], [11.236899, -6.037729], [11.236899, -6.039102], [11.236212, -6.039102], [11.236212, -6.041162], [11.234839, -6.041162], [11.234839, -6.042535], [11.235526, -6.042535], [11.235526, -6.045969], [11.234839, -6.045969], [11.234839, -6.046655], [11.234152, -6.046655], [11.234152, -6.047342], [11.231406, -6.047342], [11.231406, -6.046655], [11.230719, -6.046655], [11.230719, -6.045969], [11.230032, -6.045969], [11.230032, -6.047342], [11.228659, -6.047342], [11.228659, -6.054208], [11.227972, -6.054208], [11.227972, -6.054895], [11.227286, -6.054895], [11.227286, -6.055582], [11.228659, -6.055582], [11.228659, -6.056268], [11.227972, -6.056268], [11.227972, -6.056955], [11.227286, -6.056955], [11.227286, -6.059702], [11.227972, -6.059702], [11.227972, -6.060388], [11.228659, -6.060388], [11.228659, -6.061761], [11.230032, -6.061761], [11.230032, -6.061075], [11.230719, -6.061075], [11.230719, -6.060388], [11.231406, -6.060388], [11.231406, -6.059015], [11.230719, -6.059015], [11.230719, -6.058328], [11.232092, -6.058328], [11.232092, -6.057642], [11.234152, -6.057642], [11.234152, -6.056955], [11.234839, -6.056955], [11.234839, -6.057642], [11.238959, -6.057642], [11.238959, -6.056268], [11.239645, -6.056268], [11.239645, -6.055582], [11.240332, -6.055582], [11.240332, -6.054208], [11.241019, -6.054208], [11.241019, -6.054895], [11.241705, -6.054895], [11.241705, -6.055582], [11.241019, -6.055582], [11.241019, -6.056268], [11.243079, -6.056268], [11.243079, -6.056955], [11.242392, -6.056955], [11.242392, -6.059015], [11.241019, -6.059015], [11.241019, -6.059702], [11.239645, -6.059702], [11.239645, -6.061075], [11.238959, -6.061075], [11.238959, -6.061761], [11.238272, -6.061761], [11.238272, -6.062448], [11.237585, -6.062448], [11.237585, -6.065195], [11.236899, -6.065195], [11.236899, -6.065881], [11.235526, -6.065881], [11.235526, -6.066568], [11.234839, -6.066568], [11.234839, -6.067255], [11.234152, -6.067255], [11.234152, -6.067941], [11.233466, -6.067941], [11.233466, -6.068628], [11.232779, -6.068628], [11.232779, -6.070688], [11.232092, -6.070688], [11.232092, -6.071375], [11.231406, -6.071375], [11.231406, -6.074121], [11.229346, -6.074121], [11.229346, -6.073434], [11.228659, -6.073434], [11.228659, -6.071375], [11.230719, -6.071375], [11.230719, -6.067941], [11.228659, -6.067941], [11.228659, -6.069315], [11.227286, -6.069315], [11.227286, -6.070001], [11.226599, -6.070001], [11.226599, -6.070688], [11.224539, -6.070688], [11.224539, -6.071375], [11.223853, -6.071375], [11.223853, -6.072061], [11.223166, -6.072061], [11.223166, -6.073434], [11.222479, -6.073434], [11.222479, -6.074121], [11.221106, -6.074121], [11.221106, -6.076181], [11.220419, -6.076181], [11.220419, -6.076868], [11.221106, -6.076868], [11.221106, -6.079614], [11.220419, -6.079614], [11.220419, -6.080301], [11.219733, -6.080301], [11.219733, -6.081674], [11.219046, -6.081674], [11.219046, -6.083047], [11.218359, -6.083047], [11.218359, -6.083734], [11.217673, -6.083734], [11.217673, -6.085107], [11.216986, -6.085107], [11.216986, -6.086481], [11.216299, -6.086481], [11.216299, -6.087167], [11.215613, -6.087167], [11.215613, -6.088541], [11.214926, -6.088541], [11.214926, -6.089227], [11.21424, -6.089227], [11.21424, -6.090601], [11.213553, -6.090601], [11.213553, -6.091287], [11.212866, -6.091287], [11.212866, -6.092661], [11.21218, -6.092661], [11.21218, -6.093347], [11.210806, -6.093347], [11.210806, -6.09472], [11.21012, -6.09472], [11.21012, -6.099527], [11.209433, -6.099527], [11.209433, -6.104333], [11.208746, -6.104333], [11.208746, -6.10502], [11.209433, -6.10502], [11.209433, -6.107767], [11.208746, -6.107767], [11.208746, -6.108453], [11.207373, -6.108453], [11.207373, -6.10914], [11.206, -6.10914], [11.206, -6.109827], [11.205313, -6.109827], [11.205313, -6.112573], [11.202567, -6.112573], [11.202567, -6.11326], [11.201193, -6.11326], [11.201193, -6.111887], [11.200507, -6.111887], [11.200507, -6.113947], [11.201193, -6.113947], [11.201193, -6.116006], [11.200507, -6.116006], [11.200507, -6.11944], [11.19982, -6.11944], [11.19982, -6.120813], [11.199133, -6.120813], [11.199133, -6.124246], [11.198447, -6.124246], [11.198447, -6.122873], [11.197073, -6.122873], [11.197073, -6.12356], [11.196387, -6.12356], [11.196387, -6.120813], [11.195013, -6.120813], [11.195013, -6.120126], [11.194327, -6.120126], [11.194327, -6.1215], [11.19364, -6.1215], [11.19364, -6.122186], [11.194327, -6.122186], [11.194327, -6.122873], [11.195013, -6.122873], [11.195013, -6.124246], [11.1957, -6.124246], [11.1957, -6.124933], [11.195013, -6.124933], [11.195013, -6.126306], [11.1957, -6.126306], [11.1957, -6.126993], [11.196387, -6.126993], [11.196387, -6.127679], [11.197073, -6.127679], [11.197073, -6.128366], [11.19776, -6.128366], [11.19776, -6.126993], [11.199133, -6.126993], [11.199133, -6.126306], [11.19982, -6.126306], [11.19982, -6.126993], [11.200507, -6.126993], [11.200507, -6.129739], [11.19982, -6.129739], [11.19982, -6.131113], [11.200507, -6.131113], [11.200507, -6.132486], [11.19982, -6.132486], [11.19982, -6.140726], [11.200507, -6.140726], [11.200507, -6.142786], [11.19982, -6.142786], [11.19982, -6.143472], [11.200507, -6.143472], [11.200507, -6.144846], [11.19982, -6.144846], [11.19982, -6.145532], [11.199133, -6.145532], [11.199133, -6.147592], [11.198447, -6.147592], [11.198447, -6.151712], [11.199133, -6.151712], [11.199133, -6.152399], [11.198447, -6.152399], [11.198447, -6.153085], [11.19776, -6.153085], [11.19776, -6.155145], [11.1957, -6.155145], [11.1957, -6.153085], [11.195013, -6.153085], [11.195013, -6.151025], [11.194327, -6.151025], [11.194327, -6.151712], [11.19364, -6.151712], [11.19364, -6.152399], [11.192953, -6.152399], [11.192953, -6.151025], [11.19364, -6.151025], [11.19364, -6.150339], [11.194327, -6.150339], [11.194327, -6.149652], [11.19364, -6.149652], [11.19364, -6.148279], [11.194327, -6.148279], [11.194327, -6.147592], [11.195013, -6.147592], [11.195013, -6.145532], [11.1957, -6.145532], [11.1957, -6.144846], [11.195013, -6.144846], [11.195013, -6.143472], [11.194327, -6.143472], [11.194327, -6.139352], [11.19364, -6.139352], [11.19364, -6.138666], [11.194327, -6.138666], [11.194327, -6.137292], [11.19364, -6.137292], [11.19364, -6.134546], [11.192953, -6.134546], [11.192953, -6.133173], [11.19158, -6.133173], [11.19158, -6.131799], [11.192267, -6.131799], [11.192267, -6.126306], [11.19158, -6.126306], [11.19158, -6.127679], [11.190894, -6.127679]], [[11.192267, -6.109827], [11.192267, -6.10914], [11.19158, -6.10914], [11.19158, -6.109827], [11.192267, -6.109827]], [[11.240332, -5.936792], [11.240332, -5.937479], [11.241705, -5.937479], [11.241705, -5.936792], [11.240332, -5.936792]], [[11.265051, -5.924432], [11.262991, -5.924432], [11.262991, -5.927866], [11.265051, -5.927866], [11.265051, -5.924432]], [[11.228659, -6.061761], [11.226599, -6.061761], [11.226599, -6.062448], [11.225912, -6.062448], [11.225912, -6.063135], [11.224539, -6.063135], [11.224539, -6.064508], [11.223166, -6.064508], [11.223166, -6.065881], [11.222479, -6.065881], [11.222479, -6.067255], [11.221793, -6.067255], [11.221793, -6.067941], [11.221106, -6.067941], [11.221106, -6.069315], [11.220419, -6.069315], [11.220419, -6.070001], [11.219733, -6.070001], [11.219733, -6.071375], [11.218359, -6.071375], [11.218359, -6.073434], [11.217673, -6.073434], [11.217673, -6.074121], [11.219046, -6.074121], [11.219046, -6.073434], [11.219733, -6.073434], [11.219733, -6.072748], [11.220419, -6.072748], [11.220419, -6.072061], [11.221106, -6.072061], [11.221106, -6.071375], [11.222479, -6.071375], [11.222479, -6.070688], [11.223853, -6.070688], [11.223853, -6.070001], [11.224539, -6.070001], [11.224539, -6.068628], [11.225226, -6.068628], [11.225226, -6.067941], [11.226599, -6.067941], [11.226599, -6.066568], [11.227286, -6.066568], [11.227286, -6.064508], [11.228659, -6.064508], [11.228659, -6.061761]], [[11.223166, -6.064508], [11.223166, -6.063135], [11.223853, -6.063135], [11.223853, -6.060388], [11.224539, -6.060388], [11.224539, -6.059015], [11.225226, -6.059015], [11.225226, -6.056955], [11.225912, -6.056955], [11.225912, -6.054208], [11.226599, -6.054208], [11.226599, -6.052835], [11.223166, -6.052835], [11.223166, -6.052148], [11.222479, -6.052148], [11.222479, -6.053522], [11.221793, -6.053522], [11.221793, -6.054208], [11.222479, -6.054208], [11.222479, -6.054895], [11.221793, -6.054895], [11.221793, -6.056268], [11.221106, -6.056268], [11.221106, -6.055582], [11.220419, -6.055582], [11.220419, -6.057642], [11.222479, -6.057642], [11.222479, -6.060388], [11.221793, -6.060388], [11.221793, -6.061075], [11.221106, -6.061075], [11.221106, -6.063135], [11.220419, -6.063135], [11.220419, -6.062448], [11.219733, -6.062448], [11.219733, -6.063135], [11.219046, -6.063135], [11.219046, -6.064508], [11.218359, -6.064508], [11.218359, -6.066568], [11.216986, -6.066568], [11.216986, -6.068628], [11.217673, -6.068628], [11.217673, -6.067941], [11.218359, -6.067941], [11.218359, -6.067255], [11.219733, -6.067255], [11.219733, -6.066568], [11.221106, -6.066568], [11.221106, -6.064508], [11.223166, -6.064508]], [[11.230719, -6.067941], [11.231406, -6.067941], [11.231406, -6.067255], [11.230719, -6.067255], [11.230719, -6.067941]], [[11.265738, -5.933359], [11.265738, -5.934045], [11.266425, -5.934045], [11.266425, -5.933359], [11.265738, -5.933359]], [[11.258871, -5.924432], [11.258871, -5.925119], [11.258185, -5.925119], [11.258185, -5.925806], [11.256812, -5.925806], [11.256812, -5.927179], [11.256125, -5.927179], [11.256125, -5.929926], [11.255438, -5.929926], [11.255438, -5.934732], [11.256125, -5.934732], [11.256125, -5.935419], [11.256812, -5.935419], [11.256812, -5.936105], [11.258185, -5.936105], [11.258185, -5.935419], [11.259558, -5.935419], [11.259558, -5.934732], [11.260245, -5.934732], [11.260245, -5.934045], [11.260931, -5.934045], [11.260931, -5.932672], [11.261618, -5.932672], [11.261618, -5.929926], [11.262305, -5.929926], [11.262305, -5.925119], [11.261618, -5.925119], [11.261618, -5.924432], [11.258871, -5.924432]], [[11.252692, -5.911386], [11.252692, -5.912073], [11.251318, -5.912073], [11.251318, -5.913446], [11.252005, -5.913446], [11.252005, -5.914133], [11.252692, -5.914133], [11.252692, -5.912759], [11.253378, -5.912759], [11.253378, -5.911386], [11.252692, -5.911386]], [[11.252005, -5.916879], [11.252005, -5.918253], [11.252692, -5.918253], [11.252692, -5.916879], [11.252005, -5.916879]], [[11.235526, -5.975244], [11.235526, -5.979364], [11.236212, -5.979364], [11.236212, -5.978677], [11.236899, -5.978677], [11.236899, -5.975931], [11.236212, -5.975931], [11.236212, -5.975244], [11.235526, -5.975244]], [[11.234839, -6.007516], [11.234839, -6.00889], [11.235526, -6.00889], [11.235526, -6.007516], [11.234839, -6.007516]], [[11.232779, -6.061075], [11.232779, -6.061761], [11.232092, -6.061761], [11.232092, -6.065195], [11.232779, -6.065195], [11.232779, -6.064508], [11.233466, -6.064508], [11.233466, -6.063135], [11.234152, -6.063135], [11.234152, -6.061075], [11.232779, -6.061075]], [[11.232092, -6.028116], [11.232092, -6.029489], [11.230719, -6.029489], [11.230719, -6.030862], [11.230032, -6.030862], [11.230032, -6.030176], [11.229346, -6.030176], [11.229346, -6.029489], [11.228659, -6.029489], [11.228659, -6.030176], [11.227972, -6.030176], [11.227972, -6.030862], [11.227286, -6.030862], [11.227286, -6.034296], [11.225912, -6.034296], [11.225912, -6.036356], [11.225226, -6.036356], [11.225226, -6.037042], [11.224539, -6.037042], [11.224539, -6.039102], [11.223853, -6.039102], [11.223853, -6.039789], [11.224539, -6.039789], [11.224539, -6.040475], [11.225226, -6.040475], [11.225226, -6.041162], [11.225912, -6.041162], [11.225912, -6.043222], [11.227286, -6.043222], [11.227286, -6.042535], [11.228659, -6.042535], [11.228659, -6.043222], [11.230032, -6.043222], [11.230032, -6.041849], [11.230719, -6.041849], [11.230719, -6.042535], [11.232092, -6.042535], [11.232092, -6.041162], [11.232779, -6.041162], [11.232779, -6.040475], [11.231406, -6.040475], [11.231406, -6.038416], [11.230719, -6.038416], [11.230719, -6.037729], [11.231406, -6.037729], [11.231406, -6.036356], [11.232779, -6.036356], [11.232779, -6.032922], [11.232092, -6.032922], [11.232092, -6.032236], [11.231406, -6.032236], [11.231406, -6.031549], [11.232779, -6.031549], [11.232779, -6.029489], [11.233466, -6.029489], [11.233466, -6.028116], [11.232092, -6.028116]], [[11.226599, -6.050089], [11.226599, -6.050775], [11.227286, -6.050775], [11.227286, -6.050089], [11.226599, -6.050089]], [[11.225226, -6.044595], [11.225226, -6.045282], [11.225912, -6.045282], [11.225912, -6.045969], [11.226599, -6.045969], [11.226599, -6.044595], [11.225226, -6.044595]], [[11.218359, -6.037042], [11.218359, -6.039102], [11.219733, -6.039102], [11.219733, -6.038416], [11.219046, -6.038416], [11.219046, -6.037042], [11.218359, -6.037042]], [[11.216299, -6.063821], [11.216299, -6.064508], [11.216986, -6.064508], [11.216986, -6.063821], [11.216299, -6.063821]], [[11.213553, -6.067255], [11.213553, -6.067941], [11.212866, -6.067941], [11.212866, -6.070001], [11.211493, -6.070001], [11.211493, -6.070688], [11.21218, -6.070688], [11.21218, -6.071375], [11.212866, -6.071375], [11.212866, -6.070688], [11.213553, -6.070688], [11.213553, -6.069315], [11.21424, -6.069315], [11.21424, -6.067255], [11.213553, -6.067255]], [[11.20394, -6.084421], [11.20394, -6.085107], [11.203253, -6.085107], [11.203253, -6.085794], [11.204626, -6.085794], [11.204626, -6.084421], [11.20394, -6.084421]], [[11.204626, -6.084421], [11.205313, -6.084421], [11.205313, -6.083734], [11.206, -6.083734], [11.206, -6.083047], [11.20806, -6.083047], [11.20806, -6.082361], [11.208746, -6.082361], [11.208746, -6.081674], [11.209433, -6.081674], [11.209433, -6.080988], [11.21012, -6.080988], [11.21012, -6.079614], [11.210806, -6.079614], [11.210806, -6.078928], [11.211493, -6.078928], [11.211493, -6.078241], [11.21218, -6.078241], [11.21218, -6.076868], [11.212866, -6.076868], [11.212866, -6.076181], [11.213553, -6.076181], [11.213553, -6.074121], [11.212866, -6.074121], [11.212866, -6.072748], [11.211493, -6.072748], [11.211493, -6.072061], [11.21012, -6.072061], [11.21012, -6.072748], [11.209433, -6.072748], [11.209433, -6.073434], [11.208746, -6.073434], [11.208746, -6.074808], [11.20806, -6.074808], [11.20806, -6.075494], [11.207373, -6.075494], [11.207373, -6.077554], [11.206686, -6.077554], [11.206686, -6.078928], [11.206, -6.078928], [11.206, -6.082361], [11.205313, -6.082361], [11.205313, -6.083047], [11.204626, -6.083047], [11.204626, -6.084421]], [[11.206686, -6.104333], [11.206686, -6.105707], [11.207373, -6.105707], [11.207373, -6.10502], [11.20806, -6.10502], [11.20806, -6.104333], [11.206686, -6.104333]], [[11.199133, -6.100214], [11.199133, -6.1009], [11.19982, -6.1009], [11.19982, -6.10296], [11.202567, -6.10296], [11.202567, -6.101587], [11.201193, -6.101587], [11.201193, -6.1009], [11.200507, -6.1009], [11.200507, -6.100214], [11.199133, -6.100214]], [[11.200507, -6.10914], [11.200507, -6.1112], [11.202567, -6.1112], [11.202567, -6.109827], [11.201193, -6.109827], [11.201193, -6.10914], [11.200507, -6.10914]], [[11.19982, -6.033609], [11.19982, -6.034296], [11.200507, -6.034296], [11.200507, -6.034982], [11.201193, -6.034982], [11.201193, -6.033609], [11.19982, -6.033609]], [[11.200507, -6.103647], [11.200507, -6.104333], [11.201193, -6.104333], [11.201193, -6.103647], [11.200507, -6.103647]], [[11.200507, -6.023309], [11.200507, -6.024683], [11.201193, -6.024683], [11.201193, -6.023309], [11.200507, -6.023309]], [[11.200507, -6.021936], [11.200507, -6.022623], [11.201193, -6.022623], [11.201193, -6.021936], [11.200507, -6.021936]], [[11.19776, -6.113947], [11.19776, -6.114633], [11.198447, -6.114633], [11.198447, -6.113947], [11.19776, -6.113947]], [[11.198447, -6.114633], [11.198447, -6.116006], [11.19776, -6.116006], [11.19776, -6.116693], [11.197073, -6.116693], [11.197073, -6.11738], [11.196387, -6.11738], [11.196387, -6.118753], [11.198447, -6.118753], [11.198447, -6.116693], [11.199133, -6.116693], [11.199133, -6.114633], [11.198447, -6.114633]], [[11.194327, -6.101587], [11.194327, -6.102274], [11.19364, -6.102274], [11.19364, -6.10296], [11.192267, -6.10296], [11.192267, -6.10502], [11.192953, -6.10502], [11.192953, -6.105707], [11.194327, -6.105707], [11.194327, -6.106393], [11.195013, -6.106393], [11.195013, -6.10708], [11.1957, -6.10708], [11.1957, -6.107767], [11.195013, -6.107767], [11.195013, -6.10914], [11.1957, -6.10914], [11.1957, -6.111887], [11.197073, -6.111887], [11.197073, -6.108453], [11.19776, -6.108453], [11.19776, -6.105707], [11.199133, -6.105707], [11.199133, -6.104333], [11.198447, -6.104333], [11.198447, -6.103647], [11.19776, -6.103647], [11.19776, -6.10502], [11.196387, -6.10502], [11.196387, -6.10296], [11.1957, -6.10296], [11.1957, -6.101587], [11.194327, -6.101587]], [[11.19776, -6.101587], [11.19776, -6.102274], [11.198447, -6.102274], [11.198447, -6.101587], [11.19776, -6.101587]], [[11.19364, -6.108453], [11.19364, -6.10914], [11.194327, -6.10914], [11.194327, -6.108453], [11.19364, -6.108453]], [[11.19158, -6.084421], [11.19158, -6.086481], [11.190894, -6.086481], [11.190894, -6.087167], [11.190207, -6.087167], [11.190207, -6.088541], [11.18952, -6.088541], [11.18952, -6.089227], [11.188834, -6.089227], [11.188834, -6.090601], [11.18952, -6.090601], [11.18952, -6.091287], [11.188147, -6.091287], [11.188147, -6.091974], [11.188834, -6.091974], [11.188834, -6.092661], [11.190207, -6.092661], [11.190207, -6.094034], [11.190894, -6.094034], [11.190894, -6.09472], [11.19158, -6.09472], [11.19158, -6.094034], [11.192267, -6.094034], [11.192267, -6.091974], [11.19364, -6.091974], [11.19364, -6.091287], [11.194327, -6.091287], [11.194327, -6.090601], [11.19364, -6.090601], [11.19364, -6.089227], [11.192953, -6.089227], [11.192953, -6.087854], [11.19364, -6.087854], [11.19364, -6.086481], [11.192953, -6.086481], [11.192953, -6.085794], [11.192267, -6.085794], [11.192267, -6.084421], [11.19158, -6.084421]]], [[[11.190207, -6.127679], [11.190894, -6.127679], [11.190894, -6.129739], [11.190207, -6.129739], [11.190207, -6.131113], [11.18952, -6.131113], [11.18952, -6.131799], [11.188147, -6.131799], [11.188147, -6.133173], [11.188834, -6.133173], [11.188834, -6.133859], [11.188147, -6.133859], [11.188147, -6.134546], [11.18746, -6.134546], [11.18746, -6.135919], [11.186774, -6.135919], [11.186774, -6.132486], [11.1854, -6.132486], [11.1854, -6.131113], [11.186774, -6.131113], [11.186774, -6.129739], [11.188147, -6.129739], [11.188147, -6.129053], [11.18952, -6.129053], [11.18952, -6.128366], [11.190207, -6.128366], [11.190207, -6.127679]]], [[[11.199133, -6.018503], [11.198447, -6.018503], [11.198447, -6.017816], [11.19776, -6.017816], [11.19776, -6.01713], [11.197073, -6.01713], [11.197073, -6.016443], [11.196387, -6.016443], [11.196387, -6.01507], [11.197073, -6.01507], [11.197073, -6.012323], [11.196387, -6.012323], [11.196387, -6.008203], [11.197073, -6.008203], [11.197073, -6.006143], [11.19776, -6.006143], [11.19776, -6.004083], [11.198447, -6.004083], [11.198447, -6.00477], [11.199133, -6.00477], [11.199133, -6.005457], [11.198447, -6.005457], [11.198447, -6.006143], [11.199133, -6.006143], [11.199133, -6.008203], [11.19982, -6.008203], [11.19982, -6.005457], [11.201193, -6.005457], [11.201193, -6.00477], [11.200507, -6.00477], [11.200507, -6.003397], [11.201193, -6.003397], [11.201193, -6.004083], [11.202567, -6.004083], [11.202567, -6.007516], [11.203253, -6.007516], [11.203253, -6.00889], [11.202567, -6.00889], [11.202567, -6.009576], [11.20188, -6.009576], [11.20188, -6.012323], [11.200507, -6.012323], [11.200507, -6.01507], [11.19982, -6.01507], [11.19982, -6.015756], [11.199133, -6.015756], [11.199133, -6.018503]]], [[[11.200507, -6.003397], [11.19982, -6.003397], [11.19982, -6.00271], [11.200507, -6.00271], [11.200507, -6.003397]]], [[[11.245825, -6.017816], [11.245825, -6.018503], [11.245139, -6.018503], [11.245139, -6.017816], [11.245825, -6.017816]]], [[[11.235526, -6.045969], [11.236212, -6.045969], [11.236212, -6.046655], [11.235526, -6.046655], [11.235526, -6.045969]]], [[[11.270544, -5.928552], [11.271918, -5.928552], [11.271918, -5.929239], [11.272604, -5.929239], [11.272604, -5.931299], [11.271918, -5.931299], [11.271918, -5.931985], [11.269858, -5.931985], [11.269858, -5.931299], [11.270544, -5.931299], [11.270544, -5.928552]]], [[[11.269171, -5.98623], [11.270544, -5.98623], [11.270544, -5.987604], [11.271231, -5.987604], [11.271231, -5.98829], [11.270544, -5.98829], [11.270544, -5.988977], [11.269858, -5.988977], [11.269858, -5.987604], [11.269171, -5.987604], [11.269171, -5.98623]]], [[[11.269171, -5.944345], [11.270544, -5.944345], [11.270544, -5.945718], [11.269171, -5.945718], [11.269171, -5.944345]]], [[[11.260931, -5.967691], [11.261618, -5.967691], [11.261618, -5.968378], [11.262305, -5.968378], [11.262305, -5.971124], [11.261618, -5.971124], [11.261618, -5.971811], [11.262305, -5.971811], [11.262305, -5.973871], [11.262991, -5.973871], [11.262991, -5.974557], [11.263678, -5.974557], [11.263678, -5.975931], [11.264365, -5.975931], [11.264365, -5.977304], [11.265051, -5.977304], [11.265051, -5.980051], [11.265738, -5.980051], [11.265738, -5.982797], [11.265051, -5.982797], [11.265051, -5.982111], [11.264365, -5.982111], [11.264365, -5.979364], [11.263678, -5.979364], [11.263678, -5.977991], [11.260931, -5.977991], [11.260931, -5.975931], [11.260245, -5.975931], [11.260245, -5.974557], [11.260931, -5.974557], [11.260931, -5.972498], [11.260245, -5.972498], [11.260245, -5.969751], [11.260931, -5.969751], [11.260931, -5.967691]]], [[[11.258871, -6.20527], [11.259558, -6.20527], [11.259558, -6.208704], [11.258871, -6.208704], [11.258871, -6.212137], [11.258185, -6.212137], [11.258185, -6.21351], [11.257498, -6.21351], [11.257498, -6.21557], [11.258185, -6.21557], [11.258185, -6.219003], [11.257498, -6.219003], [11.257498, -6.220377], [11.258185, -6.220377], [11.258185, -6.221063], [11.258871, -6.221063], [11.258871, -6.227243], [11.259558, -6.227243], [11.259558, -6.231363], [11.258871, -6.231363], [11.258871, -6.230676], [11.258185, -6.230676], [11.258185, -6.22999], [11.256812, -6.22999], [11.256812, -6.227243], [11.256125, -6.227243], [11.256125, -6.22587], [11.255438, -6.22587], [11.255438, -6.225183], [11.256125, -6.225183], [11.256125, -6.22381], [11.256812, -6.22381], [11.256812, -6.212137], [11.257498, -6.212137], [11.257498, -6.208704], [11.258185, -6.208704], [11.258185, -6.206644], [11.258871, -6.206644], [11.258871, -6.20527]]], [[[11.259558, -6.20527], [11.259558, -6.197031], [11.258871, -6.197031], [11.258871, -6.196344], [11.259558, -6.196344], [11.259558, -6.194284], [11.258871, -6.194284], [11.258871, -6.191537], [11.259558, -6.191537], [11.259558, -6.193597], [11.260245, -6.193597], [11.260245, -6.197717], [11.260931, -6.197717], [11.260931, -6.199091], [11.260245, -6.199091], [11.260245, -6.200464], [11.260931, -6.200464], [11.260931, -6.201837], [11.260245, -6.201837], [11.260245, -6.20527], [11.259558, -6.20527]]], [[[11.259558, -5.960138], [11.260245, -5.960138], [11.260245, -5.960825], [11.259558, -5.960825], [11.259558, -5.960138]]], [[[11.259558, -5.958765], [11.260245, -5.958765], [11.260245, -5.959451], [11.259558, -5.959451], [11.259558, -5.958765]]], [[[11.240332, -6.223123], [11.241705, -6.223123], [11.241705, -6.22381], [11.245139, -6.22381], [11.245139, -6.225183], [11.247885, -6.225183], [11.247885, -6.22587], [11.248572, -6.22587], [11.248572, -6.226556], [11.250632, -6.226556], [11.250632, -6.22587], [11.252005, -6.22587], [11.252005, -6.22793], [11.253378, -6.22793], [11.253378, -6.231363], [11.254065, -6.231363], [11.254065, -6.23205], [11.254752, -6.23205], [11.254752, -6.236169], [11.255438, -6.236169], [11.255438, -6.236856], [11.256812, -6.236856], [11.256812, -6.236169], [11.257498, -6.236169], [11.257498, -6.235483], [11.258185, -6.235483], [11.258185, -6.234796], [11.257498, -6.234796], [11.257498, -6.233423], [11.258185, -6.233423], [11.258185, -6.234109], [11.258871, -6.234109], [11.258871, -6.236169], [11.259558, -6.236169], [11.259558, -6.239603], [11.258871, -6.239603], [11.258871, -6.242349], [11.258185, -6.242349], [11.258185, -6.243723], [11.258871, -6.243723], [11.258871, -6.244409], [11.258185, -6.244409], [11.258185, -6.245782], [11.257498, -6.245782], [11.257498, -6.246469], [11.258185, -6.246469], [11.258185, -6.247842], [11.257498, -6.247842], [11.257498, -6.249216], [11.256812, -6.249216], [11.256812, -6.251962], [11.256125, -6.251962], [11.256125, -6.252649], [11.256812, -6.252649], [11.256812, -6.254709], [11.256125, -6.254709], [11.256125, -6.255396], [11.255438, -6.255396], [11.255438, -6.256082], [11.254752, -6.256082], [11.254752, -6.256769], [11.254065, -6.256769], [11.254065, -6.256082], [11.252005, -6.256082], [11.252005, -6.255396], [11.252692, -6.255396], [11.252692, -6.251962], [11.253378, -6.251962], [11.253378, -6.249902], [11.254752, -6.249902], [11.254752, -6.249216], [11.254065, -6.249216], [11.254065, -6.248529], [11.254752, -6.248529], [11.254752, -6.245096], [11.255438, -6.245096], [11.255438, -6.241663], [11.256125, -6.241663], [11.256125, -6.240976], [11.256812, -6.240976], [11.256812, -6.239603], [11.256125, -6.239603], [11.256125, -6.238916], [11.255438, -6.238916], [11.255438, -6.238229], [11.253378, -6.238229], [11.253378, -6.237543], [11.252005, -6.237543], [11.252005, -6.238229], [11.251318, -6.238229], [11.251318, -6.237543], [11.249945, -6.237543], [11.249945, -6.236856], [11.249258, -6.236856], [11.249258, -6.237543], [11.248572, -6.237543], [11.248572, -6.235483], [11.247885, -6.235483], [11.247885, -6.234796], [11.248572, -6.234796], [11.248572, -6.234109], [11.247198, -6.234109], [11.247198, -6.236169], [11.245139, -6.236169], [11.245139, -6.234796], [11.243765, -6.234796], [11.243765, -6.237543], [11.243079, -6.237543], [11.243079, -6.236856], [11.242392, -6.236856], [11.242392, -6.235483], [11.241705, -6.235483], [11.241705, -6.234796], [11.240332, -6.234796], [11.240332, -6.235483], [11.238959, -6.235483], [11.238959, -6.22999], [11.239645, -6.22999], [11.239645, -6.22381], [11.240332, -6.22381], [11.240332, -6.223123]], [[11.247885, -6.228616], [11.247885, -6.22999], [11.248572, -6.22999], [11.248572, -6.230676], [11.249258, -6.230676], [11.249258, -6.234796], [11.250632, -6.234796], [11.250632, -6.229303], [11.249945, -6.229303], [11.249945, -6.228616], [11.247885, -6.228616]], [[11.246512, -6.230676], [11.246512, -6.23205], [11.247198, -6.23205], [11.247198, -6.232736], [11.248572, -6.232736], [11.248572, -6.23205], [11.247885, -6.23205], [11.247885, -6.230676], [11.246512, -6.230676]]], [[[11.253378, -6.22793], [11.253378, -6.22587], [11.254065, -6.22587], [11.254065, -6.225183], [11.254752, -6.225183], [11.254752, -6.227243], [11.254065, -6.227243], [11.254065, -6.22793], [11.253378, -6.22793]]], [[[11.257498, -6.006143], [11.258185, -6.006143], [11.258185, -6.00683], [11.257498, -6.00683], [11.257498, -6.006143]]], [[[11.245825, -6.21145], [11.247198, -6.21145], [11.247198, -6.212137], [11.247885, -6.212137], [11.247885, -6.212823], [11.248572, -6.212823], [11.248572, -6.214197], [11.247885, -6.214197], [11.247885, -6.21557], [11.247198, -6.21557], [11.247198, -6.216943], [11.246512, -6.216943], [11.246512, -6.219003], [11.244452, -6.219003], [11.244452, -6.216943], [11.245825, -6.216943], [11.245825, -6.21145]]], [[[11.235526, -6.210764], [11.236899, -6.210764], [11.236899, -6.21145], [11.237585, -6.21145], [11.237585, -6.212137], [11.238272, -6.212137], [11.238272, -6.214197], [11.238959, -6.214197], [11.238959, -6.21557], [11.239645, -6.21557], [11.239645, -6.216943], [11.238959, -6.216943], [11.238959, -6.220377], [11.238272, -6.220377], [11.238272, -6.222437], [11.237585, -6.222437], [11.237585, -6.223123], [11.236899, -6.223123], [11.236899, -6.22587], [11.235526, -6.22587], [11.235526, -6.226556], [11.234839, -6.226556], [11.234839, -6.227243], [11.234152, -6.227243], [11.234152, -6.22793], [11.233466, -6.22793], [11.233466, -6.229303], [11.232092, -6.229303], [11.232092, -6.228616], [11.230719, -6.228616], [11.230719, -6.22793], [11.231406, -6.22793], [11.231406, -6.227243], [11.230719, -6.227243], [11.230719, -6.225183], [11.231406, -6.225183], [11.231406, -6.22381], [11.232092, -6.22381], [11.232092, -6.222437], [11.231406, -6.222437], [11.231406, -6.219003], [11.232092, -6.219003], [11.232092, -6.218317], [11.232779, -6.218317], [11.232779, -6.216943], [11.236212, -6.216943], [11.236212, -6.214197], [11.235526, -6.214197], [11.235526, -6.210764]], [[11.236899, -6.214883], [11.236899, -6.21557], [11.237585, -6.21557], [11.237585, -6.214883], [11.236899, -6.214883]]], [[[11.232092, -5.932672], [11.232779, -5.932672], [11.232779, -5.933359], [11.232092, -5.933359], [11.232092, -5.932672]]], [[[11.230719, -5.984857], [11.231406, -5.984857], [11.231406, -5.985544], [11.232092, -5.985544], [11.232092, -5.986917], [11.232779, -5.986917], [11.232779, -5.991037], [11.232092, -5.991037], [11.232092, -5.988977], [11.231406, -5.988977], [11.231406, -5.98829], [11.230032, -5.98829], [11.230032, -5.98623], [11.230719, -5.98623], [11.230719, -5.984857]]], [[[11.227972, -6.21969], [11.228659, -6.21969], [11.228659, -6.220377], [11.227972, -6.220377], [11.227972, -6.21969]]], [[[11.225912, -6.038416], [11.226599, -6.038416], [11.226599, -6.039102], [11.225912, -6.039102], [11.225912, -6.038416]]], [[[11.218359, -6.189478], [11.219733, -6.189478], [11.219733, -6.190164], [11.220419, -6.190164], [11.220419, -6.191537], [11.221106, -6.191537], [11.221106, -6.194971], [11.220419, -6.194971], [11.220419, -6.195657], [11.219046, -6.195657], [11.219046, -6.194971], [11.219733, -6.194971], [11.219733, -6.192911], [11.219046, -6.192911], [11.219046, -6.191537], [11.218359, -6.191537], [11.218359, -6.189478]]], [[[11.216299, -6.190851], [11.217673, -6.190851], [11.217673, -6.195657], [11.218359, -6.195657], [11.218359, -6.197031], [11.219046, -6.197031], [11.219046, -6.198404], [11.218359, -6.198404], [11.218359, -6.199091], [11.216986, -6.199091], [11.216986, -6.192911], [11.216299, -6.192911], [11.216299, -6.190851]]], [[[11.218359, -6.199091], [11.219046, -6.199091], [11.219046, -6.199777], [11.218359, -6.199777], [11.218359, -6.199091]]], [[[11.217673, -6.200464], [11.218359, -6.200464], [11.218359, -6.201151], [11.217673, -6.201151], [11.217673, -6.200464]]], [[[11.215613, -6.201837], [11.217673, -6.201837], [11.217673, -6.204584], [11.216986, -6.204584], [11.216986, -6.20527], [11.216299, -6.20527], [11.216299, -6.205957], [11.215613, -6.205957], [11.215613, -6.206644], [11.214926, -6.206644], [11.214926, -6.205957], [11.21424, -6.205957], [11.21424, -6.20321], [11.215613, -6.20321], [11.215613, -6.201837]]], [[[11.212866, -6.047342], [11.213553, -6.047342], [11.213553, -6.048029], [11.212866, -6.048029], [11.212866, -6.047342]]], [[[11.209433, -6.186731], [11.21012, -6.186731], [11.21012, -6.187418], [11.209433, -6.187418], [11.209433, -6.186731]]], [[[11.204626, -6.133859], [11.205313, -6.133859], [11.205313, -6.134546], [11.204626, -6.134546], [11.204626, -6.133859]]], [[[11.205313, -6.134546], [11.206, -6.134546], [11.206, -6.135919], [11.206686, -6.135919], [11.206686, -6.136606], [11.206, -6.136606], [11.206, -6.137979], [11.206686, -6.137979], [11.206686, -6.139352], [11.205313, -6.139352], [11.205313, -6.141412], [11.206, -6.141412], [11.206, -6.143472], [11.205313, -6.143472], [11.205313, -6.144159], [11.206, -6.144159], [11.206, -6.145532], [11.205313, -6.145532], [11.205313, -6.148279], [11.206, -6.148279], [11.206, -6.149652], [11.205313, -6.149652], [11.205313, -6.153085], [11.204626, -6.153085], [11.204626, -6.153772], [11.205313, -6.153772], [11.205313, -6.156519], [11.204626, -6.156519], [11.204626, -6.158578], [11.205313, -6.158578], [11.205313, -6.159952], [11.204626, -6.159952], [11.204626, -6.161325], [11.205313, -6.161325], [11.205313, -6.162698], [11.204626, -6.162698], [11.204626, -6.170251], [11.20394, -6.170251], [11.20394, -6.172311], [11.202567, -6.172311], [11.202567, -6.170938], [11.20188, -6.170938], [11.20188, -6.170251], [11.201193, -6.170251], [11.201193, -6.167505], [11.20188, -6.167505], [11.20188, -6.165445], [11.201193, -6.165445], [11.201193, -6.163385], [11.200507, -6.163385], [11.200507, -6.159952], [11.201193, -6.159952], [11.201193, -6.159265], [11.20188, -6.159265], [11.20188, -6.157892], [11.201193, -6.157892], [11.201193, -6.156519], [11.202567, -6.156519], [11.202567, -6.152399], [11.203253, -6.152399], [11.203253, -6.151712], [11.20394, -6.151712], [11.20394, -6.149652], [11.204626, -6.149652], [11.204626, -6.146906], [11.20394, -6.146906], [11.20394, -6.145532], [11.203253, -6.145532], [11.203253, -6.143472], [11.20188, -6.143472], [11.20188, -6.142099], [11.201193, -6.142099], [11.201193, -6.140039], [11.202567, -6.140039], [11.202567, -6.142099], [11.20394, -6.142099], [11.20394, -6.140039], [11.203253, -6.140039], [11.203253, -6.138666], [11.20394, -6.138666], [11.20394, -6.137979], [11.203253, -6.137979], [11.203253, -6.135919], [11.205313, -6.135919], [11.205313, -6.134546]]], [[[11.202567, -6.199091], [11.204626, -6.199091], [11.204626, -6.199777], [11.20394, -6.199777], [11.20394, -6.200464], [11.202567, -6.200464], [11.202567, -6.199091]]], [[[11.200507, -6.187418], [11.201193, -6.187418], [11.201193, -6.188104], [11.202567, -6.188104], [11.202567, -6.190164], [11.203253, -6.190164], [11.203253, -6.190851], [11.20394, -6.190851], [11.20394, -6.193597], [11.203253, -6.193597], [11.203253, -6.197031], [11.202567, -6.197031], [11.202567, -6.198404], [11.20188, -6.198404], [11.20188, -6.199777], [11.201193, -6.199777], [11.201193, -6.201151], [11.202567, -6.201151], [11.202567, -6.201837], [11.203253, -6.201837], [11.203253, -6.20321], [11.200507, -6.20321], [11.200507, -6.203897], [11.199133, -6.203897], [11.199133, -6.204584], [11.198447, -6.204584], [11.198447, -6.203897], [11.19776, -6.203897], [11.19776, -6.20321], [11.197073, -6.20321], [11.197073, -6.202524], [11.196387, -6.202524], [11.196387, -6.20321], [11.195013, -6.20321], [11.195013, -6.202524], [11.194327, -6.202524], [11.194327, -6.201837], [11.19364, -6.201837], [11.19364, -6.201151], [11.19158, -6.201151], [11.19158, -6.200464], [11.190894, -6.200464], [11.190894, -6.199091], [11.190207, -6.199091], [11.190207, -6.198404], [11.190894, -6.198404], [11.190894, -6.196344], [11.19158, -6.196344], [11.19158, -6.195657], [11.192953, -6.195657], [11.192953, -6.194971], [11.1957, -6.194971], [11.1957, -6.194284], [11.196387, -6.194284], [11.196387, -6.192911], [11.197073, -6.192911], [11.197073, -6.192224], [11.198447, -6.192224], [11.198447, -6.190164], [11.199133, -6.190164], [11.199133, -6.189478], [11.200507, -6.189478], [11.200507, -6.187418]]], [[[11.201193, -6.132486], [11.20188, -6.132486], [11.20188, -6.133173], [11.201193, -6.133173], [11.201193, -6.132486]]], [[[11.1957, -5.984857], [11.197073, -5.984857], [11.197073, -5.98623], [11.1957, -5.98623], [11.1957, -5.984857]]], [[[11.195013, -5.989664], [11.1957, -5.989664], [11.1957, -5.99035], [11.196387, -5.99035], [11.196387, -5.991724], [11.1957, -5.991724], [11.1957, -5.993097], [11.195013, -5.993097], [11.195013, -5.99447], [11.194327, -5.99447], [11.194327, -5.995844], [11.19364, -5.995844], [11.19364, -5.997217], [11.192953, -5.997217], [11.192953, -5.995844], [11.192267, -5.995844], [11.192267, -5.99447], [11.192953, -5.99447], [11.192953, -5.991724], [11.19364, -5.991724], [11.19364, -5.991037], [11.195013, -5.991037], [11.195013, -5.989664]]], [[[11.194327, -6.010263], [11.195013, -6.010263], [11.195013, -6.014383], [11.194327, -6.014383], [11.194327, -6.017816], [11.195013, -6.017816], [11.195013, -6.018503], [11.194327, -6.018503], [11.194327, -6.021249], [11.19364, -6.021249], [11.19364, -6.023309], [11.194327, -6.023309], [11.194327, -6.023996], [11.19364, -6.023996], [11.19364, -6.025369], [11.192953, -6.025369], [11.192953, -6.019189], [11.192267, -6.019189], [11.192267, -6.017816], [11.192953, -6.017816], [11.192953, -6.01507], [11.19364, -6.01507], [11.19364, -6.01095], [11.194327, -6.01095], [11.194327, -6.010263]]], [[[11.190894, -6.116693], [11.19158, -6.116693], [11.19158, -6.11738], [11.190894, -6.11738], [11.190894, -6.116693]]], [[[11.190207, -6.11532], [11.190894, -6.11532], [11.190894, -6.116006], [11.190207, -6.116006], [11.190207, -6.11532]]], [[[11.188147, -6.008203], [11.188834, -6.008203], [11.188834, -6.00889], [11.18952, -6.00889], [11.18952, -6.010263], [11.188834, -6.010263], [11.188834, -6.01095], [11.188147, -6.01095], [11.188147, -6.008203]]], [[[11.178534, -6.093347], [11.179221, -6.093347], [11.179221, -6.094034], [11.178534, -6.094034], [11.178534, -6.093347]]], [[[11.179221, -6.093347], [11.179221, -6.092661], [11.180594, -6.092661], [11.180594, -6.093347], [11.179221, -6.093347]]]]}, "id": 3880640, "properties": {"id": 3880640, "slick_timestamp": "2025-03-23T04:52:29", "machine_confidence": 0.9803336262702942, "slick_confidence": 0.8034358259335379, "length": 113382.48331255, "area": 387763442.6534073, "perimeter": 1442470.2850086517, "polsby_popper": 0.002341871037896806, "fill_factor": 0.0703497741808856, "centerlines": {"type": "FeatureCollection", "features": [{"id": "0", "type": "Feature", "properties": {"area": 584750781.6019896, "length": 158096.7950929529}, "geometry": {"type": "LineString", "coordinates": [[12.164073110776048, -5.92878357350531], [12.162847453425423, -5.926603694637196], [12.16104842721526, -5.927481483070903], [12.159775910599748, -5.925458251100192], [12.157964329523557, -5.926311571657176], [12.156615196771856, -5.924448613860436], [12.154968092060948, -5.9250248224599416], [12.153494081965684, -5.923154760623282], [12.151995665900438, -5.92346111572459], [12.150554124566556, -5.9219686629195465], [12.149167665530568, -5.9221745811895765], [12.147451328269339, -5.920351176861529], [12.146286523895355, -5.920443854565399], [12.144544053620777, -5.918753801368764], [12.143866303651535, -5.918747742831179], [12.14202055549019, -5.916923199134779], [12.14083049248527, -5.91695949712607], [12.139124827700824, -5.915314577723294], [12.137948723309785, -5.915309531060588], [12.136379312510142, -5.913826901579599], [12.135193594644553, -5.91381612733468], [12.133299238230762, -5.91197110578853], [12.13246492930791, -5.911931699323533], [12.130336020085796, -5.909931690290794], [12.129967445158027, -5.9098829013024545], [12.124984508467234, -5.905510815105401], [12.124765875568995, -5.905015993960792], [12.124244185458368, -5.904527414124271], [12.122365646554165, -5.903862229862111], [12.121167465643625, -5.902688906441097], [12.119166306356055, -5.902002154729112], [12.118699392611472, -5.901540551027461], [12.116243017025104, -5.900716974974699], [12.115490583916788, -5.899920329576269], [12.113106356274786, -5.8991448633311245], [12.112400691518861, -5.898385794856366], [12.109948527564148, -5.897583723352535], [12.109368341482062, -5.896979089513231], [12.104324174435668, -5.8951085031533825], [12.103781050471174, -5.894445628097258], [12.100920885701537, -5.893514948179931], [12.100645340609782, -5.893187139500212], [12.095388651490104, -5.891386198211599], [12.094263067889129, -5.890249730482321], [12.08569028834018, -5.8874827115157204], [12.085406378022904, -5.887178411448792], [12.082219612811897, -5.886054087225937], [12.081772829222768, -5.885632394878981], [12.0799990131496, -5.884974897235079], [12.078281377468189, -5.883440557152592], [12.076851862233402, -5.882848709533338], [12.074532530595132, -5.880884642121655], [12.073309130452142, -5.880301476752052], [12.071064913072728, -5.87848074024352], [12.069644230031773, -5.878061383289996], [12.068699368642942, -5.877574738686965], [12.066816547697465, -5.876115781480417], [12.065029352937808, -5.875167795524993], [12.06436718882938, -5.874665563493925], [12.062551342790536, -5.872773092146059], [12.060646519771478, -5.871297972477762], [12.057364548841505, -5.8676576437313575], [12.050386367606327, -5.8661451365181145], [12.04925089228418, -5.865763926807303], [12.046166709495694, -5.864621665497016], [12.040982315831428, -5.862186335730464], [12.02613548685196, -5.857132002540081], [12.023000941934374, -5.856471892059574], [12.021962140928263, -5.8561263783612185], [12.01843966402658, -5.854566264621837], [12.01237936378292, -5.8523904626960235], [12.008427837303229, -5.850522093155467], [12.00582416587833, -5.8496465473840855], [12.003566535740468, -5.849087260447742], [11.999486520849343, -5.847154635507965], [11.997902650909241, -5.846191188971451], [11.994439572287291, -5.844597787263123], [11.99299149717919, -5.843719416576462], [11.988405032681747, -5.841577199983406], [11.984338240833889, -5.838462521570847], [11.979141848423128, -5.8364523773874595], [11.976067900885802, -5.834895343248656], [11.973903265872497, -5.83407579769277], [11.9703749132842, -5.832292123035668], [11.968291336909765, -5.831494159550693], [11.964926845185968, -5.829756178476441], [11.961712106505509, -5.829106672461972], [11.95888824853625, -5.827971698371144], [11.95677926949819, -5.827340472817327], [11.953252581963625, -5.8247036844131905], [11.95013188160231, -5.822600696961026], [11.93987656024036, -5.817515949069765], [11.937475771572672, -5.816749181181311], [11.935315931741025, -5.815869806074369], [11.922752285001538, -5.813179209679997], [11.919675187683975, -5.811818020437848], [11.91533012074228, -5.810391741238957], [11.91073811066927, -5.808546200028665], [11.907580000158033, -5.806969805924732], [11.90459342457393, -5.805203276260111], [11.9028902387251, -5.803941000615304], [11.89898382581359, -5.801953515727354], [11.891712131574868, -5.79759144783837], [11.880207064399594, -5.793254635235993], [11.873123301316452, -5.789799913820173], [11.871695189049204, -5.789251733292753], [11.86966307915905, -5.788687462901975], [11.860976648295328, -5.7854693310076755], [11.853864535409327, -5.7833860273107005], [11.847043216011762, -5.781177690383226], [11.844737599487095, -5.780721335003429], [11.83939073209771, -5.781977667563394], [11.836922964565495, -5.7823832260326595], [11.834022783687637, -5.7823616812012375], [11.822345823165236, -5.780445885274918], [11.803601899715066, -5.786480609927827], [11.798772849376164, -5.786997833691791], [11.790070457617752, -5.7859444536981135], [11.76885262870108, -5.782983720935239], [11.765660562644298, -5.781386833293965], [11.76142218892148, -5.7806244610291575], [11.75192588704608, -5.782368987461149], [11.749348209788636, -5.782689437734059], [11.744849399523368, -5.783602982501026], [11.742333027008698, -5.783918776538762], [11.73694716599773, -5.785425876026912], [11.72641835360811, -5.785844888027288], [11.72378152685418, -5.787097650070724], [11.720504786006765, -5.7889427256944455], [11.716858470784093, -5.790364126587828], [11.714157714669737, -5.791621819592743], [11.710719498011672, -5.793554145787861], [11.708108526325141, -5.795283130796154], [11.704377594035419, -5.79738044233044], [11.702281963354334, -5.798764064305345], [11.70036656459069, -5.801019677742681], [11.695615683272866, -5.8036850765928705], [11.693121977790366, -5.804873988057897], [11.689330783883852, -5.80707841158567], [11.687037653692188, -5.808159597061044], [11.683747989823003, -5.809978550882913], [11.681029087546083, -5.810972827087396], [11.677834692842948, -5.812478904415557], [11.67491436874825, -5.813548279957562], [11.672211221916747, -5.814816881527942], [11.668319518083678, -5.816253335197673], [11.665788039954005, -5.817426450316011], [11.660034176767223, -5.819370301663328], [11.657188716065342, -5.820649250799965], [11.652556866766952, -5.822444307790668], [11.646868661915507, -5.823850499695722], [11.63772251983889, -5.82581899779072], [11.630605586611411, -5.822999349719024], [11.614698269552045, -5.822993206506397], [11.600365844009232, -5.816939078071516], [11.584338952698603, -5.802041461487733], [11.57237399807677, -5.794189189996107], [11.564626365701823, -5.78040766247935], [11.559995703861356, -5.777348856096768], [11.55209437829801, -5.774449178333974], [11.549119765454158, -5.774037031056883], [11.542876563783336, -5.773464971711791], [11.54139975754877, -5.773200363786239], [11.5360306095279, -5.772722664923061], [11.534667064901976, -5.772471325141319], [11.518415173520616, -5.767606913946718], [11.515367479120865, -5.766210991193014], [11.513064946640808, -5.765818948427098], [11.499097393646583, -5.767992463201126], [11.497841765118512, -5.767998788150588], [11.494542010193243, -5.768514949614291], [11.492568762863963, -5.768529142509062], [11.489358352023826, -5.7690195860520115], [11.485470847473838, -5.771158113602583], [11.483762944049188, -5.771829128626965], [11.479563885162381, -5.772296531697738], [11.476597803028342, -5.772917740219244], [11.472753917958247, -5.773311637037273], [11.471544064456412, -5.77366465446461], [11.46793155954218, -5.774022275804546], [11.466737037335761, -5.7743743169558766], [11.463054857940039, -5.7747439132886695], [11.46179294644232, -5.775101496661048], [11.459149394161622, -5.77538185205419], [11.456479950151035, -5.776106026713539], [11.454885383310415, -5.776296919089303], [11.448295552489922, -5.778089319094028], [11.446415960246135, -5.778423555703789], [11.444041607863475, -5.78048444113817], [11.441253637438859, -5.783297789401031], [11.439788818169506, -5.784493540860043], [11.437087280238515, -5.787846303562919], [11.43436365601386, -5.790253950310413], [11.42029185420777, -5.799222699466117], [11.417883308884292, -5.80130350071742], [11.413168546450935, -5.80350224162828], [11.406329436680336, -5.814217425652505], [11.403094916778254, -5.818335926672251], [11.4007375511832, -5.820488738646466], [11.398510561218034, -5.822957571416491], [11.387785813081926, -5.830945972921568], [11.383389675753554, -5.83860811890535], [11.381834050199277, -5.841016829633834], [11.379831077663237, -5.845279633453224], [11.378901015055312, -5.846849958001049], [11.376858652610899, -5.85106382341308], [11.375785190996869, -5.851829658556795], [11.372478107229345, -5.85471321785731], [11.3713186364527, -5.855529891830144], [11.366719359211869, -5.861495340433851], [11.36087040128073, -5.86768072193917], [11.360141722662373, -5.8689699643038935], [11.358068869957897, -5.87174707034433], [11.357090506156716, -5.8733380197813645], [11.356331645630094, -5.87513765276118], [11.355567437998637, -5.876445705185513], [11.354464937375255, -5.879077611988343], [11.353650309242733, -5.880463743521837], [11.352991759750783, -5.881298476604746], [11.350801900643248, -5.885033419828214], [11.350112049643615, -5.885907826225486], [11.347852843683894, -5.889750878707644], [11.346555087168712, -5.8916471250241305], [11.344388100783487, -5.8927606787586075], [11.342232318943154, -5.893541208904776], [11.34009636317624, -5.894648658719031], [11.33708215708639, -5.895731671077868], [11.335114944036942, -5.8967517678887145], [11.326431672223938, -5.900024048411098], [11.323688395722106, -5.901415177146371], [11.31468268790754, -5.90738681179449], [11.302853291486166, -5.907179426180782], [11.295796196064934, -5.905835686525245], [11.287934692418233, -5.910571526568125], [11.272306898772149, -5.919617706697035], [11.271114059193245, -5.920440200652469], [11.269039570054371, -5.921608732509556], [11.266577059944677, -5.9224776023964], [11.265286599816246, -5.924568759633279], [11.263511625927022, -5.926947173203102], [11.261675248841339, -5.929948598532555], [11.259885137600442, -5.932330095733214], [11.258071079551502, -5.935305410894099], [11.25625779058122, -5.937717811024249], [11.2544183058957, -5.940723857663091], [11.25249494025409, -5.943305925951922], [11.252225887069569, -5.948990440103583], [11.252915939703986, -5.966282033136055], [11.253700991434918, -5.970027763764994], [11.254810123605704, -5.973563797086057], [11.247863976830454, -5.98634915770256], [11.246787920498477, -5.988869659936381], [11.245397908854358, -5.991385310357916], [11.242416010297543, -5.99809076826514], [11.232795557536285, -6.0077197593611436], [11.22446790285992, -6.015161470400603], [11.215996545035658, -6.021162261496403], [11.214780749742406, -6.026973452490206], [11.216803950839083, -6.032264213371136], [11.217741457977404, -6.035287596076008], [11.223743912290704, -6.0563937831116865], [11.222472085715575, -6.0600216998319985], [11.222071478690754, -6.061773657257097], [11.221588267354809, -6.063133106229923], [11.219723985870738, -6.0655809011665065], [11.217722855125672, -6.068834878979729], [11.216475545040796, -6.07030306775243], [11.210268239350345, -6.0805057858628935], [11.209573057904292, -6.081286772677286], [11.208668652845933, -6.08278212775594], [11.20384844588064, -6.088237688990646], [11.202990058182438, -6.088934770063607], [11.200181907596646, -6.092069006403402], [11.198161557168154, -6.0939796174808345], [11.19729195530223, -6.09561675576705], [11.19746550618597, -6.098806254041224], [11.197869287796106, -6.101404214872157], [11.197895469357734, -6.103047996679908], [11.197588595150549, -6.104872002859031], [11.196615948607711, -6.108599458229046], [11.196548944039048, -6.109412806468072], [11.194391820230999, -6.1180692762242215], [11.194128360210753, -6.119694037595823], [11.19399587447542, -6.1219320201018474], [11.194245561988547, -6.123603496848428], [11.194100979831155, -6.126005600270847], [11.194444078951921, -6.128325928308865], [11.19432920039302, -6.130971037471461], [11.198584394131402, -6.138219287210396], [11.199322809355893, -6.1452193557867565], [11.199258608010018, -6.145666271967861], [11.199534803541606, -6.14841097986574], [11.199371185123816, -6.149481380135656], [11.199949352299496, -6.151145679538701], [11.199980838948369, -6.151729457824152], [11.201198630707944, -6.155097298530469], [11.20117810656733, -6.155738257728514], [11.202238834854263, -6.158520103455203], [11.202087334056612, -6.159679794305975], [11.202928520323276, -6.1616670009418275], [11.202529847462369, -6.1634401903968214], [11.203230380556228, -6.16483412178045], [11.202524239712247, -6.167065769695288], [11.203278580820015, -6.168313258722008], [11.202654038057144, -6.170123676944861], [11.20376677094107, -6.171643295899733], [11.20291167460834, -6.173401511685628], [11.204473009052128, -6.174985790447541], [11.203500850421808, -6.17673649842517], [11.204920172935767, -6.178399640276434], [11.204293505540395, -6.180215013664518], [11.205373688116197, -6.182144937393298], [11.205110531374634, -6.184136401225073], [11.206015604551613, -6.186511916791348], [11.206011380008995, -6.188868486831512], [11.206908841092073, -6.191967499000262], [11.20707717933768, -6.194318273611648], [11.208176597709144, -6.194809270759749], [11.210395901476938, -6.19535442053987], [11.212759639026721, -6.196433059029429], [11.214408103172463, -6.197976356963167], [11.21606691704416, -6.2003943028901825], [11.217569822164558, -6.2016694863370025], [11.218060152501343, -6.202435791637649], [11.220765841762285, -6.204636573312888], [11.221120225774053, -6.205304778371785], [11.223692475688182, -6.2073197592063725], [11.224000238081485, -6.207984399264948], [11.22652739426017, -6.2099404090519075], [11.226848181319328, -6.210610161929851], [11.229487176577338, -6.212703608703766], [11.229866779677598, -6.213369133066929], [11.232801996299447, -6.215793557061408], [11.233271228907821, -6.216471875494562], [11.235353507402847, -6.2182507368076605], [11.236344346957159, -6.218780255485499], [11.239523465811981, -6.221423574816781], [11.243078788367736, -6.2228506748756605], [11.246036077300941, -6.223631605910131], [11.24771513380521, -6.221497916323682], [11.250132928953935, -6.217524943118391], [11.25099230992593, -6.21659616531916], [11.253031226318475, -6.213099295179912], [11.25365959994046, -6.21251581264675], [11.257154661454136, -6.2062979203751265], [11.257139128947683, -6.2057392712425], [11.258588369628377, -6.203238353990909], [11.25841426560209, -6.202187200556953], [11.259594301472616, -6.200338934912227], [11.258997311606127, -6.198608202363105], [11.260169566038527, -6.197173783501793], [11.258816260661664, -6.195113632067862]]}}]}, "aspect_ratio_factor": 0.9263919573719391, "cls": 3, "orchestrator_run": 253732, "linearity": 14156.70203374103, "s1_scene_id": "S1A_IW_GRDH_1SDV_20250323T045229_20250323T045254_058427_0739ED_999A", "hitl_cls": 3, "hitl_cls_name": "Natural", "aoi_type_1_ids": [44, 55], "aoi_type_2_ids": [344], "aoi_type_3_ids": null, "source_type_1_ids": ["636024094", "253516000", "246743000", "352004788", "603100502", "215816000"], "source_type_2_ids": ["157258", "398156"], "source_type_3_ids": null, "max_source_collated_score": -0.5059785583169812, "slick_url": "https://cerulean.skytruth.org/slicks/3880640?ref=api&slick_id=3880640"}, "links": [{"title": "Collection", "href": "http://api.cerulean.skytruth.org/collections/public.slick_plus", "rel": "collection", "type": "application/json"}, {"title": "Item", "href": "http://api.cerulean.skytruth.org/collections/public.slick_plus/items/3880640", "rel": "item", "type": "application/geo+json"}]}]}