{"type": "FeatureCollection", "features": [{"type": "Feature", "geometry": {"type": "MultiPolygon", "coordinates": [[[[89.428683, 18.944522], [89.42937, 18.944522], [89.42937, 18.943149], [89.428683, 18.943149], [89.428683, 18.944522]]], [[[89.42937, 18.943149], [89.430057, 18.943149], [89.430057, 18.942462], [89.42937, 18.942462], [89.42937, 18.943149]]], [[[89.430057, 18.942462], [89.430743, 18.942462], [89.430743, 18.941776], [89.430057, 18.941776], [89.430057, 18.942462]]], [[[88.762637, 19.996463], [88.766071, 19.996463], [88.766071, 19.995776], [88.768817, 19.995776], [88.768817, 19.99509], [88.772937, 19.99509], [88.772937, 19.994403], [88.77431, 19.994403], [88.77431, 19.993716], [88.774997, 19.993716], [88.774997, 19.994403], [88.777744, 19.994403], [88.777744, 19.993716], [88.779803, 19.993716], [88.779803, 19.99303], [88.78049, 19.99303], [88.78049, 19.992343], [88.781177, 19.992343], [88.781177, 19.990283], [88.781863, 19.990283], [88.781863, 19.989597], [88.78255, 19.989597], [88.78255, 19.98891], [88.783237, 19.98891], [88.783237, 19.989597], [88.785297, 19.989597], [88.785297, 19.990283], [88.787357, 19.990283], [88.787357, 19.989597], [88.788043, 19.989597], [88.788043, 19.98891], [88.787357, 19.98891], [88.787357, 19.988223], [88.78667, 19.988223], [88.78667, 19.987537], [88.787357, 19.987537], [88.787357, 19.98685], [88.788043, 19.98685], [88.788043, 19.987537], [88.790103, 19.987537], [88.790103, 19.988223], [88.789417, 19.988223], [88.789417, 19.98891], [88.790103, 19.98891], [88.790103, 19.990283], [88.791476, 19.990283], [88.791476, 19.991656], [88.79491, 19.991656], [88.79491, 19.99097], [88.795596, 19.99097], [88.795596, 19.991656], [88.79697, 19.991656], [88.79697, 19.990283], [88.797656, 19.990283], [88.797656, 19.98891], [88.79697, 19.98891], [88.79697, 19.988223], [88.796283, 19.988223], [88.796283, 19.98685], [88.795596, 19.98685], [88.795596, 19.986163], [88.79491, 19.986163], [88.79491, 19.985477], [88.79079, 19.985477], [88.79079, 19.98479], [88.790103, 19.98479], [88.790103, 19.983417], [88.789417, 19.983417], [88.789417, 19.98273], [88.78873, 19.98273], [88.78873, 19.98479], [88.788043, 19.98479], [88.788043, 19.982043], [88.789417, 19.982043], [88.789417, 19.979297], [88.790103, 19.979297], [88.790103, 19.97861], [88.79079, 19.97861], [88.79079, 19.977924], [88.792163, 19.977924], [88.792163, 19.97861], [88.794223, 19.97861], [88.794223, 19.977924], [88.795596, 19.977924], [88.795596, 19.977237], [88.796283, 19.977237], [88.796283, 19.97655], [88.79697, 19.97655], [88.79697, 19.975864], [88.798343, 19.975864], [88.798343, 19.975177], [88.79903, 19.975177], [88.79903, 19.973804], [88.800403, 19.973804], [88.800403, 19.973117], [88.801089, 19.973117], [88.801089, 19.97243], [88.803836, 19.97243], [88.803836, 19.971744], [88.804523, 19.971744], [88.804523, 19.97243], [88.805896, 19.97243], [88.805896, 19.971744], [88.806583, 19.971744], [88.806583, 19.97037], [88.805896, 19.97037], [88.805896, 19.969684], [88.805209, 19.969684], [88.805209, 19.968311], [88.805896, 19.968311], [88.805896, 19.966937], [88.805209, 19.966937], [88.805209, 19.965564], [88.804523, 19.965564], [88.804523, 19.964191], [88.805209, 19.964191], [88.805209, 19.963504], [88.805896, 19.963504], [88.805896, 19.962131], [88.806583, 19.962131], [88.806583, 19.961444], [88.807269, 19.961444], [88.807269, 19.960071], [88.807956, 19.960071], [88.807956, 19.958698], [88.808643, 19.958698], [88.808643, 19.958011], [88.809329, 19.958011], [88.809329, 19.955951], [88.810016, 19.955951], [88.810016, 19.954578], [88.811389, 19.954578], [88.811389, 19.953204], [88.812076, 19.953204], [88.812076, 19.951144], [88.812762, 19.951144], [88.812762, 19.948398], [88.813449, 19.948398], [88.813449, 19.947711], [88.814136, 19.947711], [88.814136, 19.946338], [88.814822, 19.946338], [88.814822, 19.944965], [88.815509, 19.944965], [88.815509, 19.943591], [88.816196, 19.943591], [88.816196, 19.941531], [88.816882, 19.941531], [88.816882, 19.940158], [88.816196, 19.940158], [88.816196, 19.936038], [88.816882, 19.936038], [88.816882, 19.934665], [88.816196, 19.934665], [88.816196, 19.933978], [88.816882, 19.933978], [88.816882, 19.932605], [88.817569, 19.932605], [88.817569, 19.929172], [88.818256, 19.929172], [88.818256, 19.927798], [88.817569, 19.927798], [88.817569, 19.926425], [88.818256, 19.926425], [88.818256, 19.925052], [88.818942, 19.925052], [88.818942, 19.923679], [88.818256, 19.923679], [88.818256, 19.922305], [88.818942, 19.922305], [88.818942, 19.921619], [88.819629, 19.921619], [88.819629, 19.918185], [88.820316, 19.918185], [88.820316, 19.911319], [88.821002, 19.911319], [88.821002, 19.910632], [88.821689, 19.910632], [88.821689, 19.909259], [88.821002, 19.909259], [88.821002, 19.907199], [88.821689, 19.907199], [88.821689, 19.903079], [88.822375, 19.903079], [88.822375, 19.900333], [88.823062, 19.900333], [88.823062, 19.897586], [88.822375, 19.897586], [88.822375, 19.894153], [88.823062, 19.894153], [88.823062, 19.89278], [88.823749, 19.89278], [88.823749, 19.891406], [88.824435, 19.891406], [88.824435, 19.890033], [88.825122, 19.890033], [88.825122, 19.889346], [88.825809, 19.889346], [88.825809, 19.887973], [88.826495, 19.887973], [88.826495, 19.88454], [88.827182, 19.88454], [88.827182, 19.88248], [88.827869, 19.88248], [88.827869, 19.881793], [88.828555, 19.881793], [88.828555, 19.881107], [88.829242, 19.881107], [88.829242, 19.87836], [88.829929, 19.87836], [88.829929, 19.876987], [88.830615, 19.876987], [88.830615, 19.8763], [88.831302, 19.8763], [88.831302, 19.87424], [88.830615, 19.87424], [88.830615, 19.868747], [88.831302, 19.868747], [88.831302, 19.867374], [88.831989, 19.867374], [88.831989, 19.866], [88.831302, 19.866], [88.831302, 19.864627], [88.830615, 19.864627], [88.830615, 19.859134], [88.831302, 19.859134], [88.831302, 19.856387], [88.831989, 19.856387], [88.831989, 19.854327], [88.832675, 19.854327], [88.832675, 19.852954], [88.833362, 19.852954], [88.833362, 19.850208], [88.834048, 19.850208], [88.834048, 19.848834], [88.834735, 19.848834], [88.834735, 19.848148], [88.835422, 19.848148], [88.835422, 19.846088], [88.836108, 19.846088], [88.836108, 19.844714], [88.836795, 19.844714], [88.836795, 19.841281], [88.836108, 19.841281], [88.836108, 19.839908], [88.836795, 19.839908], [88.836795, 19.839221], [88.837482, 19.839221], [88.837482, 19.838535], [88.838855, 19.838535], [88.838855, 19.837161], [88.839542, 19.837161], [88.839542, 19.835788], [88.840228, 19.835788], [88.840228, 19.835101], [88.840915, 19.835101], [88.840915, 19.833041], [88.841602, 19.833041], [88.841602, 19.832355], [88.842288, 19.832355], [88.842288, 19.831668], [88.842975, 19.831668], [88.842975, 19.830981], [88.843661, 19.830981], [88.843661, 19.828235], [88.844348, 19.828235], [88.844348, 19.826175], [88.845035, 19.826175], [88.845035, 19.824802], [88.846408, 19.824802], [88.846408, 19.824115], [88.847095, 19.824115], [88.847095, 19.821368], [88.848468, 19.821368], [88.848468, 19.819995], [88.849155, 19.819995], [88.849155, 19.819308], [88.849841, 19.819308], [88.849841, 19.818622], [88.851215, 19.818622], [88.851215, 19.815189], [88.851901, 19.815189], [88.851901, 19.814502], [88.852588, 19.814502], [88.852588, 19.813815], [88.853275, 19.813815], [88.853275, 19.813129], [88.853961, 19.813129], [88.853961, 19.812442], [88.855334, 19.812442], [88.855334, 19.811755], [88.856021, 19.811755], [88.856021, 19.811069], [88.856708, 19.811069], [88.856708, 19.810382], [88.857394, 19.810382], [88.857394, 19.809009], [88.858081, 19.809009], [88.858081, 19.808322], [88.858768, 19.808322], [88.858768, 19.807635], [88.859454, 19.807635], [88.859454, 19.806262], [88.858768, 19.806262], [88.858768, 19.803516], [88.859454, 19.803516], [88.859454, 19.802142], [88.860141, 19.802142], [88.860141, 19.801456], [88.860828, 19.801456], [88.860828, 19.800769], [88.862201, 19.800769], [88.862201, 19.800082], [88.862888, 19.800082], [88.862888, 19.799396], [88.863574, 19.799396], [88.863574, 19.798709], [88.864261, 19.798709], [88.864261, 19.798022], [88.864948, 19.798022], [88.864948, 19.797336], [88.864261, 19.797336], [88.864261, 19.795276], [88.864948, 19.795276], [88.864948, 19.793216], [88.865634, 19.793216], [88.865634, 19.790469], [88.866321, 19.790469], [88.866321, 19.787036], [88.867007, 19.787036], [88.867007, 19.786349], [88.867694, 19.786349], [88.867694, 19.78429], [88.868381, 19.78429], [88.868381, 19.781543], [88.869067, 19.781543], [88.869067, 19.780856], [88.868381, 19.780856], [88.868381, 19.78017], [88.869067, 19.78017], [88.869067, 19.777423], [88.869754, 19.777423], [88.869754, 19.776736], [88.870441, 19.776736], [88.870441, 19.774677], [88.869754, 19.774677], [88.869754, 19.773303], [88.869067, 19.773303], [88.869067, 19.76987], [88.868381, 19.76987], [88.868381, 19.769183], [88.869067, 19.769183], [88.869067, 19.765063], [88.869754, 19.765063], [88.869754, 19.764377], [88.870441, 19.764377], [88.870441, 19.76369], [88.869754, 19.76369], [88.869754, 19.762317], [88.869067, 19.762317], [88.869067, 19.758884], [88.869754, 19.758884], [88.869754, 19.756824], [88.870441, 19.756824], [88.870441, 19.753391], [88.871127, 19.753391], [88.871127, 19.751331], [88.869067, 19.751331], [88.869067, 19.749957], [88.869754, 19.749957], [88.869754, 19.748584], [88.869067, 19.748584], [88.869067, 19.743777], [88.869754, 19.743777], [88.869754, 19.741718], [88.870441, 19.741718], [88.870441, 19.739658], [88.871127, 19.739658], [88.871127, 19.738971], [88.871814, 19.738971], [88.871814, 19.736911], [88.871127, 19.736911], [88.871127, 19.736224], [88.871814, 19.736224], [88.871814, 19.735538], [88.871127, 19.735538], [88.871127, 19.734851], [88.871814, 19.734851], [88.871814, 19.732791], [88.871127, 19.732791], [88.871127, 19.731418], [88.871814, 19.731418], [88.871814, 19.730045], [88.872501, 19.730045], [88.872501, 19.729358], [88.873187, 19.729358], [88.873187, 19.727985], [88.873874, 19.727985], [88.873874, 19.726611], [88.874561, 19.726611], [88.874561, 19.723865], [88.875247, 19.723865], [88.875247, 19.721118], [88.875934, 19.721118], [88.875934, 19.716998], [88.87662, 19.716998], [88.87662, 19.716312], [88.877307, 19.716312], [88.877307, 19.713565], [88.87868, 19.713565], [88.87868, 19.710818], [88.879367, 19.710818], [88.879367, 19.709445], [88.880054, 19.709445], [88.880054, 19.706012], [88.88074, 19.706012], [88.88074, 19.703952], [88.881427, 19.703952], [88.881427, 19.703265], [88.88074, 19.703265], [88.88074, 19.702579], [88.881427, 19.702579], [88.881427, 19.701892], [88.8828, 19.701892], [88.8828, 19.701205], [88.883487, 19.701205], [88.883487, 19.699146], [88.884174, 19.699146], [88.884174, 19.697772], [88.88486, 19.697772], [88.88486, 19.695712], [88.886234, 19.695712], [88.886234, 19.694339], [88.88692, 19.694339], [88.88692, 19.691592], [88.887607, 19.691592], [88.887607, 19.688846], [88.888293, 19.688846], [88.888293, 19.685413], [88.889667, 19.685413], [88.889667, 19.684726], [88.890353, 19.684726], [88.890353, 19.683353], [88.889667, 19.683353], [88.889667, 19.681979], [88.89104, 19.681979], [88.89104, 19.681293], [88.891727, 19.681293], [88.891727, 19.678546], [88.892413, 19.678546], [88.892413, 19.6758], [88.8931, 19.6758], [88.8931, 19.674426], [88.893787, 19.674426], [88.893787, 19.67374], [88.894473, 19.67374], [88.894473, 19.67168], [88.89516, 19.67168], [88.89516, 19.670993], [88.895847, 19.670993], [88.895847, 19.670306], [88.896533, 19.670306], [88.896533, 19.66962], [88.89722, 19.66962], [88.89722, 19.668246], [88.897906, 19.668246], [88.897906, 19.666187], [88.89928, 19.666187], [88.89928, 19.664127], [88.899966, 19.664127], [88.899966, 19.66344], [88.900653, 19.66344], [88.900653, 19.662067], [88.90134, 19.662067], [88.90134, 19.660693], [88.902026, 19.660693], [88.902026, 19.660007], [88.902713, 19.660007], [88.902713, 19.65726], [88.904086, 19.65726], [88.904086, 19.655887], [88.904773, 19.655887], [88.904773, 19.654514], [88.90546, 19.654514], [88.90546, 19.653827], [88.906146, 19.653827], [88.906146, 19.652454], [88.906833, 19.652454], [88.906833, 19.651767], [88.90752, 19.651767], [88.90752, 19.65108], [88.908893, 19.65108], [88.908893, 19.64696], [88.910266, 19.64696], [88.910266, 19.646274], [88.909579, 19.646274], [88.909579, 19.644214], [88.910266, 19.644214], [88.910266, 19.643527], [88.910953, 19.643527], [88.910953, 19.641467], [88.911639, 19.641467], [88.911639, 19.639407], [88.912326, 19.639407], [88.912326, 19.638034], [88.913013, 19.638034], [88.913013, 19.636661], [88.914386, 19.636661], [88.914386, 19.634601], [88.915073, 19.634601], [88.915073, 19.633228], [88.915759, 19.633228], [88.915759, 19.632541], [88.916446, 19.632541], [88.916446, 19.631168], [88.917133, 19.631168], [88.917133, 19.629794], [88.918506, 19.629794], [88.918506, 19.629108], [88.919193, 19.629108], [88.919193, 19.627734], [88.919879, 19.627734], [88.919879, 19.627048], [88.920566, 19.627048], [88.920566, 19.626361], [88.921252, 19.626361], [88.921252, 19.624301], [88.921939, 19.624301], [88.921939, 19.622928], [88.922626, 19.622928], [88.922626, 19.622241], [88.923312, 19.622241], [88.923312, 19.620181], [88.923999, 19.620181], [88.923999, 19.617435], [88.924686, 19.617435], [88.924686, 19.616748], [88.925372, 19.616748], [88.925372, 19.616061], [88.926746, 19.616061], [88.926746, 19.613315], [88.927432, 19.613315], [88.927432, 19.612628], [88.928119, 19.612628], [88.928119, 19.610568], [88.928806, 19.610568], [88.928806, 19.609882], [88.929492, 19.609882], [88.929492, 19.609195], [88.930179, 19.609195], [88.930179, 19.608508], [88.930865, 19.608508], [88.930865, 19.607135], [88.931552, 19.607135], [88.931552, 19.606448], [88.932239, 19.606448], [88.932239, 19.605762], [88.933612, 19.605762], [88.933612, 19.605075], [88.934299, 19.605075], [88.934299, 19.603702], [88.934985, 19.603702], [88.934985, 19.602328], [88.935672, 19.602328], [88.935672, 19.600269], [88.936359, 19.600269], [88.936359, 19.599582], [88.937045, 19.599582], [88.937045, 19.598895], [88.937732, 19.598895], [88.937732, 19.598209], [88.938419, 19.598209], [88.938419, 19.595462], [88.939792, 19.595462], [88.939792, 19.594089], [88.940479, 19.594089], [88.940479, 19.593402], [88.941165, 19.593402], [88.941165, 19.592715], [88.941852, 19.592715], [88.941852, 19.591342], [88.942538, 19.591342], [88.942538, 19.590656], [88.943225, 19.590656], [88.943225, 19.589282], [88.943912, 19.589282], [88.943912, 19.588596], [88.944598, 19.588596], [88.944598, 19.587222], [88.945285, 19.587222], [88.945285, 19.586536], [88.945972, 19.586536], [88.945972, 19.585849], [88.946658, 19.585849], [88.946658, 19.583102], [88.947345, 19.583102], [88.947345, 19.582416], [88.948032, 19.582416], [88.948032, 19.581729], [88.948718, 19.581729], [88.948718, 19.580356], [88.949405, 19.580356], [88.949405, 19.578296], [88.950092, 19.578296], [88.950092, 19.576923], [88.950778, 19.576923], [88.950778, 19.576236], [88.952151, 19.576236], [88.952151, 19.575549], [88.953525, 19.575549], [88.953525, 19.574176], [88.954211, 19.574176], [88.954211, 19.573489], [88.954898, 19.573489], [88.954898, 19.572803], [88.955585, 19.572803], [88.955585, 19.570056], [88.956271, 19.570056], [88.956271, 19.568683], [88.956958, 19.568683], [88.956958, 19.567996], [88.957645, 19.567996], [88.957645, 19.56731], [88.958331, 19.56731], [88.958331, 19.565936], [88.959705, 19.565936], [88.959705, 19.564563], [88.961078, 19.564563], [88.961078, 19.562503], [88.961765, 19.562503], [88.961765, 19.561816], [88.962451, 19.561816], [88.962451, 19.560443], [88.963138, 19.560443], [88.963138, 19.55907], [88.964511, 19.55907], [88.964511, 19.55701], [88.965198, 19.55701], [88.965198, 19.556323], [88.965884, 19.556323], [88.965884, 19.555637], [88.966571, 19.555637], [88.966571, 19.55495], [88.967258, 19.55495], [88.967258, 19.554263], [88.967944, 19.554263], [88.967944, 19.552203], [88.968631, 19.552203], [88.968631, 19.551517], [88.969318, 19.551517], [88.969318, 19.55083], [88.970004, 19.55083], [88.970004, 19.549457], [88.970691, 19.549457], [88.970691, 19.54877], [88.971378, 19.54877], [88.971378, 19.548083], [88.972751, 19.548083], [88.972751, 19.54671], [88.974124, 19.54671], [88.974124, 19.546024], [88.974811, 19.546024], [88.974811, 19.54465], [88.975497, 19.54465], [88.975497, 19.543277], [88.976184, 19.543277], [88.976184, 19.54259], [88.976871, 19.54259], [88.976871, 19.541904], [88.977557, 19.541904], [88.977557, 19.541217], [88.978244, 19.541217], [88.978244, 19.54053], [88.978931, 19.54053], [88.978931, 19.539844], [88.980304, 19.539844], [88.980304, 19.539157], [88.981677, 19.539157], [88.981677, 19.537784], [88.982364, 19.537784], [88.982364, 19.536411], [88.983051, 19.536411], [88.983051, 19.535037], [88.983737, 19.535037], [88.983737, 19.533664], [88.984424, 19.533664], [88.984424, 19.532977], [88.985797, 19.532977], [88.985797, 19.530231], [88.98717, 19.530231], [88.98717, 19.529544], [88.987857, 19.529544], [88.987857, 19.528857], [88.988544, 19.528857], [88.988544, 19.527484], [88.98923, 19.527484], [88.98923, 19.526111], [88.990604, 19.526111], [88.990604, 19.524051], [88.99129, 19.524051], [88.99129, 19.522678], [88.992664, 19.522678], [88.992664, 19.519244], [88.994037, 19.519244], [88.994037, 19.518558], [88.994724, 19.518558], [88.994724, 19.517184], [88.996097, 19.517184], [88.996097, 19.515811], [88.996783, 19.515811], [88.996783, 19.515125], [88.99747, 19.515125], [88.99747, 19.513751], [88.998157, 19.513751], [88.998157, 19.513065], [88.998843, 19.513065], [88.998843, 19.512378], [88.99953, 19.512378], [88.99953, 19.511691], [89.000217, 19.511691], [89.000217, 19.510318], [89.000903, 19.510318], [89.000903, 19.509631], [89.002277, 19.509631], [89.002277, 19.508258], [89.002963, 19.508258], [89.002963, 19.506885], [89.00365, 19.506885], [89.00365, 19.506198], [89.005023, 19.506198], [89.005023, 19.505511], [89.00571, 19.505511], [89.00571, 19.504825], [89.006396, 19.504825], [89.006396, 19.504138], [89.007083, 19.504138], [89.007083, 19.503452], [89.008456, 19.503452], [89.008456, 19.502765], [89.009143, 19.502765], [89.009143, 19.502078], [89.010516, 19.502078], [89.010516, 19.501392], [89.011203, 19.501392], [89.011203, 19.500705], [89.01189, 19.500705], [89.01189, 19.499332], [89.012576, 19.499332], [89.012576, 19.498645], [89.01395, 19.498645], [89.01395, 19.497958], [89.014636, 19.497958], [89.014636, 19.497272], [89.015323, 19.497272], [89.015323, 19.496585], [89.01601, 19.496585], [89.01601, 19.495898], [89.017383, 19.495898], [89.017383, 19.495212], [89.018069, 19.495212], [89.018069, 19.494525], [89.020129, 19.494525], [89.020129, 19.493839], [89.020816, 19.493839], [89.020816, 19.493152], [89.022189, 19.493152], [89.022189, 19.492465], [89.022876, 19.492465], [89.022876, 19.491092], [89.023563, 19.491092], [89.023563, 19.490405], [89.024249, 19.490405], [89.024249, 19.487659], [89.024936, 19.487659], [89.024936, 19.486972], [89.025623, 19.486972], [89.025623, 19.486285], [89.026309, 19.486285], [89.026309, 19.485599], [89.027682, 19.485599], [89.027682, 19.484912], [89.029742, 19.484912], [89.029742, 19.484225], [89.031116, 19.484225], [89.031116, 19.482852], [89.031802, 19.482852], [89.031802, 19.481479], [89.032489, 19.481479], [89.032489, 19.480792], [89.033176, 19.480792], [89.033176, 19.480106], [89.033862, 19.480106], [89.033862, 19.479419], [89.035922, 19.479419], [89.035922, 19.478732], [89.036609, 19.478732], [89.036609, 19.478046], [89.037982, 19.478046], [89.037982, 19.477359], [89.038669, 19.477359], [89.038669, 19.475986], [89.041415, 19.475986], [89.041415, 19.475299], [89.042102, 19.475299], [89.042102, 19.472552], [89.042789, 19.472552], [89.042789, 19.471866], [89.043475, 19.471866], [89.043475, 19.471179], [89.044162, 19.471179], [89.044162, 19.469806], [89.044849, 19.469806], [89.044849, 19.469119], [89.046222, 19.469119], [89.046222, 19.468433], [89.046909, 19.468433], [89.046909, 19.467746], [89.048969, 19.467746], [89.048969, 19.467059], [89.049655, 19.467059], [89.049655, 19.466373], [89.051028, 19.466373], [89.051028, 19.465686], [89.051715, 19.465686], [89.051715, 19.464313], [89.052402, 19.464313], [89.052402, 19.462939], [89.053088, 19.462939], [89.053088, 19.462253], [89.053775, 19.462253], [89.053775, 19.461566], [89.054462, 19.461566], [89.054462, 19.46088], [89.055148, 19.46088], [89.055148, 19.459506], [89.055835, 19.459506], [89.055835, 19.45882], [89.057895, 19.45882], [89.057895, 19.457446], [89.058582, 19.457446], [89.058582, 19.45676], [89.059955, 19.45676], [89.059955, 19.456073], [89.061328, 19.456073], [89.061328, 19.4547], [89.062015, 19.4547], [89.062015, 19.454013], [89.062701, 19.454013], [89.062701, 19.453326], [89.064075, 19.453326], [89.064075, 19.45058], [89.064761, 19.45058], [89.064761, 19.449893], [89.065448, 19.449893], [89.065448, 19.449207], [89.066135, 19.449207], [89.066135, 19.44852], [89.066821, 19.44852], [89.066821, 19.447147], [89.067508, 19.447147], [89.067508, 19.44646], [89.068195, 19.44646], [89.068195, 19.445773], [89.069568, 19.445773], [89.069568, 19.445087], [89.070255, 19.445087], [89.070255, 19.4444], [89.070941, 19.4444], [89.070941, 19.443713], [89.072314, 19.443713], [89.072314, 19.443027], [89.073001, 19.443027], [89.073001, 19.440967], [89.074374, 19.440967], [89.074374, 19.44028], [89.075061, 19.44028], [89.075061, 19.439594], [89.076434, 19.439594], [89.076434, 19.43822], [89.077121, 19.43822], [89.077121, 19.437534], [89.079181, 19.437534], [89.079181, 19.436847], [89.079868, 19.436847], [89.079868, 19.435474], [89.080554, 19.435474], [89.080554, 19.4341], [89.081241, 19.4341], [89.081241, 19.433414], [89.081927, 19.433414], [89.081927, 19.432727], [89.082614, 19.432727], [89.082614, 19.431354], [89.083301, 19.431354], [89.083301, 19.430667], [89.084674, 19.430667], [89.084674, 19.428607], [89.085361, 19.428607], [89.085361, 19.427921], [89.086047, 19.427921], [89.086047, 19.426547], [89.086734, 19.426547], [89.086734, 19.423801], [89.087421, 19.423801], [89.087421, 19.423114], [89.088107, 19.423114], [89.088107, 19.419681], [89.088794, 19.419681], [89.088794, 19.418994], [89.089481, 19.418994], [89.089481, 19.416934], [89.090854, 19.416934], [89.090854, 19.416248], [89.091541, 19.416248], [89.091541, 19.415561], [89.092914, 19.415561], [89.092914, 19.414874], [89.094287, 19.414874], [89.094287, 19.412128], [89.0936, 19.412128], [89.0936, 19.409381], [89.094287, 19.409381], [89.094287, 19.408694], [89.0936, 19.408694], [89.0936, 19.406635], [89.094287, 19.406635], [89.094287, 19.405261], [89.094974, 19.405261], [89.094974, 19.403201], [89.09566, 19.403201], [89.09566, 19.402515], [89.096347, 19.402515], [89.096347, 19.401828], [89.097034, 19.401828], [89.097034, 19.399768], [89.09772, 19.399768], [89.09772, 19.399081], [89.099094, 19.399081], [89.099094, 19.398395], [89.09978, 19.398395], [89.09978, 19.397708], [89.100467, 19.397708], [89.100467, 19.396335], [89.10184, 19.396335], [89.10184, 19.395648], [89.102527, 19.395648], [89.102527, 19.394275], [89.103214, 19.394275], [89.103214, 19.393588], [89.1039, 19.393588], [89.1039, 19.392902], [89.105273, 19.392902], [89.105273, 19.392215], [89.10596, 19.392215], [89.10596, 19.391528], [89.106647, 19.391528], [89.106647, 19.390842], [89.107333, 19.390842], [89.107333, 19.390155], [89.10802, 19.390155], [89.10802, 19.389468], [89.11008, 19.389468], [89.11008, 19.388782], [89.110767, 19.388782], [89.110767, 19.388095], [89.111453, 19.388095], [89.111453, 19.387408], [89.11214, 19.387408], [89.11214, 19.386722], [89.112827, 19.386722], [89.112827, 19.386035], [89.113513, 19.386035], [89.113513, 19.384662], [89.1142, 19.384662], [89.1142, 19.383975], [89.114886, 19.383975], [89.114886, 19.383289], [89.115573, 19.383289], [89.115573, 19.381229], [89.11626, 19.381229], [89.11626, 19.379855], [89.117633, 19.379855], [89.117633, 19.378482], [89.11832, 19.378482], [89.11832, 19.377795], [89.119006, 19.377795], [89.119006, 19.376422], [89.119693, 19.376422], [89.119693, 19.374362], [89.12038, 19.374362], [89.12038, 19.372989], [89.121066, 19.372989], [89.121066, 19.370242], [89.121753, 19.370242], [89.121753, 19.369556], [89.12244, 19.369556], [89.12244, 19.365436], [89.123126, 19.365436], [89.123126, 19.361316], [89.123813, 19.361316], [89.123813, 19.358569], [89.1245, 19.358569], [89.1245, 19.357883], [89.125186, 19.357883], [89.125186, 19.357196], [89.125873, 19.357196], [89.125873, 19.355823], [89.126559, 19.355823], [89.126559, 19.355136], [89.127933, 19.355136], [89.127933, 19.351703], [89.128619, 19.351703], [89.128619, 19.349643], [89.129306, 19.349643], [89.129306, 19.34827], [89.129993, 19.34827], [89.129993, 19.347583], [89.130679, 19.347583], [89.130679, 19.345523], [89.131366, 19.345523], [89.131366, 19.344836], [89.132053, 19.344836], [89.132053, 19.343463], [89.132739, 19.343463], [89.132739, 19.340717], [89.134113, 19.340717], [89.134113, 19.34003], [89.134799, 19.34003], [89.134799, 19.338657], [89.135486, 19.338657], [89.135486, 19.33797], [89.137546, 19.33797], [89.137546, 19.337283], [89.138232, 19.337283], [89.138232, 19.336597], [89.138919, 19.336597], [89.138919, 19.335223], [89.139606, 19.335223], [89.139606, 19.334537], [89.140292, 19.334537], [89.140292, 19.33385], [89.140979, 19.33385], [89.140979, 19.332477], [89.141666, 19.332477], [89.141666, 19.33179], [89.142352, 19.33179], [89.142352, 19.331104], [89.143039, 19.331104], [89.143039, 19.32973], [89.143726, 19.32973], [89.143726, 19.32767], [89.145099, 19.32767], [89.145099, 19.326984], [89.145786, 19.326984], [89.145786, 19.32561], [89.146472, 19.32561], [89.146472, 19.324924], [89.147845, 19.324924], [89.147845, 19.32355], [89.148532, 19.32355], [89.148532, 19.322864], [89.149219, 19.322864], [89.149219, 19.32149], [89.151279, 19.32149], [89.151279, 19.320117], [89.151965, 19.320117], [89.151965, 19.319431], [89.152652, 19.319431], [89.152652, 19.318744], [89.154025, 19.318744], [89.154025, 19.318057], [89.154712, 19.318057], [89.154712, 19.317371], [89.156085, 19.317371], [89.156085, 19.315311], [89.156772, 19.315311], [89.156772, 19.314624], [89.157458, 19.314624], [89.157458, 19.313937], [89.158832, 19.313937], [89.158832, 19.313251], [89.159518, 19.313251], [89.159518, 19.311877], [89.160892, 19.311877], [89.160892, 19.310504], [89.161578, 19.310504], [89.161578, 19.309818], [89.162265, 19.309818], [89.162265, 19.309131], [89.164325, 19.309131], [89.164325, 19.308444], [89.165012, 19.308444], [89.165012, 19.307071], [89.165698, 19.307071], [89.165698, 19.305011], [89.167072, 19.305011], [89.167072, 19.303638], [89.167758, 19.303638], [89.167758, 19.302951], [89.168445, 19.302951], [89.168445, 19.302264], [89.169131, 19.302264], [89.169131, 19.301578], [89.169818, 19.301578], [89.169818, 19.299518], [89.170505, 19.299518], [89.170505, 19.298831], [89.171878, 19.298831], [89.171878, 19.297458], [89.172565, 19.297458], [89.172565, 19.295398], [89.173938, 19.295398], [89.173938, 19.294025], [89.174625, 19.294025], [89.174625, 19.291965], [89.175311, 19.291965], [89.175311, 19.291278], [89.176685, 19.291278], [89.176685, 19.288531], [89.177371, 19.288531], [89.177371, 19.287845], [89.178745, 19.287845], [89.178745, 19.287158], [89.180804, 19.287158], [89.180804, 19.286472], [89.181491, 19.286472], [89.181491, 19.285785], [89.182864, 19.285785], [89.182864, 19.285098], [89.183551, 19.285098], [89.183551, 19.284412], [89.184924, 19.284412], [89.184924, 19.283725], [89.185611, 19.283725], [89.185611, 19.283038], [89.186984, 19.283038], [89.186984, 19.282352], [89.189731, 19.282352], [89.189731, 19.281665], [89.190417, 19.281665], [89.190417, 19.279605], [89.191104, 19.279605], [89.191104, 19.278918], [89.191791, 19.278918], [89.191791, 19.278232], [89.192477, 19.278232], [89.192477, 19.276172], [89.193164, 19.276172], [89.193164, 19.274799], [89.193851, 19.274799], [89.193851, 19.272739], [89.194537, 19.272739], [89.194537, 19.270679], [89.195224, 19.270679], [89.195224, 19.268619], [89.195911, 19.268619], [89.195911, 19.265186], [89.196597, 19.265186], [89.196597, 19.264499], [89.195911, 19.264499], [89.195911, 19.262439], [89.196597, 19.262439], [89.196597, 19.261066], [89.197971, 19.261066], [89.197971, 19.261752], [89.198657, 19.261752], [89.198657, 19.261066], [89.199344, 19.261066], [89.199344, 19.260379], [89.200031, 19.260379], [89.200031, 19.259006], [89.200717, 19.259006], [89.200717, 19.258319], [89.20209, 19.258319], [89.20209, 19.257632], [89.202777, 19.257632], [89.202777, 19.256946], [89.203464, 19.256946], [89.203464, 19.255573], [89.204837, 19.255573], [89.204837, 19.254886], [89.206897, 19.254886], [89.206897, 19.253513], [89.207584, 19.253513], [89.207584, 19.252139], [89.20827, 19.252139], [89.20827, 19.250079], [89.208957, 19.250079], [89.208957, 19.249393], [89.209644, 19.249393], [89.209644, 19.248706], [89.21033, 19.248706], [89.21033, 19.248019], [89.211017, 19.248019], [89.211017, 19.246646], [89.211703, 19.246646], [89.211703, 19.245959], [89.21239, 19.245959], [89.21239, 19.245273], [89.213077, 19.245273], [89.213077, 19.2439], [89.213763, 19.2439], [89.213763, 19.243213], [89.21445, 19.243213], [89.21445, 19.242526], [89.215823, 19.242526], [89.215823, 19.24184], [89.21651, 19.24184], [89.21651, 19.241153], [89.217197, 19.241153], [89.217197, 19.23978], [89.217883, 19.23978], [89.217883, 19.239093], [89.21857, 19.239093], [89.21857, 19.23566], [89.219257, 19.23566], [89.219257, 19.234973], [89.219943, 19.234973], [89.219943, 19.2336], [89.22063, 19.2336], [89.22063, 19.232913], [89.221317, 19.232913], [89.221317, 19.232227], [89.22269, 19.232227], [89.22269, 19.23154], [89.223376, 19.23154], [89.223376, 19.230853], [89.224063, 19.230853], [89.224063, 19.230167], [89.22475, 19.230167], [89.22475, 19.228793], [89.225436, 19.228793], [89.225436, 19.228107], [89.226123, 19.228107], [89.226123, 19.226047], [89.22681, 19.226047], [89.22681, 19.22536], [89.228183, 19.22536], [89.228183, 19.223987], [89.22887, 19.223987], [89.22887, 19.2233], [89.229556, 19.2233], [89.229556, 19.221927], [89.23093, 19.221927], [89.23093, 19.22124], [89.231616, 19.22124], [89.231616, 19.218494], [89.233676, 19.218494], [89.233676, 19.216434], [89.234363, 19.216434], [89.234363, 19.215747], [89.235049, 19.215747], [89.235049, 19.21506], [89.235736, 19.21506], [89.235736, 19.214374], [89.236423, 19.214374], [89.236423, 19.213], [89.237109, 19.213], [89.237109, 19.212314], [89.237796, 19.212314], [89.237796, 19.211627], [89.238483, 19.211627], [89.238483, 19.210941], [89.239169, 19.210941], [89.239169, 19.209567], [89.239856, 19.209567], [89.239856, 19.208881], [89.241916, 19.208881], [89.241916, 19.208194], [89.242603, 19.208194], [89.242603, 19.207507], [89.243976, 19.207507], [89.243976, 19.206821], [89.244662, 19.206821], [89.244662, 19.206134], [89.245349, 19.206134], [89.245349, 19.205447], [89.246036, 19.205447], [89.246036, 19.204761], [89.246722, 19.204761], [89.246722, 19.202701], [89.248096, 19.202701], [89.248096, 19.202014], [89.248782, 19.202014], [89.248782, 19.199954], [89.249469, 19.199954], [89.249469, 19.198581], [89.250842, 19.198581], [89.250842, 19.197894], [89.251529, 19.197894], [89.251529, 19.197208], [89.252216, 19.197208], [89.252216, 19.195148], [89.252902, 19.195148], [89.252902, 19.194461], [89.253589, 19.194461], [89.253589, 19.193088], [89.254276, 19.193088], [89.254276, 19.191714], [89.255649, 19.191714], [89.255649, 19.191028], [89.256335, 19.191028], [89.256335, 19.190341], [89.257022, 19.190341], [89.257022, 19.188968], [89.258395, 19.188968], [89.258395, 19.187595], [89.259769, 19.187595], [89.259769, 19.186908], [89.260455, 19.186908], [89.260455, 19.186221], [89.261142, 19.186221], [89.261142, 19.185535], [89.261829, 19.185535], [89.261829, 19.183475], [89.262515, 19.183475], [89.262515, 19.182788], [89.263202, 19.182788], [89.263202, 19.182101], [89.263889, 19.182101], [89.263889, 19.181415], [89.264575, 19.181415], [89.264575, 19.180042], [89.265948, 19.180042], [89.265948, 19.179355], [89.266635, 19.179355], [89.266635, 19.178668], [89.267322, 19.178668], [89.267322, 19.177295], [89.268008, 19.177295], [89.268008, 19.176608], [89.268695, 19.176608], [89.268695, 19.175922], [89.269382, 19.175922], [89.269382, 19.174548], [89.270068, 19.174548], [89.270068, 19.173862], [89.270755, 19.173862], [89.270755, 19.172488], [89.271442, 19.172488], [89.271442, 19.170428], [89.272128, 19.170428], [89.272128, 19.169742], [89.272815, 19.169742], [89.272815, 19.169055], [89.274188, 19.169055], [89.274188, 19.167682], [89.274875, 19.167682], [89.274875, 19.166995], [89.275562, 19.166995], [89.275562, 19.165622], [89.276248, 19.165622], [89.276248, 19.164249], [89.276935, 19.164249], [89.276935, 19.162875], [89.277621, 19.162875], [89.277621, 19.162189], [89.278995, 19.162189], [89.278995, 19.160815], [89.279681, 19.160815], [89.279681, 19.159442], [89.281055, 19.159442], [89.281055, 19.158069], [89.281741, 19.158069], [89.281741, 19.156696], [89.283115, 19.156696], [89.283115, 19.156009], [89.283801, 19.156009], [89.283801, 19.155322], [89.284488, 19.155322], [89.284488, 19.154636], [89.285175, 19.154636], [89.285175, 19.153949], [89.285861, 19.153949], [89.285861, 19.153262], [89.287234, 19.153262], [89.287234, 19.152576], [89.287921, 19.152576], [89.287921, 19.151889], [89.288608, 19.151889], [89.288608, 19.151202], [89.289294, 19.151202], [89.289294, 19.149829], [89.289981, 19.149829], [89.289981, 19.149142], [89.290668, 19.149142], [89.290668, 19.147769], [89.291354, 19.147769], [89.291354, 19.145709], [89.292041, 19.145709], [89.292041, 19.145023], [89.292728, 19.145023], [89.292728, 19.144336], [89.293414, 19.144336], [89.293414, 19.142963], [89.294788, 19.142963], [89.294788, 19.142276], [89.295474, 19.142276], [89.295474, 19.141589], [89.296161, 19.141589], [89.296161, 19.140216], [89.296848, 19.140216], [89.296848, 19.138843], [89.297534, 19.138843], [89.297534, 19.138156], [89.298221, 19.138156], [89.298221, 19.136783], [89.298907, 19.136783], [89.298907, 19.136096], [89.300281, 19.136096], [89.300281, 19.134723], [89.300967, 19.134723], [89.300967, 19.13335], [89.301654, 19.13335], [89.301654, 19.132663], [89.302341, 19.132663], [89.302341, 19.131976], [89.303027, 19.131976], [89.303027, 19.13129], [89.303714, 19.13129], [89.303714, 19.130603], [89.304401, 19.130603], [89.304401, 19.129916], [89.307147, 19.129916], [89.307147, 19.12923], [89.309894, 19.12923], [89.309894, 19.127856], [89.31058, 19.127856], [89.31058, 19.12717], [89.31264, 19.12717], [89.31264, 19.126483], [89.314014, 19.126483], [89.314014, 19.125797], [89.3147, 19.125797], [89.3147, 19.124423], [89.315387, 19.124423], [89.315387, 19.123737], [89.316074, 19.123737], [89.316074, 19.12305], [89.31676, 19.12305], [89.31676, 19.120303], [89.317447, 19.120303], [89.317447, 19.119617], [89.318134, 19.119617], [89.318134, 19.11893], [89.31882, 19.11893], [89.31882, 19.118243], [89.319507, 19.118243], [89.319507, 19.117557], [89.32088, 19.117557], [89.32088, 19.11687], [89.322253, 19.11687], [89.322253, 19.11481], [89.32294, 19.11481], [89.32294, 19.114124], [89.323627, 19.114124], [89.323627, 19.11275], [89.324313, 19.11275], [89.324313, 19.112064], [89.325, 19.112064], [89.325, 19.11069], [89.325687, 19.11069], [89.325687, 19.110004], [89.32706, 19.110004], [89.32706, 19.10863], [89.328433, 19.10863], [89.328433, 19.107944], [89.32912, 19.107944], [89.32912, 19.107257], [89.329807, 19.107257], [89.329807, 19.10657], [89.330493, 19.10657], [89.330493, 19.105197], [89.33118, 19.105197], [89.33118, 19.103137], [89.331866, 19.103137], [89.331866, 19.102451], [89.332553, 19.102451], [89.332553, 19.101077], [89.33324, 19.101077], [89.33324, 19.099704], [89.333926, 19.099704], [89.333926, 19.099017], [89.334613, 19.099017], [89.334613, 19.098331], [89.3353, 19.098331], [89.3353, 19.097644], [89.335986, 19.097644], [89.335986, 19.096271], [89.336673, 19.096271], [89.336673, 19.094211], [89.33736, 19.094211], [89.33736, 19.092838], [89.338733, 19.092838], [89.338733, 19.092151], [89.33942, 19.092151], [89.33942, 19.091464], [89.340106, 19.091464], [89.340106, 19.090091], [89.341479, 19.090091], [89.341479, 19.089404], [89.342166, 19.089404], [89.342166, 19.088031], [89.342853, 19.088031], [89.342853, 19.085971], [89.343539, 19.085971], [89.343539, 19.085284], [89.344226, 19.085284], [89.344226, 19.084598], [89.344913, 19.084598], [89.344913, 19.083224], [89.346286, 19.083224], [89.346286, 19.081851], [89.346973, 19.081851], [89.346973, 19.081165], [89.347659, 19.081165], [89.347659, 19.079791], [89.348346, 19.079791], [89.348346, 19.079105], [89.349033, 19.079105], [89.349033, 19.077731], [89.349719, 19.077731], [89.349719, 19.076358], [89.350406, 19.076358], [89.350406, 19.075671], [89.351093, 19.075671], [89.351093, 19.074985], [89.351779, 19.074985], [89.351779, 19.074298], [89.352466, 19.074298], [89.352466, 19.072925], [89.353839, 19.072925], [89.353839, 19.072238], [89.354526, 19.072238], [89.354526, 19.071552], [89.355212, 19.071552], [89.355212, 19.070865], [89.355899, 19.070865], [89.355899, 19.070178], [89.356586, 19.070178], [89.356586, 19.068118], [89.357272, 19.068118], [89.357272, 19.066745], [89.357959, 19.066745], [89.357959, 19.066058], [89.358646, 19.066058], [89.358646, 19.065372], [89.359332, 19.065372], [89.359332, 19.064685], [89.360019, 19.064685], [89.360019, 19.063312], [89.360706, 19.063312], [89.360706, 19.060565], [89.361392, 19.060565], [89.361392, 19.058505], [89.362079, 19.058505], [89.362079, 19.057819], [89.362766, 19.057819], [89.362766, 19.057132], [89.364825, 19.057132], [89.364825, 19.056445], [89.368259, 19.056445], [89.368259, 19.055759], [89.367572, 19.055759], [89.367572, 19.055072], [89.366885, 19.055072], [89.366885, 19.054385], [89.366199, 19.054385], [89.366199, 19.053699], [89.366885, 19.053699], [89.366885, 19.053012], [89.367572, 19.053012], [89.367572, 19.052325], [89.366885, 19.052325], [89.366885, 19.051639], [89.366199, 19.051639], [89.366199, 19.050266], [89.366885, 19.050266], [89.366885, 19.048892], [89.367572, 19.048892], [89.367572, 19.047519], [89.368259, 19.047519], [89.368259, 19.046146], [89.368945, 19.046146], [89.368945, 19.045459], [89.369632, 19.045459], [89.369632, 19.044772], [89.370319, 19.044772], [89.370319, 19.042026], [89.371005, 19.042026], [89.371005, 19.040652], [89.371692, 19.040652], [89.371692, 19.039279], [89.372379, 19.039279], [89.372379, 19.038593], [89.373752, 19.038593], [89.373752, 19.037219], [89.374438, 19.037219], [89.374438, 19.035159], [89.375125, 19.035159], [89.375125, 19.034473], [89.375812, 19.034473], [89.375812, 19.033099], [89.376498, 19.033099], [89.376498, 19.031726], [89.377185, 19.031726], [89.377185, 19.031039], [89.377872, 19.031039], [89.377872, 19.030353], [89.378558, 19.030353], [89.378558, 19.028293], [89.379245, 19.028293], [89.379245, 19.027606], [89.379932, 19.027606], [89.379932, 19.025546], [89.380618, 19.025546], [89.380618, 19.024173], [89.381305, 19.024173], [89.381305, 19.0228], [89.381992, 19.0228], [89.381992, 19.022113], [89.382678, 19.022113], [89.382678, 19.02074], [89.384052, 19.02074], [89.384052, 19.020053], [89.384738, 19.020053], [89.384738, 19.019366], [89.385425, 19.019366], [89.385425, 19.017993], [89.386111, 19.017993], [89.386111, 19.01456], [89.386798, 19.01456], [89.386798, 19.013873], [89.387485, 19.013873], [89.387485, 19.0125], [89.388171, 19.0125], [89.388171, 19.011127], [89.388858, 19.011127], [89.388858, 19.01044], [89.389545, 19.01044], [89.389545, 19.007693], [89.390231, 19.007693], [89.390231, 19.007007], [89.391605, 19.007007], [89.391605, 19.005634], [89.392291, 19.005634], [89.392291, 19.003574], [89.392978, 19.003574], [89.392978, 19.002887], [89.393665, 19.002887], [89.393665, 19.001514], [89.394351, 19.001514], [89.394351, 19.00014], [89.395038, 19.00014], [89.395038, 18.998767], [89.395724, 18.998767], [89.395724, 18.997394], [89.396411, 18.997394], [89.396411, 18.996707], [89.397098, 18.996707], [89.397098, 18.996021], [89.397784, 18.996021], [89.397784, 18.993961], [89.398471, 18.993961], [89.398471, 18.993274], [89.399158, 18.993274], [89.399158, 18.992587], [89.399844, 18.992587], [89.399844, 18.991901], [89.400531, 18.991901], [89.400531, 18.991214], [89.401218, 18.991214], [89.401218, 18.989841], [89.401904, 18.989841], [89.401904, 18.988467], [89.402591, 18.988467], [89.402591, 18.987094], [89.403278, 18.987094], [89.403278, 18.985721], [89.403964, 18.985721], [89.403964, 18.983661], [89.404651, 18.983661], [89.404651, 18.982974], [89.405338, 18.982974], [89.405338, 18.982288], [89.406024, 18.982288], [89.406024, 18.980914], [89.406711, 18.980914], [89.406711, 18.979541], [89.407397, 18.979541], [89.407397, 18.978854], [89.408084, 18.978854], [89.408084, 18.977481], [89.408771, 18.977481], [89.408771, 18.976794], [89.409457, 18.976794], [89.409457, 18.976108], [89.410144, 18.976108], [89.410144, 18.975421], [89.410831, 18.975421], [89.410831, 18.974048], [89.411517, 18.974048], [89.411517, 18.971988], [89.412204, 18.971988], [89.412204, 18.971301], [89.412891, 18.971301], [89.412891, 18.969241], [89.413577, 18.969241], [89.413577, 18.968555], [89.414264, 18.968555], [89.414264, 18.967868], [89.414951, 18.967868], [89.414951, 18.965808], [89.415637, 18.965808], [89.415637, 18.965121], [89.416324, 18.965121], [89.416324, 18.963062], [89.417697, 18.963062], [89.417697, 18.961688], [89.418384, 18.961688], [89.418384, 18.960315], [89.41907, 18.960315], [89.41907, 18.959628], [89.419757, 18.959628], [89.419757, 18.958255], [89.420444, 18.958255], [89.420444, 18.957568], [89.42113, 18.957568], [89.42113, 18.956195], [89.420444, 18.956195], [89.420444, 18.956882], [89.419757, 18.956882], [89.419757, 18.957568], [89.41907, 18.957568], [89.41907, 18.958255], [89.418384, 18.958255], [89.418384, 18.959628], [89.417697, 18.959628], [89.417697, 18.961002], [89.416324, 18.961002], [89.416324, 18.961688], [89.415637, 18.961688], [89.415637, 18.963062], [89.414951, 18.963062], [89.414951, 18.965121], [89.414264, 18.965121], [89.414264, 18.965808], [89.413577, 18.965808], [89.413577, 18.966495], [89.412891, 18.966495], [89.412891, 18.968555], [89.412204, 18.968555], [89.412204, 18.969241], [89.411517, 18.969241], [89.411517, 18.970615], [89.410831, 18.970615], [89.410831, 18.971988], [89.410144, 18.971988], [89.410144, 18.974048], [89.409457, 18.974048], [89.409457, 18.975421], [89.408771, 18.975421], [89.408771, 18.976108], [89.407397, 18.976108], [89.407397, 18.977481], [89.406711, 18.977481], [89.406711, 18.978854], [89.405338, 18.978854], [89.405338, 18.980914], [89.404651, 18.980914], [89.404651, 18.982288], [89.403964, 18.982288], [89.403964, 18.982974], [89.403278, 18.982974], [89.403278, 18.984348], [89.402591, 18.984348], [89.402591, 18.985721], [89.401904, 18.985721], [89.401904, 18.986407], [89.401218, 18.986407], [89.401218, 18.987781], [89.400531, 18.987781], [89.400531, 18.988467], [89.399844, 18.988467], [89.399844, 18.989154], [89.399158, 18.989154], [89.399158, 18.989841], [89.398471, 18.989841], [89.398471, 18.991901], [89.397784, 18.991901], [89.397784, 18.992587], [89.397098, 18.992587], [89.397098, 18.993274], [89.396411, 18.993274], [89.396411, 18.995334], [89.395724, 18.995334], [89.395724, 18.996021], [89.395038, 18.996021], [89.395038, 18.997394], [89.394351, 18.997394], [89.394351, 18.998767], [89.393665, 18.998767], [89.393665, 19.00014], [89.392978, 19.00014], [89.392978, 19.001514], [89.392291, 19.001514], [89.392291, 19.002887], [89.391605, 19.002887], [89.391605, 19.003574], [89.390231, 19.003574], [89.390231, 19.005634], [89.388858, 19.005634], [89.388858, 19.00632], [89.388171, 19.00632], [89.388171, 19.007693], [89.387485, 19.007693], [89.387485, 19.01044], [89.386798, 19.01044], [89.386798, 19.011127], [89.386111, 19.011127], [89.386111, 19.013187], [89.385425, 19.013187], [89.385425, 19.013873], [89.384738, 19.013873], [89.384738, 19.015933], [89.384052, 19.015933], [89.384052, 19.017307], [89.383365, 19.017307], [89.383365, 19.019366], [89.382678, 19.019366], [89.382678, 19.020053], [89.381305, 19.020053], [89.381305, 19.02074], [89.380618, 19.02074], [89.380618, 19.021426], [89.379932, 19.021426], [89.379932, 19.022113], [89.379245, 19.022113], [89.379245, 19.024173], [89.378558, 19.024173], [89.378558, 19.025546], [89.377872, 19.025546], [89.377872, 19.027606], [89.377185, 19.027606], [89.377185, 19.028979], [89.376498, 19.028979], [89.376498, 19.030353], [89.375812, 19.030353], [89.375812, 19.031039], [89.375125, 19.031039], [89.375125, 19.031726], [89.374438, 19.031726], [89.374438, 19.033786], [89.372379, 19.033786], [89.372379, 19.035846], [89.371692, 19.035846], [89.371692, 19.036533], [89.371005, 19.036533], [89.371005, 19.038593], [89.370319, 19.038593], [89.370319, 19.041339], [89.369632, 19.041339], [89.369632, 19.042026], [89.368945, 19.042026], [89.368945, 19.044772], [89.368259, 19.044772], [89.368259, 19.045459], [89.366885, 19.045459], [89.366885, 19.046832], [89.366199, 19.046832], [89.366199, 19.047519], [89.365512, 19.047519], [89.365512, 19.048206], [89.364139, 19.048206], [89.364139, 19.050952], [89.363452, 19.050952], [89.363452, 19.051639], [89.362766, 19.051639], [89.362766, 19.053012], [89.362079, 19.053012], [89.362079, 19.053699], [89.360706, 19.053699], [89.360706, 19.054385], [89.360019, 19.054385], [89.360019, 19.055072], [89.357959, 19.055072], [89.357959, 19.055759], [89.358646, 19.055759], [89.358646, 19.056445], [89.360706, 19.056445], [89.360706, 19.057819], [89.360019, 19.057819], [89.360019, 19.059879], [89.359332, 19.059879], [89.359332, 19.062625], [89.358646, 19.062625], [89.358646, 19.063312], [89.357959, 19.063312], [89.357959, 19.063998], [89.357272, 19.063998], [89.357272, 19.065372], [89.356586, 19.065372], [89.356586, 19.066058], [89.355899, 19.066058], [89.355899, 19.066745], [89.355212, 19.066745], [89.355212, 19.067432], [89.354526, 19.067432], [89.354526, 19.068118], [89.353839, 19.068118], [89.353839, 19.068805], [89.353152, 19.068805], [89.353152, 19.070865], [89.352466, 19.070865], [89.352466, 19.072238], [89.351779, 19.072238], [89.351779, 19.072925], [89.351093, 19.072925], [89.351093, 19.073611], [89.349719, 19.073611], [89.349719, 19.074298], [89.349033, 19.074298], [89.349033, 19.074985], [89.348346, 19.074985], [89.348346, 19.075671], [89.347659, 19.075671], [89.347659, 19.076358], [89.346973, 19.076358], [89.346973, 19.078418], [89.346286, 19.078418], [89.346286, 19.079105], [89.345599, 19.079105], [89.345599, 19.079791], [89.344913, 19.079791], [89.344913, 19.080478], [89.344226, 19.080478], [89.344226, 19.081851], [89.343539, 19.081851], [89.343539, 19.082538], [89.342853, 19.082538], [89.342853, 19.084598], [89.342166, 19.084598], [89.342166, 19.085284], [89.341479, 19.085284], [89.341479, 19.085971], [89.340793, 19.085971], [89.340793, 19.086658], [89.340106, 19.086658], [89.340106, 19.088031], [89.33942, 19.088031], [89.33942, 19.088718], [89.338733, 19.088718], [89.338733, 19.089404], [89.33736, 19.089404], [89.33736, 19.090091], [89.336673, 19.090091], [89.336673, 19.092151], [89.335986, 19.092151], [89.335986, 19.092838], [89.334613, 19.092838], [89.334613, 19.094211], [89.333926, 19.094211], [89.333926, 19.095584], [89.33324, 19.095584], [89.33324, 19.096957], [89.332553, 19.096957], [89.332553, 19.098331], [89.331866, 19.098331], [89.331866, 19.099017], [89.33118, 19.099017], [89.33118, 19.099704], [89.330493, 19.099704], [89.330493, 19.101077], [89.329807, 19.101077], [89.329807, 19.101764], [89.32912, 19.101764], [89.32912, 19.102451], [89.327747, 19.102451], [89.327747, 19.103824], [89.32706, 19.103824], [89.32706, 19.105884], [89.326373, 19.105884], [89.326373, 19.10657], [89.325, 19.10657], [89.325, 19.107944], [89.324313, 19.107944], [89.324313, 19.10863], [89.323627, 19.10863], [89.323627, 19.110004], [89.32294, 19.110004], [89.32294, 19.11069], [89.322253, 19.11069], [89.322253, 19.112064], [89.32088, 19.112064], [89.32088, 19.11275], [89.319507, 19.11275], [89.319507, 19.115497], [89.31882, 19.115497], [89.31882, 19.116183], [89.317447, 19.116183], [89.317447, 19.11687], [89.31676, 19.11687], [89.31676, 19.11893], [89.315387, 19.11893], [89.315387, 19.119617], [89.314014, 19.119617], [89.314014, 19.121677], [89.313327, 19.121677], [89.313327, 19.123737], [89.31264, 19.123737], [89.31264, 19.12511], [89.31058, 19.12511], [89.31058, 19.125797], [89.309894, 19.125797], [89.309894, 19.126483], [89.307147, 19.126483], [89.307147, 19.127856], [89.306461, 19.127856], [89.306461, 19.128543], [89.305774, 19.128543], [89.305774, 19.12923], [89.302341, 19.12923], [89.302341, 19.129916], [89.301654, 19.129916], [89.301654, 19.130603], [89.300967, 19.130603], [89.300967, 19.131976], [89.299594, 19.131976], [89.299594, 19.132663], [89.298907, 19.132663], [89.298907, 19.13335], [89.298221, 19.13335], [89.298221, 19.13541], [89.296848, 19.13541], [89.296848, 19.136783], [89.296161, 19.136783], [89.296161, 19.138156], [89.294788, 19.138156], [89.294788, 19.138843], [89.293414, 19.138843], [89.293414, 19.140903], [89.292728, 19.140903], [89.292728, 19.141589], [89.292041, 19.141589], [89.292041, 19.142276], [89.290668, 19.142276], [89.290668, 19.142963], [89.289981, 19.142963], [89.289981, 19.143649], [89.289294, 19.143649], [89.289294, 19.145023], [89.287921, 19.145023], [89.287921, 19.147083], [89.287234, 19.147083], [89.287234, 19.149142], [89.286548, 19.149142], [89.286548, 19.150516], [89.285861, 19.150516], [89.285861, 19.151889], [89.283801, 19.151889], [89.283801, 19.152576], [89.283115, 19.152576], [89.283115, 19.153262], [89.282428, 19.153262], [89.282428, 19.153949], [89.281741, 19.153949], [89.281741, 19.154636], [89.281055, 19.154636], [89.281055, 19.155322], [89.280368, 19.155322], [89.280368, 19.156009], [89.279681, 19.156009], [89.279681, 19.156696], [89.278995, 19.156696], [89.278995, 19.158069], [89.278308, 19.158069], [89.278308, 19.158755], [89.276248, 19.158755], [89.276248, 19.160129], [89.275562, 19.160129], [89.275562, 19.160815], [89.274875, 19.160815], [89.274875, 19.161502], [89.274188, 19.161502], [89.274188, 19.162189], [89.272815, 19.162189], [89.272815, 19.163562], [89.272128, 19.163562], [89.272128, 19.164935], [89.271442, 19.164935], [89.271442, 19.166309], [89.270755, 19.166309], [89.270755, 19.167682], [89.270068, 19.167682], [89.270068, 19.168369], [89.269382, 19.168369], [89.269382, 19.169055], [89.268008, 19.169055], [89.268008, 19.169742], [89.267322, 19.169742], [89.267322, 19.171115], [89.266635, 19.171115], [89.266635, 19.171802], [89.265948, 19.171802], [89.265948, 19.173862], [89.265262, 19.173862], [89.265262, 19.174548], [89.263889, 19.174548], [89.263889, 19.176608], [89.263202, 19.176608], [89.263202, 19.178668], [89.261829, 19.178668], [89.261829, 19.180728], [89.260455, 19.180728], [89.260455, 19.181415], [89.259769, 19.181415], [89.259769, 19.182101], [89.259082, 19.182101], [89.259082, 19.182788], [89.257709, 19.182788], [89.257709, 19.184848], [89.256335, 19.184848], [89.256335, 19.185535], [89.255649, 19.185535], [89.255649, 19.186221], [89.254962, 19.186221], [89.254962, 19.187595], [89.254276, 19.187595], [89.254276, 19.188281], [89.253589, 19.188281], [89.253589, 19.188968], [89.252902, 19.188968], [89.252902, 19.189655], [89.252216, 19.189655], [89.252216, 19.191028], [89.250842, 19.191028], [89.250842, 19.193088], [89.249469, 19.193088], [89.249469, 19.194461], [89.248782, 19.194461], [89.248782, 19.195148], [89.247409, 19.195148], [89.247409, 19.195834], [89.246722, 19.195834], [89.246722, 19.197208], [89.246036, 19.197208], [89.246036, 19.197894], [89.245349, 19.197894], [89.245349, 19.198581], [89.244662, 19.198581], [89.244662, 19.199268], [89.243976, 19.199268], [89.243976, 19.202701], [89.243289, 19.202701], [89.243289, 19.203387], [89.243976, 19.203387], [89.243976, 19.204074], [89.243289, 19.204074], [89.243289, 19.205447], [89.241916, 19.205447], [89.241916, 19.206821], [89.240543, 19.206821], [89.240543, 19.207507], [89.239856, 19.207507], [89.239856, 19.208194], [89.238483, 19.208194], [89.238483, 19.208881], [89.237796, 19.208881], [89.237796, 19.210941], [89.237109, 19.210941], [89.237109, 19.211627], [89.236423, 19.211627], [89.236423, 19.212314], [89.235049, 19.212314], [89.235049, 19.213687], [89.234363, 19.213687], [89.234363, 19.21506], [89.23299, 19.21506], [89.23299, 19.215747], [89.232303, 19.215747], [89.232303, 19.216434], [89.231616, 19.216434], [89.231616, 19.217807], [89.230243, 19.217807], [89.230243, 19.219867], [89.229556, 19.219867], [89.229556, 19.22124], [89.22887, 19.22124], [89.22887, 19.221927], [89.228183, 19.221927], [89.228183, 19.222614], [89.227496, 19.222614], [89.227496, 19.2233], [89.226123, 19.2233], [89.226123, 19.224673], [89.22475, 19.224673], [89.22475, 19.226047], [89.223376, 19.226047], [89.223376, 19.226733], [89.22269, 19.226733], [89.22269, 19.228107], [89.222003, 19.228107], [89.222003, 19.228793], [89.221317, 19.228793], [89.221317, 19.230853], [89.22063, 19.230853], [89.22063, 19.23154], [89.219943, 19.23154], [89.219943, 19.232227], [89.219257, 19.232227], [89.219257, 19.232913], [89.217883, 19.232913], [89.217883, 19.234286], [89.21651, 19.234286], [89.21651, 19.234973], [89.215823, 19.234973], [89.215823, 19.238406], [89.21445, 19.238406], [89.21445, 19.23978], [89.213763, 19.23978], [89.213763, 19.241153], [89.213077, 19.241153], [89.213077, 19.24184], [89.21239, 19.24184], [89.21239, 19.242526], [89.211703, 19.242526], [89.211703, 19.244586], [89.21033, 19.244586], [89.21033, 19.245273], [89.209644, 19.245273], [89.209644, 19.245959], [89.208957, 19.245959], [89.208957, 19.246646], [89.20827, 19.246646], [89.20827, 19.247333], [89.206897, 19.247333], [89.206897, 19.248019], [89.20621, 19.248019], [89.20621, 19.248706], [89.205524, 19.248706], [89.205524, 19.250766], [89.204837, 19.250766], [89.204837, 19.251453], [89.20415, 19.251453], [89.20415, 19.252139], [89.203464, 19.252139], [89.203464, 19.252826], [89.202777, 19.252826], [89.202777, 19.254886], [89.201404, 19.254886], [89.201404, 19.255573], [89.200717, 19.255573], [89.200717, 19.256946], [89.200031, 19.256946], [89.200031, 19.257632], [89.199344, 19.257632], [89.199344, 19.258319], [89.198657, 19.258319], [89.198657, 19.259006], [89.196597, 19.259006], [89.196597, 19.259692], [89.195911, 19.259692], [89.195911, 19.261066], [89.194537, 19.261066], [89.194537, 19.263126], [89.193851, 19.263126], [89.193851, 19.262439], [89.193164, 19.262439], [89.193164, 19.263812], [89.193851, 19.263812], [89.193851, 19.265872], [89.193164, 19.265872], [89.193164, 19.266559], [89.193851, 19.266559], [89.193851, 19.268619], [89.193164, 19.268619], [89.193164, 19.270679], [89.192477, 19.270679], [89.192477, 19.271365], [89.191791, 19.271365], [89.191791, 19.272052], [89.191104, 19.272052], [89.191104, 19.272739], [89.191791, 19.272739], [89.191791, 19.273425], [89.191104, 19.273425], [89.191104, 19.275485], [89.190417, 19.275485], [89.190417, 19.277545], [89.189731, 19.277545], [89.189731, 19.278918], [89.187671, 19.278918], [89.187671, 19.280978], [89.186984, 19.280978], [89.186984, 19.281665], [89.185611, 19.281665], [89.185611, 19.282352], [89.183551, 19.282352], [89.183551, 19.283038], [89.182864, 19.283038], [89.182864, 19.283725], [89.182178, 19.283725], [89.182178, 19.284412], [89.181491, 19.284412], [89.181491, 19.285098], [89.179431, 19.285098], [89.179431, 19.285785], [89.178745, 19.285785], [89.178745, 19.286472], [89.177371, 19.286472], [89.177371, 19.287158], [89.176685, 19.287158], [89.176685, 19.287845], [89.175311, 19.287845], [89.175311, 19.288531], [89.174625, 19.288531], [89.174625, 19.289218], [89.173938, 19.289218], [89.173938, 19.291278], [89.172565, 19.291278], [89.172565, 19.292651], [89.171878, 19.292651], [89.171878, 19.293338], [89.171191, 19.293338], [89.171191, 19.294711], [89.170505, 19.294711], [89.170505, 19.295398], [89.169818, 19.295398], [89.169818, 19.296085], [89.169131, 19.296085], [89.169131, 19.297458], [89.167758, 19.297458], [89.167758, 19.300204], [89.167072, 19.300204], [89.167072, 19.301578], [89.165698, 19.301578], [89.165698, 19.303638], [89.165012, 19.303638], [89.165012, 19.304324], [89.163638, 19.304324], [89.163638, 19.307071], [89.162952, 19.307071], [89.162952, 19.307758], [89.161578, 19.307758], [89.161578, 19.308444], [89.160205, 19.308444], [89.160205, 19.309818], [89.158832, 19.309818], [89.158832, 19.310504], [89.159518, 19.310504], [89.159518, 19.311191], [89.158145, 19.311191], [89.158145, 19.312564], [89.157458, 19.312564], [89.157458, 19.313251], [89.156772, 19.313251], [89.156772, 19.313937], [89.156085, 19.313937], [89.156085, 19.314624], [89.154712, 19.314624], [89.154712, 19.315311], [89.153339, 19.315311], [89.153339, 19.315997], [89.152652, 19.315997], [89.152652, 19.317371], [89.151965, 19.317371], [89.151965, 19.318057], [89.150592, 19.318057], [89.150592, 19.318744], [89.149905, 19.318744], [89.149905, 19.319431], [89.149219, 19.319431], [89.149219, 19.320117], [89.148532, 19.320117], [89.148532, 19.320804], [89.147845, 19.320804], [89.147845, 19.32149], [89.147159, 19.32149], [89.147159, 19.322177], [89.145786, 19.322177], [89.145786, 19.322864], [89.145099, 19.322864], [89.145099, 19.32355], [89.143726, 19.32355], [89.143726, 19.32561], [89.143039, 19.32561], [89.143039, 19.326297], [89.142352, 19.326297], [89.142352, 19.326984], [89.140979, 19.326984], [89.140979, 19.329044], [89.140292, 19.329044], [89.140292, 19.33179], [89.139606, 19.33179], [89.139606, 19.333163], [89.138919, 19.333163], [89.138919, 19.33385], [89.138232, 19.33385], [89.138232, 19.334537], [89.136859, 19.334537], [89.136859, 19.33591], [89.135486, 19.33591], [89.135486, 19.337283], [89.134799, 19.337283], [89.134799, 19.33797], [89.133426, 19.33797], [89.133426, 19.338657], [89.132739, 19.338657], [89.132739, 19.34003], [89.131366, 19.34003], [89.131366, 19.341403], [89.130679, 19.341403], [89.130679, 19.342776], [89.129993, 19.342776], [89.129993, 19.34415], [89.128619, 19.34415], [89.128619, 19.344836], [89.127246, 19.344836], [89.127246, 19.34621], [89.127933, 19.34621], [89.127933, 19.346896], [89.127246, 19.346896], [89.127246, 19.347583], [89.125873, 19.347583], [89.125873, 19.348956], [89.125186, 19.348956], [89.125186, 19.349643], [89.1245, 19.349643], [89.1245, 19.353076], [89.125186, 19.353076], [89.125186, 19.354449], [89.1245, 19.354449], [89.1245, 19.355136], [89.123813, 19.355136], [89.123813, 19.355823], [89.123126, 19.355823], [89.123126, 19.356509], [89.12244, 19.356509], [89.12244, 19.358569], [89.121753, 19.358569], [89.121753, 19.359256], [89.12038, 19.359256], [89.12038, 19.359943], [89.119006, 19.359943], [89.119006, 19.363376], [89.12038, 19.363376], [89.12038, 19.364062], [89.119006, 19.364062], [89.119006, 19.364749], [89.117633, 19.364749], [89.117633, 19.365436], [89.116946, 19.365436], [89.116946, 19.364062], [89.11626, 19.364062], [89.11626, 19.363376], [89.115573, 19.363376], [89.115573, 19.364749], [89.114886, 19.364749], [89.114886, 19.366122], [89.115573, 19.366122], [89.115573, 19.366809], [89.114886, 19.366809], [89.114886, 19.367496], [89.1142, 19.367496], [89.1142, 19.368869], [89.114886, 19.368869], [89.114886, 19.369556], [89.1142, 19.369556], [89.1142, 19.370929], [89.113513, 19.370929], [89.113513, 19.371616], [89.112827, 19.371616], [89.112827, 19.372302], [89.11214, 19.372302], [89.11214, 19.372989], [89.112827, 19.372989], [89.112827, 19.373676], [89.11214, 19.373676], [89.11214, 19.377795], [89.11008, 19.377795], [89.11008, 19.378482], [89.108707, 19.378482], [89.108707, 19.379169], [89.10802, 19.379169], [89.10802, 19.380542], [89.108707, 19.380542], [89.108707, 19.381915], [89.106647, 19.381915], [89.106647, 19.383975], [89.10596, 19.383975], [89.10596, 19.384662], [89.1039, 19.384662], [89.1039, 19.385349], [89.104587, 19.385349], [89.104587, 19.386722], [89.103214, 19.386722], [89.103214, 19.388095], [89.102527, 19.388095], [89.102527, 19.388782], [89.10184, 19.388782], [89.10184, 19.390155], [89.101154, 19.390155], [89.101154, 19.390842], [89.09978, 19.390842], [89.09978, 19.391528], [89.098407, 19.391528], [89.098407, 19.392902], [89.09772, 19.392902], [89.09772, 19.393588], [89.097034, 19.393588], [89.097034, 19.394275], [89.09566, 19.394275], [89.09566, 19.395648], [89.094287, 19.395648], [89.094287, 19.397021], [89.0936, 19.397021], [89.0936, 19.397708], [89.091541, 19.397708], [89.091541, 19.398395], [89.090167, 19.398395], [89.090167, 19.399081], [89.089481, 19.399081], [89.089481, 19.399768], [89.088794, 19.399768], [89.088794, 19.400455], [89.088107, 19.400455], [89.088107, 19.401141], [89.087421, 19.401141], [89.087421, 19.401828], [89.086047, 19.401828], [89.086047, 19.402515], [89.085361, 19.402515], [89.085361, 19.403201], [89.084674, 19.403201], [89.084674, 19.405261], [89.083987, 19.405261], [89.083987, 19.406635], [89.081927, 19.406635], [89.081927, 19.407321], [89.081241, 19.407321], [89.081241, 19.408008], [89.080554, 19.408008], [89.080554, 19.408694], [89.079181, 19.408694], [89.079181, 19.409381], [89.077808, 19.409381], [89.077808, 19.410068], [89.077121, 19.410068], [89.077121, 19.410754], [89.076434, 19.410754], [89.076434, 19.415561], [89.077121, 19.415561], [89.077121, 19.416248], [89.079181, 19.416248], [89.079181, 19.415561], [89.082614, 19.415561], [89.082614, 19.416248], [89.083987, 19.416248], [89.083987, 19.416934], [89.084674, 19.416934], [89.084674, 19.417621], [89.083987, 19.417621], [89.083987, 19.418307], [89.084674, 19.418307], [89.084674, 19.418994], [89.085361, 19.418994], [89.085361, 19.421741], [89.084674, 19.421741], [89.084674, 19.422427], [89.083987, 19.422427], [89.083987, 19.423114], [89.081927, 19.423114], [89.081927, 19.423801], [89.083987, 19.423801], [89.083987, 19.424487], [89.084674, 19.424487], [89.084674, 19.425861], [89.083987, 19.425861], [89.083987, 19.426547], [89.082614, 19.426547], [89.082614, 19.427234], [89.081927, 19.427234], [89.081927, 19.427921], [89.081241, 19.427921], [89.081241, 19.428607], [89.080554, 19.428607], [89.080554, 19.429294], [89.079868, 19.429294], [89.079868, 19.42998], [89.079181, 19.42998], [89.079181, 19.431354], [89.077121, 19.431354], [89.077121, 19.43204], [89.076434, 19.43204], [89.076434, 19.433414], [89.075748, 19.433414], [89.075748, 19.4341], [89.075061, 19.4341], [89.075061, 19.436847], [89.074374, 19.436847], [89.074374, 19.43616], [89.073688, 19.43616], [89.073688, 19.435474], [89.072314, 19.435474], [89.072314, 19.43616], [89.070941, 19.43616], [89.070941, 19.438907], [89.069568, 19.438907], [89.069568, 19.439594], [89.067508, 19.439594], [89.067508, 19.441653], [89.066821, 19.441653], [89.066821, 19.44234], [89.065448, 19.44234], [89.065448, 19.443027], [89.063388, 19.443027], [89.063388, 19.4444], [89.064075, 19.4444], [89.064075, 19.445773], [89.063388, 19.445773], [89.063388, 19.447147], [89.062701, 19.447147], [89.062701, 19.44852], [89.062015, 19.44852], [89.062015, 19.449207], [89.061328, 19.449207], [89.061328, 19.451266], [89.062701, 19.451266], [89.062701, 19.45264], [89.062015, 19.45264], [89.062015, 19.453326], [89.061328, 19.453326], [89.061328, 19.45264], [89.058582, 19.45264], [89.058582, 19.453326], [89.057895, 19.453326], [89.057895, 19.4547], [89.055835, 19.4547], [89.055835, 19.455386], [89.054462, 19.455386], [89.054462, 19.45676], [89.053775, 19.45676], [89.053775, 19.457446], [89.054462, 19.457446], [89.054462, 19.458133], [89.053775, 19.458133], [89.053775, 19.45882], [89.051028, 19.45882], [89.051028, 19.459506], [89.050342, 19.459506], [89.050342, 19.461566], [89.049655, 19.461566], [89.049655, 19.462253], [89.046909, 19.462253], [89.046909, 19.462939], [89.045535, 19.462939], [89.045535, 19.463626], [89.046222, 19.463626], [89.046222, 19.464313], [89.045535, 19.464313], [89.045535, 19.464999], [89.044849, 19.464999], [89.044849, 19.465686], [89.042789, 19.465686], [89.042789, 19.466373], [89.042102, 19.466373], [89.042102, 19.467746], [89.040729, 19.467746], [89.040729, 19.469119], [89.042102, 19.469119], [89.042102, 19.469806], [89.041415, 19.469806], [89.041415, 19.470493], [89.040729, 19.470493], [89.040729, 19.471179], [89.040042, 19.471179], [89.040042, 19.471866], [89.040729, 19.471866], [89.040729, 19.473926], [89.040042, 19.473926], [89.040042, 19.474612], [89.038669, 19.474612], [89.038669, 19.475299], [89.037296, 19.475299], [89.037296, 19.475986], [89.035922, 19.475986], [89.035922, 19.476672], [89.035236, 19.476672], [89.035236, 19.477359], [89.033862, 19.477359], [89.033862, 19.476672], [89.034549, 19.476672], [89.034549, 19.475986], [89.035236, 19.475986], [89.035236, 19.474612], [89.036609, 19.474612], [89.036609, 19.473926], [89.037296, 19.473926], [89.037296, 19.472552], [89.037982, 19.472552], [89.037982, 19.471866], [89.036609, 19.471866], [89.036609, 19.471179], [89.035236, 19.471179], [89.035236, 19.472552], [89.034549, 19.472552], [89.034549, 19.474612], [89.033176, 19.474612], [89.033176, 19.475299], [89.033862, 19.475299], [89.033862, 19.475986], [89.033176, 19.475986], [89.033176, 19.476672], [89.032489, 19.476672], [89.032489, 19.477359], [89.031802, 19.477359], [89.031802, 19.478046], [89.031116, 19.478046], [89.031116, 19.479419], [89.031802, 19.479419], [89.031802, 19.480106], [89.031116, 19.480106], [89.031116, 19.480792], [89.029742, 19.480792], [89.029742, 19.481479], [89.029056, 19.481479], [89.029056, 19.483539], [89.026309, 19.483539], [89.026309, 19.484225], [89.025623, 19.484225], [89.025623, 19.484912], [89.024936, 19.484912], [89.024936, 19.485599], [89.024249, 19.485599], [89.024249, 19.486285], [89.023563, 19.486285], [89.023563, 19.486972], [89.022876, 19.486972], [89.022876, 19.487659], [89.020816, 19.487659], [89.020816, 19.488345], [89.020129, 19.488345], [89.020129, 19.489032], [89.020816, 19.489032], [89.020816, 19.489719], [89.020129, 19.489719], [89.020129, 19.490405], [89.018069, 19.490405], [89.018069, 19.492465], [89.017383, 19.492465], [89.017383, 19.493152], [89.016696, 19.493152], [89.016696, 19.493839], [89.01601, 19.493839], [89.01601, 19.493152], [89.014636, 19.493152], [89.014636, 19.494525], [89.01395, 19.494525], [89.01395, 19.493839], [89.013263, 19.493839], [89.013263, 19.494525], [89.012576, 19.494525], [89.012576, 19.493152], [89.011203, 19.493152], [89.011203, 19.495212], [89.010516, 19.495212], [89.010516, 19.495898], [89.00983, 19.495898], [89.00983, 19.496585], [89.008456, 19.496585], [89.008456, 19.497958], [89.009143, 19.497958], [89.009143, 19.498645], [89.008456, 19.498645], [89.008456, 19.499332], [89.00777, 19.499332], [89.00777, 19.498645], [89.007083, 19.498645], [89.007083, 19.497958], [89.006396, 19.497958], [89.006396, 19.498645], [89.00571, 19.498645], [89.00571, 19.499332], [89.005023, 19.499332], [89.005023, 19.500018], [89.004337, 19.500018], [89.004337, 19.500705], [89.002963, 19.500705], [89.002963, 19.501392], [88.99953, 19.501392], [88.99953, 19.502078], [88.998843, 19.502078], [88.998843, 19.502765], [88.998157, 19.502765], [88.998157, 19.504138], [88.994724, 19.504138], [88.994724, 19.506885], [88.994037, 19.506885], [88.994037, 19.507571], [88.99335, 19.507571], [88.99335, 19.506885], [88.992664, 19.506885], [88.992664, 19.507571], [88.991977, 19.507571], [88.991977, 19.509631], [88.99129, 19.509631], [88.99129, 19.510318], [88.989917, 19.510318], [88.989917, 19.511005], [88.988544, 19.511005], [88.988544, 19.511691], [88.987857, 19.511691], [88.987857, 19.514438], [88.98717, 19.514438], [88.98717, 19.515125], [88.986484, 19.515125], [88.986484, 19.515811], [88.985797, 19.515811], [88.985797, 19.516498], [88.98511, 19.516498], [88.98511, 19.517871], [88.984424, 19.517871], [88.984424, 19.518558], [88.983737, 19.518558], [88.983737, 19.519244], [88.983051, 19.519244], [88.983051, 19.519931], [88.982364, 19.519931], [88.982364, 19.520618], [88.981677, 19.520618], [88.981677, 19.521991], [88.980304, 19.521991], [88.980304, 19.523364], [88.980991, 19.523364], [88.980991, 19.524738], [88.980304, 19.524738], [88.980304, 19.526111], [88.980991, 19.526111], [88.980991, 19.527484], [88.978931, 19.527484], [88.978931, 19.528171], [88.978244, 19.528171], [88.978244, 19.528857], [88.977557, 19.528857], [88.977557, 19.531604], [88.978244, 19.531604], [88.978244, 19.532291], [88.976871, 19.532291], [88.976871, 19.532977], [88.974811, 19.532977], [88.974811, 19.534351], [88.972751, 19.534351], [88.972751, 19.54053], [88.971378, 19.54053], [88.971378, 19.539844], [88.970691, 19.539844], [88.970691, 19.54053], [88.970004, 19.54053], [88.970004, 19.541217], [88.967258, 19.541217], [88.967258, 19.54259], [88.966571, 19.54259], [88.966571, 19.54465], [88.965884, 19.54465], [88.965884, 19.543964], [88.965198, 19.543964], [88.965198, 19.54465], [88.964511, 19.54465], [88.964511, 19.545337], [88.965198, 19.545337], [88.965198, 19.546024], [88.966571, 19.546024], [88.966571, 19.54671], [88.965884, 19.54671], [88.965884, 19.547397], [88.965198, 19.547397], [88.965198, 19.548083], [88.964511, 19.548083], [88.964511, 19.54877], [88.963824, 19.54877], [88.963824, 19.550143], [88.963138, 19.550143], [88.963138, 19.55083], [88.962451, 19.55083], [88.962451, 19.551517], [88.961765, 19.551517], [88.961765, 19.55289], [88.961078, 19.55289], [88.961078, 19.553577], [88.959018, 19.553577], [88.959018, 19.554263], [88.958331, 19.554263], [88.958331, 19.55495], [88.956958, 19.55495], [88.956958, 19.555637], [88.957645, 19.555637], [88.957645, 19.55701], [88.956271, 19.55701], [88.956271, 19.557697], [88.955585, 19.557697], [88.955585, 19.55907], [88.954898, 19.55907], [88.954898, 19.559756], [88.954211, 19.559756], [88.954211, 19.560443], [88.952838, 19.560443], [88.952838, 19.56319], [88.952151, 19.56319], [88.952151, 19.563876], [88.950092, 19.563876], [88.950092, 19.564563], [88.948032, 19.564563], [88.948032, 19.56525], [88.947345, 19.56525], [88.947345, 19.566623], [88.948032, 19.566623], [88.948032, 19.56731], [88.945285, 19.56731], [88.945285, 19.567996], [88.944598, 19.567996], [88.944598, 19.571429], [88.945972, 19.571429], [88.945972, 19.573489], [88.945285, 19.573489], [88.945285, 19.572803], [88.944598, 19.572803], [88.944598, 19.574176], [88.943225, 19.574176], [88.943225, 19.574863], [88.942538, 19.574863], [88.942538, 19.575549], [88.943225, 19.575549], [88.943225, 19.576236], [88.944598, 19.576236], [88.944598, 19.575549], [88.946658, 19.575549], [88.946658, 19.576236], [88.945285, 19.576236], [88.945285, 19.576923], [88.943912, 19.576923], [88.943912, 19.577609], [88.941165, 19.577609], [88.941165, 19.578296], [88.940479, 19.578296], [88.940479, 19.578983], [88.939105, 19.578983], [88.939105, 19.581042], [88.936359, 19.581042], [88.936359, 19.581729], [88.934985, 19.581729], [88.934985, 19.585162], [88.935672, 19.585162], [88.935672, 19.585849], [88.936359, 19.585849], [88.936359, 19.585162], [88.937045, 19.585162], [88.937045, 19.586536], [88.935672, 19.586536], [88.935672, 19.587222], [88.934985, 19.587222], [88.934985, 19.587909], [88.934299, 19.587909], [88.934299, 19.588596], [88.933612, 19.588596], [88.933612, 19.589969], [88.934299, 19.589969], [88.934299, 19.590656], [88.931552, 19.590656], [88.931552, 19.591342], [88.930865, 19.591342], [88.930865, 19.592029], [88.931552, 19.592029], [88.931552, 19.595462], [88.930865, 19.595462], [88.930865, 19.594775], [88.929492, 19.594775], [88.929492, 19.596149], [88.931552, 19.596149], [88.931552, 19.597522], [88.930179, 19.597522], [88.930179, 19.598209], [88.928119, 19.598209], [88.928119, 19.598895], [88.925372, 19.598895], [88.925372, 19.599582], [88.924686, 19.599582], [88.924686, 19.598895], [88.923999, 19.598895], [88.923999, 19.599582], [88.923312, 19.599582], [88.923312, 19.600269], [88.922626, 19.600269], [88.922626, 19.601642], [88.921939, 19.601642], [88.921939, 19.602328], [88.921252, 19.602328], [88.921252, 19.603015], [88.920566, 19.603015], [88.920566, 19.603702], [88.919879, 19.603702], [88.919879, 19.604388], [88.920566, 19.604388], [88.920566, 19.605075], [88.921252, 19.605075], [88.921252, 19.607135], [88.920566, 19.607135], [88.920566, 19.607822], [88.919879, 19.607822], [88.919879, 19.608508], [88.919193, 19.608508], [88.919193, 19.609195], [88.918506, 19.609195], [88.918506, 19.609882], [88.917819, 19.609882], [88.917819, 19.611255], [88.917133, 19.611255], [88.917133, 19.612628], [88.914386, 19.612628], [88.914386, 19.613315], [88.913699, 19.613315], [88.913699, 19.614001], [88.913013, 19.614001], [88.913013, 19.615375], [88.912326, 19.615375], [88.912326, 19.616748], [88.911639, 19.616748], [88.911639, 19.617435], [88.910953, 19.617435], [88.910953, 19.618808], [88.911639, 19.618808], [88.911639, 19.619495], [88.910953, 19.619495], [88.910953, 19.620181], [88.910266, 19.620181], [88.910266, 19.620868], [88.909579, 19.620868], [88.909579, 19.623615], [88.908893, 19.623615], [88.908893, 19.624988], [88.908206, 19.624988], [88.908206, 19.626361], [88.90752, 19.626361], [88.90752, 19.627048], [88.906833, 19.627048], [88.906833, 19.627734], [88.906146, 19.627734], [88.906146, 19.629794], [88.904773, 19.629794], [88.904773, 19.630481], [88.9034, 19.630481], [88.9034, 19.631854], [88.902713, 19.631854], [88.902713, 19.632541], [88.902026, 19.632541], [88.902026, 19.633228], [88.90134, 19.633228], [88.90134, 19.636661], [88.900653, 19.636661], [88.900653, 19.637347], [88.899966, 19.637347], [88.899966, 19.638721], [88.898593, 19.638721], [88.898593, 19.639407], [88.89928, 19.639407], [88.89928, 19.640094], [88.897906, 19.640094], [88.897906, 19.641467], [88.89722, 19.641467], [88.89722, 19.643527], [88.896533, 19.643527], [88.896533, 19.644214], [88.89516, 19.644214], [88.89516, 19.644901], [88.894473, 19.644901], [88.894473, 19.646274], [88.893787, 19.646274], [88.893787, 19.64696], [88.8931, 19.64696], [88.8931, 19.647647], [88.891727, 19.647647], [88.891727, 19.648334], [88.890353, 19.648334], [88.890353, 19.64902], [88.889667, 19.64902], [88.889667, 19.649707], [88.88898, 19.649707], [88.88898, 19.650394], [88.887607, 19.650394], [88.887607, 19.65108], [88.88692, 19.65108], [88.88692, 19.652454], [88.887607, 19.652454], [88.887607, 19.65314], [88.88692, 19.65314], [88.88692, 19.654514], [88.886234, 19.654514], [88.886234, 19.6552], [88.885547, 19.6552], [88.885547, 19.656573], [88.88486, 19.656573], [88.88486, 19.65726], [88.889667, 19.65726], [88.889667, 19.656573], [88.890353, 19.656573], [88.890353, 19.657947], [88.88898, 19.657947], [88.88898, 19.658633], [88.889667, 19.658633], [88.889667, 19.65932], [88.888293, 19.65932], [88.888293, 19.660693], [88.887607, 19.660693], [88.887607, 19.66138], [88.88692, 19.66138], [88.88692, 19.662067], [88.885547, 19.662067], [88.885547, 19.664127], [88.88486, 19.664127], [88.88486, 19.664813], [88.884174, 19.664813], [88.884174, 19.668246], [88.88486, 19.668246], [88.88486, 19.668933], [88.884174, 19.668933], [88.884174, 19.66962], [88.8828, 19.66962], [88.8828, 19.670993], [88.882114, 19.670993], [88.882114, 19.67168], [88.88074, 19.67168], [88.88074, 19.675113], [88.879367, 19.675113], [88.879367, 19.677173], [88.87868, 19.677173], [88.87868, 19.677859], [88.877994, 19.677859], [88.877994, 19.678546], [88.877307, 19.678546], [88.877307, 19.679919], [88.877994, 19.679919], [88.877994, 19.681293], [88.877307, 19.681293], [88.877307, 19.681979], [88.87662, 19.681979], [88.87662, 19.683353], [88.875934, 19.683353], [88.875934, 19.686786], [88.875247, 19.686786], [88.875247, 19.688159], [88.874561, 19.688159], [88.874561, 19.689532], [88.875247, 19.689532], [88.875247, 19.690906], [88.873187, 19.690906], [88.873187, 19.691592], [88.873874, 19.691592], [88.873874, 19.692279], [88.873187, 19.692279], [88.873187, 19.692966], [88.872501, 19.692966], [88.872501, 19.693652], [88.871814, 19.693652], [88.871814, 19.694339], [88.871127, 19.694339], [88.871127, 19.695026], [88.870441, 19.695026], [88.870441, 19.696399], [88.869754, 19.696399], [88.869754, 19.697086], [88.868381, 19.697086], [88.868381, 19.699146], [88.867007, 19.699146], [88.867007, 19.701205], [88.866321, 19.701205], [88.866321, 19.703265], [88.864261, 19.703265], [88.864261, 19.703952], [88.863574, 19.703952], [88.863574, 19.705325], [88.862201, 19.705325], [88.862201, 19.706012], [88.860828, 19.706012], [88.860828, 19.707385], [88.859454, 19.707385], [88.859454, 19.708072], [88.858768, 19.708072], [88.858768, 19.708759], [88.857394, 19.708759], [88.857394, 19.710132], [88.856708, 19.710132], [88.856708, 19.710818], [88.855334, 19.710818], [88.855334, 19.711505], [88.853961, 19.711505], [88.853961, 19.712192], [88.853275, 19.712192], [88.853275, 19.712878], [88.852588, 19.712878], [88.852588, 19.714938], [88.851215, 19.714938], [88.851215, 19.715625], [88.850528, 19.715625], [88.850528, 19.716312], [88.851901, 19.716312], [88.851901, 19.716998], [88.851215, 19.716998], [88.851215, 19.719058], [88.850528, 19.719058], [88.850528, 19.721118], [88.849841, 19.721118], [88.849841, 19.721805], [88.848468, 19.721805], [88.848468, 19.723865], [88.847095, 19.723865], [88.847095, 19.724551], [88.847781, 19.724551], [88.847781, 19.725925], [88.847095, 19.725925], [88.847095, 19.726611], [88.845721, 19.726611], [88.845721, 19.727298], [88.845035, 19.727298], [88.845035, 19.729358], [88.843661, 19.729358], [88.843661, 19.730045], [88.842975, 19.730045], [88.842975, 19.730731], [88.842288, 19.730731], [88.842288, 19.731418], [88.841602, 19.731418], [88.841602, 19.734164], [88.842288, 19.734164], [88.842288, 19.733478], [88.842975, 19.733478], [88.842975, 19.734164], [88.845035, 19.734164], [88.845035, 19.737598], [88.844348, 19.737598], [88.844348, 19.738284], [88.842975, 19.738284], [88.842975, 19.740344], [88.843661, 19.740344], [88.843661, 19.741031], [88.844348, 19.741031], [88.844348, 19.743777], [88.845035, 19.743777], [88.845035, 19.746524], [88.846408, 19.746524], [88.846408, 19.747897], [88.845035, 19.747897], [88.845035, 19.748584], [88.843661, 19.748584], [88.843661, 19.749271], [88.842975, 19.749271], [88.842975, 19.749957], [88.842288, 19.749957], [88.842288, 19.750644], [88.841602, 19.750644], [88.841602, 19.751331], [88.842288, 19.751331], [88.842288, 19.753391], [88.842975, 19.753391], [88.842975, 19.754077], [88.843661, 19.754077], [88.843661, 19.753391], [88.845721, 19.753391], [88.845721, 19.754764], [88.846408, 19.754764], [88.846408, 19.756137], [88.847781, 19.756137], [88.847781, 19.756824], [88.849841, 19.756824], [88.849841, 19.75751], [88.851215, 19.75751], [88.851215, 19.758884], [88.849841, 19.758884], [88.849841, 19.75957], [88.843661, 19.75957], [88.843661, 19.760257], [88.841602, 19.760257], [88.841602, 19.762317], [88.840228, 19.762317], [88.840228, 19.763004], [88.839542, 19.763004], [88.839542, 19.762317], [88.838855, 19.762317], [88.838855, 19.763004], [88.838168, 19.763004], [88.838168, 19.764377], [88.838855, 19.764377], [88.838855, 19.765063], [88.836795, 19.765063], [88.836795, 19.76575], [88.838168, 19.76575], [88.838168, 19.767123], [88.836795, 19.767123], [88.836795, 19.76987], [88.838168, 19.76987], [88.838168, 19.771243], [88.839542, 19.771243], [88.839542, 19.77193], [88.840228, 19.77193], [88.840228, 19.773303], [88.840915, 19.773303], [88.840915, 19.774677], [88.841602, 19.774677], [88.841602, 19.775363], [88.840915, 19.775363], [88.840915, 19.77605], [88.839542, 19.77605], [88.839542, 19.775363], [88.838855, 19.775363], [88.838855, 19.777423], [88.835422, 19.777423], [88.835422, 19.778796], [88.833362, 19.778796], [88.833362, 19.779483], [88.831302, 19.779483], [88.831302, 19.778796], [88.830615, 19.778796], [88.830615, 19.78017], [88.831989, 19.78017], [88.831989, 19.780856], [88.834735, 19.780856], [88.834735, 19.78223], [88.834048, 19.78223], [88.834048, 19.783603], [88.831989, 19.783603], [88.831989, 19.78429], [88.831302, 19.78429], [88.831302, 19.785663], [88.831989, 19.785663], [88.831989, 19.787036], [88.831302, 19.787036], [88.831302, 19.789096], [88.829929, 19.789096], [88.829929, 19.791843], [88.827182, 19.791843], [88.827182, 19.789783], [88.825122, 19.789783], [88.825122, 19.791843], [88.825809, 19.791843], [88.825809, 19.792529], [88.826495, 19.792529], [88.826495, 19.793216], [88.824435, 19.793216], [88.824435, 19.793903], [88.825122, 19.793903], [88.825122, 19.794589], [88.825809, 19.794589], [88.825809, 19.797336], [88.825122, 19.797336], [88.825122, 19.798709], [88.825809, 19.798709], [88.825809, 19.799396], [88.825122, 19.799396], [88.825122, 19.800082], [88.825809, 19.800082], [88.825809, 19.801456], [88.823062, 19.801456], [88.823062, 19.802829], [88.822375, 19.802829], [88.822375, 19.803516], [88.818256, 19.803516], [88.818256, 19.804889], [88.815509, 19.804889], [88.815509, 19.806949], [88.814822, 19.806949], [88.814822, 19.808322], [88.814136, 19.808322], [88.814136, 19.809009], [88.812076, 19.809009], [88.812076, 19.811069], [88.811389, 19.811069], [88.811389, 19.811755], [88.810703, 19.811755], [88.810703, 19.812442], [88.810016, 19.812442], [88.810016, 19.814502], [88.809329, 19.814502], [88.809329, 19.815875], [88.810016, 19.815875], [88.810016, 19.817249], [88.809329, 19.817249], [88.809329, 19.819995], [88.808643, 19.819995], [88.808643, 19.820682], [88.807269, 19.820682], [88.807269, 19.821368], [88.806583, 19.821368], [88.806583, 19.822055], [88.805896, 19.822055], [88.805896, 19.824802], [88.807269, 19.824802], [88.807269, 19.826175], [88.807956, 19.826175], [88.807956, 19.826862], [88.807269, 19.826862], [88.807269, 19.828235], [88.806583, 19.828235], [88.806583, 19.829608], [88.807269, 19.829608], [88.807269, 19.830295], [88.808643, 19.830295], [88.808643, 19.830981], [88.807956, 19.830981], [88.807956, 19.832355], [88.808643, 19.832355], [88.808643, 19.831668], [88.810016, 19.831668], [88.810016, 19.832355], [88.809329, 19.832355], [88.809329, 19.833041], [88.808643, 19.833041], [88.808643, 19.835101], [88.806583, 19.835101], [88.806583, 19.835788], [88.805896, 19.835788], [88.805896, 19.836475], [88.805209, 19.836475], [88.805209, 19.837161], [88.804523, 19.837161], [88.804523, 19.838535], [88.803836, 19.838535], [88.803836, 19.839221], [88.803149, 19.839221], [88.803149, 19.838535], [88.801776, 19.838535], [88.801776, 19.839908], [88.802463, 19.839908], [88.802463, 19.840594], [88.801776, 19.840594], [88.801776, 19.841281], [88.800403, 19.841281], [88.800403, 19.842654], [88.801089, 19.842654], [88.801089, 19.845401], [88.800403, 19.845401], [88.800403, 19.846774], [88.801089, 19.846774], [88.801089, 19.847461], [88.800403, 19.847461], [88.800403, 19.848148], [88.799716, 19.848148], [88.799716, 19.848834], [88.79903, 19.848834], [88.79903, 19.849521], [88.798343, 19.849521], [88.798343, 19.850208], [88.79903, 19.850208], [88.79903, 19.850894], [88.800403, 19.850894], [88.800403, 19.851581], [88.801089, 19.851581], [88.801089, 19.852267], [88.801776, 19.852267], [88.801776, 19.852954], [88.800403, 19.852954], [88.800403, 19.854327], [88.79903, 19.854327], [88.79903, 19.856387], [88.798343, 19.856387], [88.798343, 19.857074], [88.79903, 19.857074], [88.79903, 19.857761], [88.798343, 19.857761], [88.798343, 19.860507], [88.797656, 19.860507], [88.797656, 19.861194], [88.796283, 19.861194], [88.796283, 19.862567], [88.795596, 19.862567], [88.795596, 19.86394], [88.79491, 19.86394], [88.79491, 19.864627], [88.795596, 19.864627], [88.795596, 19.865314], [88.796283, 19.865314], [88.796283, 19.866], [88.79697, 19.866], [88.79697, 19.867374], [88.796283, 19.867374], [88.796283, 19.86806], [88.795596, 19.86806], [88.795596, 19.868747], [88.79491, 19.868747], [88.79491, 19.870807], [88.794223, 19.870807], [88.794223, 19.871494], [88.79285, 19.871494], [88.79285, 19.87218], [88.791476, 19.87218], [88.791476, 19.873553], [88.792163, 19.873553], [88.792163, 19.87424], [88.791476, 19.87424], [88.791476, 19.876987], [88.79491, 19.876987], [88.79491, 19.879733], [88.793536, 19.879733], [88.793536, 19.88042], [88.79285, 19.88042], [88.79285, 19.881107], [88.79079, 19.881107], [88.79079, 19.88248], [88.793536, 19.88248], [88.793536, 19.883167], [88.79285, 19.883167], [88.79285, 19.88454], [88.792163, 19.88454], [88.792163, 19.883167], [88.790103, 19.883167], [88.790103, 19.883853], [88.79079, 19.883853], [88.79079, 19.885226], [88.790103, 19.885226], [88.790103, 19.8866], [88.79079, 19.8866], [88.79079, 19.88866], [88.788043, 19.88866], [88.788043, 19.890033], [88.787357, 19.890033], [88.787357, 19.89072], [88.788043, 19.89072], [88.788043, 19.892093], [88.78873, 19.892093], [88.78873, 19.89278], [88.788043, 19.89278], [88.788043, 19.893466], [88.787357, 19.893466], [88.787357, 19.896213], [88.78667, 19.896213], [88.78667, 19.896899], [88.785983, 19.896899], [88.785983, 19.898273], [88.785297, 19.898273], [88.785297, 19.898959], [88.78461, 19.898959], [88.78461, 19.899646], [88.78255, 19.899646], [88.78255, 19.901706], [88.781177, 19.901706], [88.781177, 19.903079], [88.78049, 19.903079], [88.78049, 19.903766], [88.779803, 19.903766], [88.779803, 19.905826], [88.78049, 19.905826], [88.78049, 19.907199], [88.779803, 19.907199], [88.779803, 19.907886], [88.781177, 19.907886], [88.781177, 19.909259], [88.779803, 19.909259], [88.779803, 19.912006], [88.779117, 19.912006], [88.779117, 19.912692], [88.77843, 19.912692], [88.77843, 19.914752], [88.779117, 19.914752], [88.779117, 19.916125], [88.77843, 19.916125], [88.77843, 19.916812], [88.777744, 19.916812], [88.777744, 19.916125], [88.777057, 19.916125], [88.777057, 19.918872], [88.777744, 19.918872], [88.777744, 19.922305], [88.77843, 19.922305], [88.77843, 19.922992], [88.779117, 19.922992], [88.779117, 19.923679], [88.77843, 19.923679], [88.77843, 19.925052], [88.779803, 19.925052], [88.779803, 19.927112], [88.779117, 19.927112], [88.779117, 19.927798], [88.777744, 19.927798], [88.777744, 19.929858], [88.77843, 19.929858], [88.77843, 19.932605], [88.777744, 19.932605], [88.777744, 19.933292], [88.77843, 19.933292], [88.77843, 19.933978], [88.777744, 19.933978], [88.777744, 19.934665], [88.777057, 19.934665], [88.777057, 19.938098], [88.777744, 19.938098], [88.777744, 19.939471], [88.77843, 19.939471], [88.77843, 19.940158], [88.777744, 19.940158], [88.777744, 19.941531], [88.77843, 19.941531], [88.77843, 19.942905], [88.777744, 19.942905], [88.777744, 19.943591], [88.77637, 19.943591], [88.77637, 19.944278], [88.774997, 19.944278], [88.774997, 19.944965], [88.77431, 19.944965], [88.77431, 19.944278], [88.773624, 19.944278], [88.773624, 19.946338], [88.772937, 19.946338], [88.772937, 19.945651], [88.770877, 19.945651], [88.770877, 19.949084], [88.769504, 19.949084], [88.769504, 19.949771], [88.76813, 19.949771], [88.76813, 19.952518], [88.766071, 19.952518], [88.766071, 19.953204], [88.765384, 19.953204], [88.765384, 19.954578], [88.761951, 19.954578], [88.761951, 19.955951], [88.760577, 19.955951], [88.760577, 19.956638], [88.759204, 19.956638], [88.759204, 19.957324], [88.758517, 19.957324], [88.758517, 19.958698], [88.757831, 19.958698], [88.757831, 19.959384], [88.757144, 19.959384], [88.757144, 19.962131], [88.756458, 19.962131], [88.756458, 19.962817], [88.753711, 19.962817], [88.753711, 19.963504], [88.755084, 19.963504], [88.755084, 19.964877], [88.754398, 19.964877], [88.754398, 19.966937], [88.753711, 19.966937], [88.753711, 19.968311], [88.752338, 19.968311], [88.752338, 19.968997], [88.751651, 19.968997], [88.751651, 19.971744], [88.750964, 19.971744], [88.750964, 19.975177], [88.751651, 19.975177], [88.751651, 19.97861], [88.750964, 19.97861], [88.750964, 19.98273], [88.749591, 19.98273], [88.749591, 19.984103], [88.750964, 19.984103], [88.750964, 19.986163], [88.750278, 19.986163], [88.750278, 19.987537], [88.748904, 19.987537], [88.748904, 19.988223], [88.748218, 19.988223], [88.748218, 19.98891], [88.747531, 19.98891], [88.747531, 19.990283], [88.746844, 19.990283], [88.746844, 19.991656], [88.748904, 19.991656], [88.748904, 19.99303], [88.750964, 19.99303], [88.750964, 19.993716], [88.754398, 19.993716], [88.754398, 19.994403], [88.759204, 19.994403], [88.759204, 19.99509], [88.759891, 19.99509], [88.759891, 19.995776], [88.760577, 19.995776], [88.760577, 19.99509], [88.761264, 19.99509], [88.761264, 19.995776], [88.762637, 19.995776], [88.762637, 19.996463]], [[89.011203, 19.495212], [89.01189, 19.495212], [89.01189, 19.496585], [89.011203, 19.496585], [89.011203, 19.495212]], [[88.980991, 19.524738], [88.981677, 19.524738], [88.981677, 19.525424], [88.980991, 19.525424], [88.980991, 19.524738]], [[88.8828, 19.670993], [88.884174, 19.670993], [88.884174, 19.67168], [88.8828, 19.67168], [88.8828, 19.670993]], [[88.877994, 19.678546], [88.87868, 19.678546], [88.87868, 19.679233], [88.877994, 19.679233], [88.877994, 19.678546]], [[88.845721, 19.753391], [88.845721, 19.752017], [88.847095, 19.752017], [88.847095, 19.753391], [88.845721, 19.753391]], [[88.79903, 19.857761], [88.799716, 19.857761], [88.799716, 19.859134], [88.79903, 19.859134], [88.79903, 19.857761]], [[89.115573, 19.368182], [89.115573, 19.367496], [89.11626, 19.367496], [89.11626, 19.366122], [89.117633, 19.366122], [89.117633, 19.367496], [89.116946, 19.367496], [89.116946, 19.368182], [89.115573, 19.368182]], [[89.083301, 19.415561], [89.083301, 19.414874], [89.083987, 19.414874], [89.083987, 19.415561], [89.083301, 19.415561]], [[89.075748, 19.436847], [89.075748, 19.435474], [89.076434, 19.435474], [89.076434, 19.434787], [89.077808, 19.434787], [89.077808, 19.435474], [89.077121, 19.435474], [89.077121, 19.43616], [89.076434, 19.43616], [89.076434, 19.436847], [89.075748, 19.436847]], [[89.048969, 19.464999], [89.048969, 19.463626], [89.049655, 19.463626], [89.049655, 19.464999], [89.048969, 19.464999]], [[89.049655, 19.463626], [89.049655, 19.462939], [89.050342, 19.462939], [89.050342, 19.463626], [89.049655, 19.463626]], [[89.00983, 19.498645], [89.00983, 19.497958], [89.010516, 19.497958], [89.010516, 19.498645], [89.00983, 19.498645]], [[88.994724, 19.512378], [88.994724, 19.511691], [88.99541, 19.511691], [88.99541, 19.512378], [88.994724, 19.512378]], [[88.959705, 19.55701], [88.959705, 19.555637], [88.961765, 19.555637], [88.961765, 19.556323], [88.960391, 19.556323], [88.960391, 19.55701], [88.959705, 19.55701]], [[88.948032, 19.572803], [88.948032, 19.572116], [88.948718, 19.572116], [88.948718, 19.572803], [88.948032, 19.572803]], [[88.934985, 19.589969], [88.934985, 19.589282], [88.935672, 19.589282], [88.935672, 19.589969], [88.934985, 19.589969]], [[88.934299, 19.596149], [88.934299, 19.595462], [88.934985, 19.595462], [88.934985, 19.596149], [88.934299, 19.596149]], [[88.889667, 19.66138], [88.889667, 19.660693], [88.89104, 19.660693], [88.89104, 19.66138], [88.889667, 19.66138]], [[88.857394, 19.740344], [88.857394, 19.739658], [88.858768, 19.739658], [88.858768, 19.740344], [88.857394, 19.740344]], [[88.854648, 19.735538], [88.854648, 19.734851], [88.856021, 19.734851], [88.856021, 19.735538], [88.854648, 19.735538]], [[88.852588, 19.732104], [88.852588, 19.731418], [88.853275, 19.731418], [88.853275, 19.732104], [88.852588, 19.732104]], [[88.850528, 19.736224], [88.850528, 19.735538], [88.851215, 19.735538], [88.851215, 19.736224], [88.850528, 19.736224]], [[88.849841, 19.765063], [88.849841, 19.764377], [88.851215, 19.764377], [88.851215, 19.765063], [88.849841, 19.765063]], [[88.848468, 19.747897], [88.848468, 19.747211], [88.847781, 19.747211], [88.847781, 19.745837], [88.849155, 19.745837], [88.849155, 19.746524], [88.849841, 19.746524], [88.849841, 19.747211], [88.849155, 19.747211], [88.849155, 19.747897], [88.848468, 19.747897]], [[88.847781, 19.754077], [88.847781, 19.753391], [88.848468, 19.753391], [88.848468, 19.754077], [88.847781, 19.754077]], [[88.844348, 19.77605], [88.844348, 19.77399], [88.846408, 19.77399], [88.846408, 19.77605], [88.844348, 19.77605]], [[88.842288, 19.769183], [88.842288, 19.768497], [88.842975, 19.768497], [88.842975, 19.76781], [88.842288, 19.76781], [88.842288, 19.767123], [88.841602, 19.767123], [88.841602, 19.766437], [88.840915, 19.766437], [88.840915, 19.76575], [88.841602, 19.76575], [88.841602, 19.765063], [88.842975, 19.765063], [88.842975, 19.76575], [88.843661, 19.76575], [88.843661, 19.766437], [88.844348, 19.766437], [88.844348, 19.767123], [88.845035, 19.767123], [88.845035, 19.768497], [88.844348, 19.768497], [88.844348, 19.769183], [88.842288, 19.769183]], [[88.841602, 19.773303], [88.841602, 19.772617], [88.842288, 19.772617], [88.842288, 19.773303], [88.841602, 19.773303]], [[88.840915, 19.77193], [88.840915, 19.771243], [88.841602, 19.771243], [88.841602, 19.77193], [88.840915, 19.77193]], [[88.838855, 19.76987], [88.838855, 19.768497], [88.839542, 19.768497], [88.839542, 19.76781], [88.840228, 19.76781], [88.840228, 19.769183], [88.839542, 19.769183], [88.839542, 19.76987], [88.838855, 19.76987]], [[88.833362, 19.787036], [88.833362, 19.786349], [88.834048, 19.786349], [88.834048, 19.787036], [88.833362, 19.787036]], [[88.809329, 19.830981], [88.809329, 19.830295], [88.810703, 19.830295], [88.810703, 19.830981], [88.809329, 19.830981]], [[88.779803, 19.914066], [88.779803, 19.912692], [88.781177, 19.912692], [88.781177, 19.913379], [88.78049, 19.913379], [88.78049, 19.914066], [88.779803, 19.914066]]], [[[88.777744, 19.922305], [88.77637, 19.922305], [88.77637, 19.922992], [88.777744, 19.922992], [88.777744, 19.922305]]], [[[88.790103, 19.8866], [88.789417, 19.8866], [88.789417, 19.887973], [88.790103, 19.887973], [88.790103, 19.8866]]], [[[88.79903, 19.854327], [88.79903, 19.853641], [88.798343, 19.853641], [88.798343, 19.854327], [88.79903, 19.854327]]], [[[88.836795, 19.76575], [88.836108, 19.76575], [88.836108, 19.765063], [88.835422, 19.765063], [88.835422, 19.76575], [88.833362, 19.76575], [88.833362, 19.766437], [88.835422, 19.766437], [88.835422, 19.767123], [88.836108, 19.767123], [88.836108, 19.766437], [88.836795, 19.766437], [88.836795, 19.76575]]], [[[89.007083, 19.497958], [89.00777, 19.497958], [89.00777, 19.497272], [89.007083, 19.497272], [89.007083, 19.497958]]], [[[89.083987, 19.424487], [89.081927, 19.424487], [89.081927, 19.425861], [89.083301, 19.425861], [89.083301, 19.425174], [89.083987, 19.425174], [89.083987, 19.424487]]], [[[89.081927, 19.423801], [89.081241, 19.423801], [89.081241, 19.424487], [89.081927, 19.424487], [89.081927, 19.423801]]], [[[89.42113, 18.956195], [89.421817, 18.956195], [89.421817, 18.955508], [89.422504, 18.955508], [89.422504, 18.953448], [89.42319, 18.953448], [89.42319, 18.952762], [89.423877, 18.952762], [89.423877, 18.952075], [89.424564, 18.952075], [89.424564, 18.950702], [89.42525, 18.950702], [89.42525, 18.949329], [89.424564, 18.949329], [89.424564, 18.950015], [89.423877, 18.950015], [89.423877, 18.951389], [89.42319, 18.951389], [89.42319, 18.952075], [89.422504, 18.952075], [89.422504, 18.952762], [89.421817, 18.952762], [89.421817, 18.954822], [89.42113, 18.954822], [89.42113, 18.956195]]], [[[89.42525, 18.949329], [89.426624, 18.949329], [89.426624, 18.948642], [89.42731, 18.948642], [89.42731, 18.947269], [89.427997, 18.947269], [89.427997, 18.945895], [89.426624, 18.945895], [89.426624, 18.947955], [89.425937, 18.947955], [89.425937, 18.948642], [89.42525, 18.948642], [89.42525, 18.949329]]], [[[89.081241, 19.424487], [89.080554, 19.424487], [89.080554, 19.425174], [89.081241, 19.425174], [89.081241, 19.424487]]], [[[89.080554, 19.425174], [89.079868, 19.425174], [89.079868, 19.425861], [89.080554, 19.425861], [89.080554, 19.425174]]], [[[89.403964, 19.11893], [89.405338, 19.11893], [89.405338, 19.118243], [89.403964, 19.118243], [89.403964, 19.11893]]], [[[89.397784, 19.120303], [89.399844, 19.120303], [89.399844, 19.119617], [89.397784, 19.119617], [89.397784, 19.120303]]], [[[89.399844, 19.119617], [89.401904, 19.119617], [89.401904, 19.11893], [89.399844, 19.11893], [89.399844, 19.119617]]], [[[89.384052, 19.123737], [89.385425, 19.123737], [89.385425, 19.12305], [89.388171, 19.12305], [89.388171, 19.122363], [89.390231, 19.122363], [89.390231, 19.12305], [89.392291, 19.12305], [89.392291, 19.122363], [89.392978, 19.122363], [89.392978, 19.121677], [89.395724, 19.121677], [89.395724, 19.12099], [89.397098, 19.12099], [89.397098, 19.120303], [89.393665, 19.120303], [89.393665, 19.12099], [89.391605, 19.12099], [89.391605, 19.121677], [89.390231, 19.121677], [89.390231, 19.12099], [89.389545, 19.12099], [89.389545, 19.121677], [89.384738, 19.121677], [89.384738, 19.12305], [89.384052, 19.12305], [89.384052, 19.123737]]], [[[89.377872, 19.125797], [89.378558, 19.125797], [89.378558, 19.12511], [89.380618, 19.12511], [89.380618, 19.124423], [89.382678, 19.124423], [89.382678, 19.123737], [89.381992, 19.123737], [89.381992, 19.12305], [89.380618, 19.12305], [89.380618, 19.123737], [89.379245, 19.123737], [89.379245, 19.124423], [89.377872, 19.124423], [89.377872, 19.125797]]], [[[89.370319, 19.113437], [89.371692, 19.113437], [89.371692, 19.11275], [89.371005, 19.11275], [89.371005, 19.111377], [89.370319, 19.111377], [89.370319, 19.112064], [89.368945, 19.112064], [89.368945, 19.11275], [89.370319, 19.11275], [89.370319, 19.113437]]], [[[89.353152, 19.114124], [89.354526, 19.114124], [89.354526, 19.113437], [89.353839, 19.113437], [89.353839, 19.11275], [89.353152, 19.11275], [89.353152, 19.114124]]], [[[89.344226, 19.114124], [89.351093, 19.114124], [89.351093, 19.11275], [89.348346, 19.11275], [89.348346, 19.112064], [89.347659, 19.112064], [89.347659, 19.11275], [89.346286, 19.11275], [89.346286, 19.113437], [89.344226, 19.113437], [89.344226, 19.114124]]], [[[89.346973, 19.054385], [89.348346, 19.054385], [89.348346, 19.053699], [89.346973, 19.053699], [89.346973, 19.054385]]], [[[89.345599, 19.054385], [89.346286, 19.054385], [89.346286, 19.053699], [89.345599, 19.053699], [89.345599, 19.054385]]], [[[89.343539, 19.105197], [89.344226, 19.105197], [89.344226, 19.10451], [89.343539, 19.10451], [89.343539, 19.105197]]], [[[89.274188, 19.132663], [89.276248, 19.132663], [89.276248, 19.131976], [89.283801, 19.131976], [89.283801, 19.13129], [89.282428, 19.13129], [89.282428, 19.130603], [89.275562, 19.130603], [89.275562, 19.13129], [89.274188, 19.13129], [89.274188, 19.130603], [89.272815, 19.130603], [89.272815, 19.131976], [89.274188, 19.131976], [89.274188, 19.132663]]], [[[89.270755, 19.132663], [89.271442, 19.132663], [89.271442, 19.131976], [89.270755, 19.131976], [89.270755, 19.132663]]], [[[89.259769, 19.131976], [89.260455, 19.131976], [89.260455, 19.13129], [89.259769, 19.13129], [89.259769, 19.131976]]], [[[89.260455, 19.13129], [89.261142, 19.13129], [89.261142, 19.130603], [89.260455, 19.130603], [89.260455, 19.13129]]], [[[89.247409, 19.134723], [89.251529, 19.134723], [89.251529, 19.134036], [89.248782, 19.134036], [89.248782, 19.13335], [89.248096, 19.13335], [89.248096, 19.134036], [89.247409, 19.134036], [89.247409, 19.134723]]], [[[89.251529, 19.134036], [89.254962, 19.134036], [89.254962, 19.13335], [89.256335, 19.13335], [89.256335, 19.134723], [89.257022, 19.134723], [89.257022, 19.13541], [89.259769, 19.13541], [89.259769, 19.134723], [89.260455, 19.134723], [89.260455, 19.134036], [89.257709, 19.134036], [89.257709, 19.132663], [89.258395, 19.132663], [89.258395, 19.131976], [89.257709, 19.131976], [89.257709, 19.13129], [89.255649, 19.13129], [89.255649, 19.131976], [89.254962, 19.131976], [89.254962, 19.132663], [89.252216, 19.132663], [89.252216, 19.13335], [89.251529, 19.13335], [89.251529, 19.134036]]], [[[89.242603, 19.136096], [89.243289, 19.136096], [89.243289, 19.13541], [89.242603, 19.13541], [89.242603, 19.136096]]], [[[88.842975, 19.744464], [88.843661, 19.744464], [88.843661, 19.743777], [88.842975, 19.743777], [88.842975, 19.744464]]], [[[88.838168, 19.772617], [88.838855, 19.772617], [88.838855, 19.77193], [88.838168, 19.77193], [88.838168, 19.772617]]], [[[88.834735, 19.773303], [88.836795, 19.773303], [88.836795, 19.772617], [88.837482, 19.772617], [88.837482, 19.77193], [88.836108, 19.77193], [88.836108, 19.772617], [88.834735, 19.772617], [88.834735, 19.773303]]], [[[88.834048, 19.770557], [88.834735, 19.770557], [88.834735, 19.76987], [88.834048, 19.76987], [88.834048, 19.770557]]], [[[88.829929, 19.787723], [88.830615, 19.787723], [88.830615, 19.787036], [88.829929, 19.787036], [88.829929, 19.787723]]], [[[88.798343, 19.989597], [88.79903, 19.989597], [88.79903, 19.98891], [88.798343, 19.98891], [88.798343, 19.989597]]], [[[88.79491, 19.867374], [88.795596, 19.867374], [88.795596, 19.866687], [88.79491, 19.866687], [88.79491, 19.867374]]], [[[88.790103, 19.879733], [88.791476, 19.879733], [88.791476, 19.879047], [88.792163, 19.879047], [88.792163, 19.877673], [88.79079, 19.877673], [88.79079, 19.879047], [88.790103, 19.879047], [88.790103, 19.879733]]], [[[88.774997, 19.915439], [88.777057, 19.915439], [88.777057, 19.914752], [88.774997, 19.914752], [88.774997, 19.915439]]], [[[88.774997, 19.921619], [88.777057, 19.921619], [88.777057, 19.920245], [88.77637, 19.920245], [88.77637, 19.920932], [88.774997, 19.920932], [88.774997, 19.921619]]], [[[88.774997, 19.942905], [88.775684, 19.942905], [88.775684, 19.942218], [88.774997, 19.942218], [88.774997, 19.942905]]], [[[88.774997, 19.922992], [88.775684, 19.922992], [88.775684, 19.922305], [88.774997, 19.922305], [88.774997, 19.922992]]], [[[88.623248, 19.922992], [88.623248, 19.922305], [88.625995, 19.922305], [88.625995, 19.924365], [88.628055, 19.924365], [88.628055, 19.926425], [88.628741, 19.926425], [88.628741, 19.927112], [88.630115, 19.927112], [88.630115, 19.927798], [88.630801, 19.927798], [88.630801, 19.926425], [88.633548, 19.926425], [88.633548, 19.925739], [88.634921, 19.925739], [88.634921, 19.926425], [88.636981, 19.926425], [88.636981, 19.927112], [88.636295, 19.927112], [88.636295, 19.929172], [88.635608, 19.929172], [88.635608, 19.931232], [88.636295, 19.931232], [88.636295, 19.932605], [88.636981, 19.932605], [88.636981, 19.933292], [88.638354, 19.933292], [88.638354, 19.933978], [88.639041, 19.933978], [88.639041, 19.935352], [88.639728, 19.935352], [88.639728, 19.936038], [88.641788, 19.936038], [88.641788, 19.937411], [88.642474, 19.937411], [88.642474, 19.938098], [88.645221, 19.938098], [88.645221, 19.938785], [88.647281, 19.938785], [88.647281, 19.939471], [88.647968, 19.939471], [88.647968, 19.940158], [88.647281, 19.940158], [88.647281, 19.940845], [88.650714, 19.940845], [88.650714, 19.941531], [88.651401, 19.941531], [88.651401, 19.942218], [88.653461, 19.942218], [88.653461, 19.942905], [88.654147, 19.942905], [88.654147, 19.942218], [88.659641, 19.942218], [88.659641, 19.942905], [88.66582, 19.942905], [88.66582, 19.943591], [88.669254, 19.943591], [88.669254, 19.944278], [88.671313, 19.944278], [88.671313, 19.944965], [88.673373, 19.944965], [88.673373, 19.944278], [88.675433, 19.944278], [88.675433, 19.944965], [88.677493, 19.944965], [88.677493, 19.945651], [88.678867, 19.945651], [88.678867, 19.944965], [88.679553, 19.944965], [88.679553, 19.945651], [88.680927, 19.945651], [88.680927, 19.946338], [88.682986, 19.946338], [88.682986, 19.947025], [88.685046, 19.947025], [88.685046, 19.949084], [88.685733, 19.949084], [88.685733, 19.949771], [88.68848, 19.949771], [88.68848, 19.949084], [88.689166, 19.949084], [88.689166, 19.949771], [88.689853, 19.949771], [88.689853, 19.951144], [88.689166, 19.951144], [88.689166, 19.951831], [88.689853, 19.951831], [88.689853, 19.952518], [88.69054, 19.952518], [88.69054, 19.954578], [88.68848, 19.954578], [88.68848, 19.955264], [88.689853, 19.955264], [88.689853, 19.955951], [88.69054, 19.955951], [88.69054, 19.958698], [88.689166, 19.958698], [88.689166, 19.956638], [88.68642, 19.956638], [88.68642, 19.957324], [88.685046, 19.957324], [88.685046, 19.961444], [88.685733, 19.961444], [88.685733, 19.962131], [88.68642, 19.962131], [88.68642, 19.962817], [88.68848, 19.962817], [88.68848, 19.963504], [88.689853, 19.963504], [88.689853, 19.962817], [88.692599, 19.962817], [88.692599, 19.963504], [88.693286, 19.963504], [88.693286, 19.962817], [88.695346, 19.962817], [88.695346, 19.963504], [88.698093, 19.963504], [88.698093, 19.964877], [88.698779, 19.964877], [88.698779, 19.965564], [88.699466, 19.965564], [88.699466, 19.966937], [88.700153, 19.966937], [88.700153, 19.968311], [88.700839, 19.968311], [88.700839, 19.968997], [88.702213, 19.968997], [88.702213, 19.966937], [88.704272, 19.966937], [88.704272, 19.968311], [88.705646, 19.968311], [88.705646, 19.967624], [88.707019, 19.967624], [88.707019, 19.968997], [88.707706, 19.968997], [88.707706, 19.971057], [88.708392, 19.971057], [88.708392, 19.969684], [88.710452, 19.969684], [88.710452, 19.97037], [88.709766, 19.97037], [88.709766, 19.97243], [88.710452, 19.97243], [88.710452, 19.973117], [88.712512, 19.973117], [88.712512, 19.97243], [88.714572, 19.97243], [88.714572, 19.973117], [88.715259, 19.973117], [88.715259, 19.97243], [88.716632, 19.97243], [88.716632, 19.973117], [88.718005, 19.973117], [88.718005, 19.973804], [88.720752, 19.973804], [88.720752, 19.97449], [88.722125, 19.97449], [88.722125, 19.977237], [88.723499, 19.977237], [88.723499, 19.97861], [88.724185, 19.97861], [88.724185, 19.979984], [88.726245, 19.979984], [88.726245, 19.98067], [88.725558, 19.98067], [88.725558, 19.981357], [88.726245, 19.981357], [88.726245, 19.982043], [88.726932, 19.982043], [88.726932, 19.98273], [88.727618, 19.98273], [88.727618, 19.981357], [88.729678, 19.981357], [88.729678, 19.98067], [88.728992, 19.98067], [88.728992, 19.977237], [88.729678, 19.977237], [88.729678, 19.97655], [88.730365, 19.97655], [88.730365, 19.975864], [88.731052, 19.975864], [88.731052, 19.97655], [88.734485, 19.97655], [88.734485, 19.975864], [88.735172, 19.975864], [88.735172, 19.97449], [88.736545, 19.97449], [88.736545, 19.973804], [88.735858, 19.973804], [88.735858, 19.973117], [88.734485, 19.973117], [88.734485, 19.97243], [88.735172, 19.97243], [88.735172, 19.971057], [88.733798, 19.971057], [88.733798, 19.97037], [88.733112, 19.97037], [88.733112, 19.969684], [88.731738, 19.969684], [88.731738, 19.968997], [88.731052, 19.968997], [88.731052, 19.968311], [88.730365, 19.968311], [88.730365, 19.967624], [88.729678, 19.967624], [88.729678, 19.966937], [88.726245, 19.966937], [88.726245, 19.966251], [88.725558, 19.966251], [88.725558, 19.965564], [88.724872, 19.965564], [88.724872, 19.964877], [88.724185, 19.964877], [88.724185, 19.964191], [88.722125, 19.964191], [88.722125, 19.963504], [88.720752, 19.963504], [88.720752, 19.962817], [88.720065, 19.962817], [88.720065, 19.962131], [88.719379, 19.962131], [88.719379, 19.961444], [88.718692, 19.961444], [88.718692, 19.960757], [88.718005, 19.960757], [88.718005, 19.959384], [88.715259, 19.959384], [88.715259, 19.958698], [88.713885, 19.958698], [88.713885, 19.958011], [88.713199, 19.958011], [88.713199, 19.957324], [88.712512, 19.957324], [88.712512, 19.956638], [88.709766, 19.956638], [88.709766, 19.955951], [88.708392, 19.955951], [88.708392, 19.955264], [88.707706, 19.955264], [88.707706, 19.954578], [88.707019, 19.954578], [88.707019, 19.953891], [88.706332, 19.953891], [88.706332, 19.953204], [88.705646, 19.953204], [88.705646, 19.953891], [88.704272, 19.953891], [88.704272, 19.953204], [88.702899, 19.953204], [88.702899, 19.952518], [88.701526, 19.952518], [88.701526, 19.951831], [88.700839, 19.951831], [88.700839, 19.951144], [88.698093, 19.951144], [88.698093, 19.947711], [88.696719, 19.947711], [88.696719, 19.947025], [88.695346, 19.947025], [88.695346, 19.946338], [88.694659, 19.946338], [88.694659, 19.945651], [88.693973, 19.945651], [88.693973, 19.944965], [88.693286, 19.944965], [88.693286, 19.943591], [88.691913, 19.943591], [88.691913, 19.942905], [88.69054, 19.942905], [88.69054, 19.942218], [88.68642, 19.942218], [88.68642, 19.941531], [88.685733, 19.941531], [88.685733, 19.940845], [88.683673, 19.940845], [88.683673, 19.940158], [88.682986, 19.940158], [88.682986, 19.939471], [88.6823, 19.939471], [88.6823, 19.938785], [88.681613, 19.938785], [88.681613, 19.938098], [88.68024, 19.938098], [88.68024, 19.937411], [88.67818, 19.937411], [88.67818, 19.936725], [88.677493, 19.936725], [88.677493, 19.936038], [88.674747, 19.936038], [88.674747, 19.936725], [88.67406, 19.936725], [88.67406, 19.936038], [88.673373, 19.936038], [88.673373, 19.935352], [88.66994, 19.935352], [88.66994, 19.934665], [88.666507, 19.934665], [88.666507, 19.935352], [88.665134, 19.935352], [88.665134, 19.934665], [88.66376, 19.934665], [88.66376, 19.935352], [88.661014, 19.935352], [88.661014, 19.934665], [88.660327, 19.934665], [88.660327, 19.933978], [88.658954, 19.933978], [88.658954, 19.933292], [88.656894, 19.933292], [88.656894, 19.931918], [88.655521, 19.931918], [88.655521, 19.931232], [88.654834, 19.931232], [88.654834, 19.930545], [88.654147, 19.930545], [88.654147, 19.929858], [88.653461, 19.929858], [88.653461, 19.929172], [88.651401, 19.929172], [88.651401, 19.928485], [88.650714, 19.928485], [88.650714, 19.927798], [88.648654, 19.927798], [88.648654, 19.927112], [88.647968, 19.927112], [88.647968, 19.926425], [88.647281, 19.926425], [88.647281, 19.925739], [88.645221, 19.925739], [88.645221, 19.925052], [88.644534, 19.925052], [88.644534, 19.924365], [88.643161, 19.924365], [88.643161, 19.923679], [88.641101, 19.923679], [88.641101, 19.922992], [88.640414, 19.922992], [88.640414, 19.922305], [88.639728, 19.922305], [88.639728, 19.922992], [88.639041, 19.922992], [88.639041, 19.922305], [88.637668, 19.922305], [88.637668, 19.921619], [88.636981, 19.921619], [88.636981, 19.920932], [88.636295, 19.920932], [88.636295, 19.920245], [88.634921, 19.920245], [88.634921, 19.919559], [88.633548, 19.919559], [88.633548, 19.918872], [88.632861, 19.918872], [88.632861, 19.918185], [88.632175, 19.918185], [88.632175, 19.917499], [88.630801, 19.917499], [88.630801, 19.916812], [88.630115, 19.916812], [88.630115, 19.916125], [88.629428, 19.916125], [88.629428, 19.915439], [88.628741, 19.915439], [88.628741, 19.914066], [88.628055, 19.914066], [88.628055, 19.913379], [88.627368, 19.913379], [88.627368, 19.912692], [88.626682, 19.912692], [88.626682, 19.912006], [88.625995, 19.912006], [88.625995, 19.911319], [88.625308, 19.911319], [88.625308, 19.910632], [88.624622, 19.910632], [88.624622, 19.909946], [88.623935, 19.909946], [88.623935, 19.909259], [88.623248, 19.909259], [88.623248, 19.908572], [88.621875, 19.908572], [88.621875, 19.907886], [88.621188, 19.907886], [88.621188, 19.906512], [88.620502, 19.906512], [88.620502, 19.903766], [88.619815, 19.903766], [88.619815, 19.901706], [88.618442, 19.901706], [88.618442, 19.900333], [88.617068, 19.900333], [88.617068, 19.898959], [88.615695, 19.898959], [88.615695, 19.898273], [88.615009, 19.898273], [88.615009, 19.897586], [88.614322, 19.897586], [88.614322, 19.896899], [88.612949, 19.896899], [88.612949, 19.896213], [88.612262, 19.896213], [88.612262, 19.895526], [88.611575, 19.895526], [88.611575, 19.894153], [88.612262, 19.894153], [88.612262, 19.893466], [88.610202, 19.893466], [88.610202, 19.89278], [88.609515, 19.89278], [88.609515, 19.892093], [88.608829, 19.892093], [88.608829, 19.891406], [88.607455, 19.891406], [88.607455, 19.89072], [88.606769, 19.89072], [88.606769, 19.890033], [88.606082, 19.890033], [88.606082, 19.889346], [88.604709, 19.889346], [88.604709, 19.88866], [88.604022, 19.88866], [88.604022, 19.885913], [88.601962, 19.885913], [88.601962, 19.885226], [88.601276, 19.885226], [88.601276, 19.883853], [88.599216, 19.883853], [88.599216, 19.88454], [88.597156, 19.88454], [88.597156, 19.88248], [88.596469, 19.88248], [88.596469, 19.881793], [88.595782, 19.881793], [88.595782, 19.879047], [88.595096, 19.879047], [88.595096, 19.87836], [88.593723, 19.87836], [88.593723, 19.877673], [88.593036, 19.877673], [88.593036, 19.876987], [88.592349, 19.876987], [88.592349, 19.8763], [88.590976, 19.8763], [88.590976, 19.875613], [88.589603, 19.875613], [88.589603, 19.874927], [88.588916, 19.874927], [88.588916, 19.87424], [88.587543, 19.87424], [88.587543, 19.873553], [88.586169, 19.873553], [88.586169, 19.872867], [88.584796, 19.872867], [88.584796, 19.871494], [88.583423, 19.871494], [88.583423, 19.873553], [88.580676, 19.873553], [88.580676, 19.872867], [88.579303, 19.872867], [88.579303, 19.873553], [88.577243, 19.873553], [88.577243, 19.872867], [88.57793, 19.872867], [88.57793, 19.871494], [88.577243, 19.871494], [88.577243, 19.87218], [88.575183, 19.87218], [88.575183, 19.872867], [88.572437, 19.872867], [88.572437, 19.87218], [88.57175, 19.87218], [88.57175, 19.872867], [88.569003, 19.872867], [88.569003, 19.87218], [88.56969, 19.87218], [88.56969, 19.871494], [88.568317, 19.871494], [88.568317, 19.870807], [88.566257, 19.870807], [88.566257, 19.873553], [88.566943, 19.873553], [88.566943, 19.87424], [88.56763, 19.87424], [88.56763, 19.874927], [88.568317, 19.874927], [88.568317, 19.875613], [88.57175, 19.875613], [88.57175, 19.874927], [88.574496, 19.874927], [88.574496, 19.875613], [88.575183, 19.875613], [88.575183, 19.8763], [88.57587, 19.8763], [88.57587, 19.876987], [88.57793, 19.876987], [88.57793, 19.877673], [88.57999, 19.877673], [88.57999, 19.87836], [88.580676, 19.87836], [88.580676, 19.879047], [88.584109, 19.879047], [88.584109, 19.879733], [88.584796, 19.879733], [88.584796, 19.88042], [88.586856, 19.88042], [88.586856, 19.881107], [88.587543, 19.881107], [88.587543, 19.881793], [88.588229, 19.881793], [88.588229, 19.88248], [88.588916, 19.88248], [88.588916, 19.881793], [88.590976, 19.881793], [88.590976, 19.88248], [88.592349, 19.88248], [88.592349, 19.885226], [88.593036, 19.885226], [88.593036, 19.885913], [88.595096, 19.885913], [88.595096, 19.8866], [88.595782, 19.8866], [88.595782, 19.887286], [88.596469, 19.887286], [88.596469, 19.887973], [88.597156, 19.887973], [88.597156, 19.890033], [88.597842, 19.890033], [88.597842, 19.891406], [88.598529, 19.891406], [88.598529, 19.892093], [88.599216, 19.892093], [88.599216, 19.89278], [88.599902, 19.89278], [88.599902, 19.893466], [88.600589, 19.893466], [88.600589, 19.894153], [88.601962, 19.894153], [88.601962, 19.894839], [88.602649, 19.894839], [88.602649, 19.896213], [88.601962, 19.896213], [88.601962, 19.896899], [88.603336, 19.896899], [88.603336, 19.897586], [88.604022, 19.897586], [88.604022, 19.899646], [88.605396, 19.899646], [88.605396, 19.900333], [88.606769, 19.900333], [88.606769, 19.901019], [88.608142, 19.901019], [88.608142, 19.902393], [88.610889, 19.902393], [88.610889, 19.903766], [88.612949, 19.903766], [88.612949, 19.905139], [88.614322, 19.905139], [88.614322, 19.905826], [88.615009, 19.905826], [88.615009, 19.905139], [88.616382, 19.905139], [88.616382, 19.905826], [88.617068, 19.905826], [88.617068, 19.906512], [88.618442, 19.906512], [88.618442, 19.907886], [88.616382, 19.907886], [88.616382, 19.908572], [88.617068, 19.908572], [88.617068, 19.909946], [88.618442, 19.909946], [88.618442, 19.909259], [88.619128, 19.909259], [88.619128, 19.909946], [88.619815, 19.909946], [88.619815, 19.912006], [88.619128, 19.912006], [88.619128, 19.913379], [88.618442, 19.913379], [88.618442, 19.912006], [88.617755, 19.912006], [88.617755, 19.912692], [88.617068, 19.912692], [88.617068, 19.914066], [88.617755, 19.914066], [88.617755, 19.916125], [88.617068, 19.916125], [88.617068, 19.916812], [88.617755, 19.916812], [88.617755, 19.917499], [88.619128, 19.917499], [88.619128, 19.918185], [88.619815, 19.918185], [88.619815, 19.918872], [88.619128, 19.918872], [88.619128, 19.919559], [88.620502, 19.919559], [88.620502, 19.920245], [88.623248, 19.920245], [88.623248, 19.920932], [88.621875, 19.920932], [88.621875, 19.921619], [88.622562, 19.921619], [88.622562, 19.922992], [88.623248, 19.922992]], [[88.723499, 19.977237], [88.723499, 19.97655], [88.724185, 19.97655], [88.724185, 19.977237], [88.723499, 19.977237]], [[88.726245, 19.97861], [88.726245, 19.977924], [88.726932, 19.977924], [88.726932, 19.97861], [88.726245, 19.97861]], [[88.695346, 19.953204], [88.695346, 19.952518], [88.696033, 19.952518], [88.696033, 19.953204], [88.695346, 19.953204]], [[88.691913, 19.958011], [88.691913, 19.957324], [88.692599, 19.957324], [88.692599, 19.956638], [88.693286, 19.956638], [88.693286, 19.958011], [88.691913, 19.958011]], [[88.638354, 19.927112], [88.638354, 19.926425], [88.639041, 19.926425], [88.639041, 19.927112], [88.638354, 19.927112]], [[88.636981, 19.928485], [88.636981, 19.927798], [88.637668, 19.927798], [88.637668, 19.928485], [88.636981, 19.928485]], [[88.584109, 19.874927], [88.584109, 19.873553], [88.584796, 19.873553], [88.584796, 19.874927], [88.584109, 19.874927]]], [[[88.623248, 19.922992], [88.623248, 19.923679], [88.623935, 19.923679], [88.623935, 19.922992], [88.623248, 19.922992]]], [[[88.716632, 19.973117], [88.715945, 19.973117], [88.715945, 19.973804], [88.716632, 19.973804], [88.716632, 19.973117]]], [[[88.579303, 19.87218], [88.580676, 19.87218], [88.580676, 19.871494], [88.579303, 19.871494], [88.579303, 19.87218]]], [[[88.56145, 19.87218], [88.562823, 19.87218], [88.562823, 19.871494], [88.564197, 19.871494], [88.564197, 19.869434], [88.56145, 19.869434], [88.56145, 19.87012], [88.560764, 19.87012], [88.560764, 19.870807], [88.56145, 19.870807], [88.56145, 19.87218]]], [[[88.55939, 19.872867], [88.560077, 19.872867], [88.560077, 19.87012], [88.556644, 19.87012], [88.556644, 19.869434], [88.554584, 19.869434], [88.554584, 19.870807], [88.55527, 19.870807], [88.55527, 19.871494], [88.55733, 19.871494], [88.55733, 19.870807], [88.558704, 19.870807], [88.558704, 19.871494], [88.55939, 19.871494], [88.55939, 19.872867]]], [[[88.549777, 19.871494], [88.550464, 19.871494], [88.550464, 19.870807], [88.549777, 19.870807], [88.549777, 19.871494]]], [[[88.550464, 19.870807], [88.551151, 19.870807], [88.551151, 19.871494], [88.55321, 19.871494], [88.55321, 19.870807], [88.552524, 19.870807], [88.552524, 19.87012], [88.550464, 19.87012], [88.550464, 19.870807]]], [[[88.544284, 19.872867], [88.546344, 19.872867], [88.546344, 19.87218], [88.548404, 19.87218], [88.548404, 19.871494], [88.547717, 19.871494], [88.547717, 19.870807], [88.546344, 19.870807], [88.546344, 19.87012], [88.547717, 19.87012], [88.547717, 19.86806], [88.547031, 19.86806], [88.547031, 19.868747], [88.546344, 19.868747], [88.546344, 19.86806], [88.545657, 19.86806], [88.545657, 19.87012], [88.544971, 19.87012], [88.544971, 19.871494], [88.544284, 19.871494], [88.544284, 19.872867]]], [[[88.536044, 19.874927], [88.538791, 19.874927], [88.538791, 19.87424], [88.537418, 19.87424], [88.537418, 19.873553], [88.535358, 19.873553], [88.535358, 19.87424], [88.536044, 19.87424], [88.536044, 19.874927]]], [[[88.537418, 19.872867], [88.538791, 19.872867], [88.538791, 19.87218], [88.537418, 19.87218], [88.537418, 19.872867]]]]}, "id": 4823849, "properties": {"id": 4823849, "slick_timestamp": "2026-04-06T12:11:38", "machine_confidence": 0.9947996139526367, "slick_confidence": 0.7719464665008509, "length": 139577.1700182, "area": 195660864.47259787, "perimeter": 553501.7805281861, "polsby_popper": 0.00802556815961993, "fill_factor": 0.04811911030180032, "centerlines": {"type": "FeatureCollection", "features": [{"id": "0", "type": "Feature", "properties": {"area": 240175050.04174158, "length": 171559.81059319596}, "geometry": {"type": "LineString", "coordinates": [[89.42852596062001, 18.943701156516585], [89.42910847530474, 18.94457914988777], [89.42686952413861, 18.946406061337772], [89.42739684664222, 18.947291570323788], [89.42530829009162, 18.949221072824837], [89.42554002968063, 18.94975505006571], [89.42332034938464, 18.95174853482559], [89.42362259035062, 18.95238923846434], [89.42157634879156, 18.95431393350655], [89.4221053827337, 18.955214458851387], [89.41991527031823, 18.957113500088603], [89.4202507375344, 18.95780901511139], [89.41810270142172, 18.959755367194596], [89.41838381591467, 18.96042885998029], [89.41636046208163, 18.962366184730797], [89.41666016871703, 18.963124395908313], [89.41467218126971, 18.965024122380676], [89.41504444729762, 18.965934260931878], [89.41319157595868, 18.967793900712078], [89.41354396529168, 18.96867368731051], [89.41158125641331, 18.97053806287402], [89.41206531895918, 18.97154408084148], [89.41009481101865, 18.973395957348686], [89.41046925913355, 18.97426264170651], [89.40844961969631, 18.97621515846784], [89.40862452805256, 18.976730645949957], [89.40653341663972, 18.978726607301823], [89.40682698001014, 18.97945552380044], [89.40483706706544, 18.98133050891036], [89.40531172357534, 18.98228073503594], [89.40322247766993, 18.984111799520747], [89.40372155607835, 18.98507345629997], [89.40167067079511, 18.98694289972658], [89.40202567439864, 18.98780773495988], [89.4000661775569, 18.98978267495728], [89.40020083533192, 18.99032053462549], [89.39831503685413, 18.99230102672113], [89.39848656247827, 18.992940936476412], [89.39657445890013, 18.994896004865602], [89.39689604238461, 18.995739082664997], [89.39489899839093, 18.997621821364234], [89.39538124546337, 18.998578045641185], [89.3932756201548, 19.000416783141752], [89.39374486721242, 19.001363050797444], [89.3917011890126, 19.003302535357662], [89.39191930850981, 19.004025486410722], [89.39005983803509, 19.005998115925852], [89.39017993032458, 19.006619106577002], [89.38851605090889, 19.008442402480554], [89.38881138606766, 19.009514523194042], [89.38703292129938, 19.011300371202697], [89.38740755362015, 19.01238485954162], [89.38554888227583, 19.014137463485145], [89.3860439722995, 19.015381983045145], [89.38436382024292, 19.017120664891035], [89.38464985253961, 19.018075804227113], [89.3807568664368, 19.022493251881553], [89.38091075881401, 19.02310500533025], [89.37913235167271, 19.024948718188263], [89.37956485587745, 19.026136029093028], [89.37785602084082, 19.027888186246855], [89.37821881334774, 19.028935792255695], [89.37630221121071, 19.030830414642413], [89.376473613084, 19.031479176996765], [89.37435888264866, 19.033565582652937], [89.37445468683359, 19.03414515029724], [89.37281288027951, 19.035890750090704], [89.37302033780378, 19.037005824741435], [89.3714854528742, 19.038619028169226], [89.37181459777099, 19.039842766540506], [89.36989822040552, 19.041507308026937], [89.37040391265177, 19.042815933664283], [89.36851302501246, 19.044476154719774], [89.36882184279212, 19.045603038042028], [89.36689328371698, 19.04749338236527], [89.36697385934063, 19.04853974296337], [89.36522019520025, 19.05062574908757], [89.36507989298057, 19.05185298894236], [89.36338594792936, 19.05422863059886], [89.3607184282813, 19.056231995971096], [89.35994250016708, 19.0564931391677], [89.35715013572842, 19.058578234556027], [89.35631147312851, 19.058904835782442], [89.35570809463393, 19.059342888839005], [89.35461476282826, 19.065017627375745], [89.35411867492776, 19.06580115135801], [89.35375720228336, 19.068151374967673], [89.35280937890073, 19.069433531535466], [89.35269554242012, 19.070594195841036], [89.35095457872002, 19.072649044124184], [89.35098605662982, 19.07347919166164], [89.34902875429555, 19.075542566512173], [89.34915949650144, 19.076389342012284], [89.34731091828755, 19.078283762986423], [89.34745733080331, 19.07911696286674], [89.34554784466945, 19.081056151796826], [89.34563889625697, 19.081688624395714], [89.34377089191257, 19.083594101229327], [89.34390676650017, 19.08434723816], [89.34188935910485, 19.08633771075061], [89.34202866784345, 19.087181887880785], [89.34010491923928, 19.089250261676774], [89.34011381043402, 19.090183819765947], [89.33867805712512, 19.09196380140203], [89.33852570946061, 19.09354956493769], [89.33771051867696, 19.094733449111114], [89.33591201831558, 19.10478357126178], [89.33444365266709, 19.105316840770065], [89.33327366156756, 19.106078903950678], [89.33232005890504, 19.10640606066097], [89.32635085159505, 19.110405092697142], [89.32605973890267, 19.11092223338044], [89.32336153934118, 19.112674750636938], [89.32310118389394, 19.113258145545075], [89.32111696981687, 19.11451065425831], [89.32067711725745, 19.115766565744842], [89.31879814584104, 19.116810132943225], [89.31839023500065, 19.118352923253276], [89.31650626596549, 19.119330977128172], [89.31606383420822, 19.12093973127873], [89.31475812064986, 19.121709122837988], [89.31425347662031, 19.123465723522934], [89.3126306274393, 19.124409314647572], [89.3123430930749, 19.125295102804714], [89.30987700040717, 19.12665514420633], [89.30973106999869, 19.127120364138136], [89.30130288380398, 19.131869119558907], [89.30114089737964, 19.132346910802116], [89.29500251194546, 19.13616011973401], [89.29162734735097, 19.138087588217875], [89.2907738421284, 19.13831593491577], [89.28916099664949, 19.139238674608443], [89.28599154278838, 19.140184949525494], [89.28400408452012, 19.141208136683645], [89.28290433325776, 19.1415650986264], [89.28276395930669, 19.14250133627743], [89.28281372609587, 19.144648229105176], [89.28250497529406, 19.146476362766542], [89.28208260953114, 19.147551975389693], [89.2819636621008, 19.14832709488279], [89.27762746440754, 19.158972666117236], [89.27712644047207, 19.159375191799036], [89.27619501939847, 19.16177171705159], [89.2752255013625, 19.16242681447989], [89.27440088087276, 19.164761703086945], [89.27355961330018, 19.1652993511118], [89.27284386940289, 19.16735383299804], [89.27150925351053, 19.16815142703015], [89.27089715348895, 19.16986012157652], [89.26947182266987, 19.17072421871523], [89.2687844478802, 19.172544819905774], [89.26781762765198, 19.173176612631696], [89.26709928489224, 19.17504199817816], [89.26607642282406, 19.175702743910822], [89.26537950647126, 19.177550886190716], [89.2641952251665, 19.17825109419878], [89.26356331107397, 19.180122794962323], [89.26194863497382, 19.180949483282507], [89.26133649452909, 19.182831360078236], [89.25991466348601, 19.183634290398206], [89.25939274018924, 19.18497597035902], [89.25790539660838, 19.18583661744287], [89.25735457618394, 19.187321107673046], [89.25575922249679, 19.18819231459447], [89.2552220055326, 19.189812629409573], [89.25347665846255, 19.190702606364283], [89.25292494288013, 19.192365245390974], [89.25162981307406, 19.193084558078116], [89.25093093888539, 19.19516500016607], [89.24968399837086, 19.195933774589797], [89.24912359629258, 19.19736726714076], [89.24780208102989, 19.19821362318324], [89.24706714249665, 19.200110439176175], [89.24632337146073, 19.200606503257955], [89.24550614521492, 19.202682925625385], [89.24467416505125, 19.203182942052006], [89.24393765771033, 19.20521437543392], [89.24243419501677, 19.205920229707896], [89.24196188984641, 19.207449284274194], [89.23980363336678, 19.20816775651829], [89.23950453684314, 19.209735576782723], [89.23748332981283, 19.210313580795685], [89.23738436818654, 19.212301368171687], [89.235443690914, 19.212801937125715], [89.23538504386127, 19.214843981827766], [89.2334603365224, 19.215370180815253], [89.23327782400679, 19.217350007028706], [89.23163373898954, 19.217979407982057], [89.23132819392514, 19.21979883008998], [89.2297636635712, 19.220430761377656], [89.2294994756988, 19.222356181132813], [89.22758787635567, 19.222976921458475], [89.22730760494917, 19.2248047983067], [89.22551228214995, 19.225493117340147], [89.22511573413912, 19.227251033594246], [89.22367507707023, 19.22792765092995], [89.22323914232962, 19.2296737531484], [89.22166930444172, 19.230376463451535], [89.2212818037525, 19.23222050334437], [89.219494443789, 19.232948343917258], [89.21905449333693, 19.234813064190703], [89.21776988848599, 19.235468780380693], [89.2171562500644, 19.237585379508204], [89.2165761620315, 19.237929967594948], [89.21595357159407, 19.240127809932286], [89.21461753203259, 19.240759602661374], [89.21417092743923, 19.242598237646728], [89.21235537177056, 19.24324371573234], [89.21203214139345, 19.245152528512854], [89.21021429319875, 19.245779007112073], [89.20981765669677, 19.2475776761001], [89.2080573559642, 19.24831060677454], [89.20749746536676, 19.25005805569967], [89.20652524850667, 19.250581236619794], [89.20579631979035, 19.252798297142068], [89.20477138412042, 19.253382587610226], [89.20435668918248, 19.25458882213609], [89.20222545968862, 19.255603230380775], [89.20194254204488, 19.257055877456796], [89.19973182155677, 19.257948069219257], [89.19946020683425, 19.25932497032425], [89.19744459510206, 19.26023702000234], [89.19703431461816, 19.26181197313921], [89.19559806419267, 19.262618261576147], [89.19504786176691, 19.26431726866245], [89.19526475979947, 19.264796793469444], [89.19423877369225, 19.26763214913453], [89.19444895073252, 19.268006971677668], [89.19118906863547, 19.276749475176295], [89.19075971828329, 19.276940642802714], [89.18981872038115, 19.279396790184297], [89.18884071105607, 19.279829062288727], [89.18831636854085, 19.281075327614126], [89.18599532377635, 19.281918612650987], [89.18570800395489, 19.282916386258496], [89.18312409417679, 19.283663183469812], [89.18293178087482, 19.28483420790051], [89.18036694437299, 19.285515514751527], [89.18015520610443, 19.286648366358893], [89.17772679116229, 19.287388640128206], [89.17742429381404, 19.288706820320822], [89.1755677068493, 19.289448398579445], [89.17515095502911, 19.291163367669252], [89.17373929230358, 19.291791647727088], [89.17327581886079, 19.293912870463362], [89.1720052394436, 19.294507891695112], [89.17150674350832, 19.29660060529312], [89.17008932654804, 19.297319056972256], [89.169578930815, 19.298975495600438], [89.16856570540806, 19.299529259216506], [89.16800220606504, 19.301687112075147], [89.16657013239163, 19.302285414706663], [89.16611890977624, 19.304405646360166], [89.16469647938204, 19.30497632649302], [89.16422276832668, 19.307030448074883], [89.16278926062151, 19.30766933527967], [89.16239330312571, 19.30907054496812], [89.16031244354063, 19.309840514920996], [89.1600093678069, 19.31144332812149], [89.15807891391873, 19.312105062882672], [89.15784658606914, 19.31390048130992], [89.15577417704333, 19.31455068203248], [89.15545607127692, 19.31608204774934], [89.15355926277319, 19.316819895563352], [89.15324070163827, 19.318170249324044], [89.1511091942961, 19.31893028060827], [89.15083041885781, 19.320450085938983], [89.14872093396768, 19.321205713040875], [89.1484024845877, 19.322650256448366], [89.14624731538782, 19.32351360555688], [89.14585356001702, 19.324705202612755], [89.14425181158437, 19.32544732088424], [89.14368588458439, 19.32729806979383], [89.1425575337115, 19.327830303245303], [89.14191267152971, 19.330063773412988], [89.14099157116628, 19.330457219947952], [89.14040521737269, 19.332814056132467], [89.139059176335, 19.33323398434492], [89.13854260047587, 19.335393900489493], [89.13696657213279, 19.335842863109693], [89.1364557650983, 19.337632348009976], [89.13460284575108, 19.33809706216116], [89.1341016721284, 19.33999037584628], [89.13252548103233, 19.340451957507703], [89.1319524995455, 19.34260577081391], [89.13072436735168, 19.343074391031646], [89.13001903223319, 19.345314509247366], [89.12909346273129, 19.34576757576611], [89.128271357667, 19.34797308434606], [89.12763692021849, 19.348321191447337], [89.12464109284313, 19.356409954914746], [89.12367781565182, 19.356924205617744], [89.12280496720668, 19.35939111795402], [89.12188561289067, 19.359933821686607], [89.12085982306175, 19.362495338542093], [89.12030893327929, 19.36291568416764], [89.11838293065678, 19.36708135400597], [89.11837595558923, 19.368413967050106], [89.11745506680643, 19.370490811155495], [89.11744959205764, 19.370894915222994], [89.11516195356974, 19.376110685128793], [89.11461546120614, 19.37663147270363], [89.1136507211377, 19.378822683858715], [89.11249586313124, 19.379900456266135], [89.11185608194661, 19.381326342977786], [89.1109040575043, 19.38222484577846], [89.11026491109118, 19.383661689836934], [89.10862820901197, 19.38517782123702], [89.10836977803416, 19.385759011900873], [89.10423005277737, 19.38969269572494], [89.10406890876345, 19.390176521737846], [89.10165615825952, 19.39230889899987], [89.10155474479775, 19.392628743737482], [89.09943871615592, 19.394503494170078], [89.09931010224749, 19.394908067759264], [89.09705953373282, 19.39689858167291], [89.0969322294643, 19.397284767652554], [89.09445724443556, 19.399487536298412], [89.09427801151332, 19.399946787846652], [89.09238580317874, 19.401674021360925], [89.09181843983987, 19.40294425750789], [89.0903266281978, 19.404387647439375], [89.08770749416071, 19.409540965908317], [89.0875541700079, 19.410285654147625], [89.0867693654389, 19.41189726325345], [89.08516841493021, 19.413221596523698], [89.0843542547738, 19.414263052020285], [89.08365416940781, 19.416932007235836], [89.08364335700756, 19.418955056914474], [89.08296380193389, 19.421188458183018], [89.08299702085021, 19.422479082488106], [89.08215078712864, 19.425387181673514], [89.08131025200072, 19.427960936808518], [89.08063915308794, 19.428745283938937], [89.08019239447304, 19.430189550621154], [89.07856548802128, 19.431968932913026], [89.07818429864683, 19.433371422196135], [89.0745070194029, 19.437345087378045], [89.07385457823005, 19.43757785730159], [89.06988477084845, 19.44180975303743], [89.06911837620298, 19.442073778429688], [89.06737371227388, 19.444018709776465], [89.06649439591213, 19.44431621064908], [89.06551116647695, 19.44539203319592], [89.06524337594604, 19.44696078828706], [89.06364892476208, 19.44849749331689], [89.06347985801445, 19.450038698110266], [89.06186770123459, 19.45156145226915], [89.06176235322339, 19.452282221935697], [89.05737276516999, 19.45639770494645], [89.05684006697179, 19.456473912140368], [89.05474078461914, 19.458419327260494], [89.04823262246965, 19.46497225243867], [89.0474430693623, 19.46517248928801], [89.04550505341238, 19.46706339482107], [89.04513657799095, 19.46715338644391], [89.03880009161884, 19.473491965942877], [89.03807066990457, 19.473750894761462], [89.03413558845685, 19.477663251201538], [89.03405628157928, 19.47809258383359], [89.03182668385259, 19.480131621870633], [89.03178551614135, 19.480833786246713], [89.02215206194072, 19.489454590383097], [89.0221031177269, 19.4897805286065], [89.0202203021474, 19.491526292395985], [89.01968378772003, 19.491610953604244], [89.01796617113816, 19.49321102969674], [89.01649318945724, 19.493391896236783], [89.01483284468279, 19.494922558165094], [89.01349289343922, 19.495136548396413], [89.0120058324807, 19.496393214262735], [89.01182405134578, 19.49693764797756], [89.00731106490352, 19.500897687296494], [89.00658783233325, 19.501035745841662], [89.00435441906109, 19.502915998226293], [89.00342435643789, 19.503116173447026], [88.99740145693164, 19.507887673579013], [88.99648049131916, 19.50944191910719], [88.99512401978104, 19.51051565356699], [88.99407855998564, 19.512283242493158], [88.99273708392651, 19.513363788131866], [88.9865418462739, 19.52299087766917], [88.9856905565678, 19.523706173537427], [88.98512038843516, 19.524621078024822], [88.98496083078236, 19.525269979710334], [88.98347434441456, 19.527589669704316], [88.98333672962988, 19.5282037892031], [88.97974980025525, 19.5336087641924], [88.97932883596475, 19.533923005277025], [88.97801552222869, 19.535954188531928], [88.97703722949679, 19.5367040784267], [88.97662263414675, 19.537346136760362], [88.97537081412032, 19.53829298824705], [88.97408800281939, 19.540377504359302], [88.97285673510828, 19.541274562581847], [88.97174925388569, 19.543075211912665], [88.97077040857224, 19.543800821828327], [88.97002802042657, 19.544989911718208], [88.96871499122408, 19.545951734353654], [88.96423945802661, 19.55325780043919], [88.96330518363587, 19.553865871553054], [88.96193926256234, 19.556071184977082], [88.96085919217533, 19.556810035635333], [88.95662838410594, 19.56307434900414], [88.95528639438663, 19.564045163376413], [88.95402150061246, 19.565981008190768], [88.95267593505004, 19.56698682458972], [88.94917001280047, 19.572052100943665], [88.94886760168491, 19.57302027232006], [88.94703803440736, 19.57555375913578], [88.94685523002481, 19.57621162554519], [88.94489521120498, 19.578900529344686], [88.94477627391504, 19.57932824550265], [88.9413442087005, 19.584034099055852], [88.94020701329087, 19.58488479315461], [88.93944302482599, 19.58691063709475], [88.93868360848509, 19.587861249874805], [88.93804622211239, 19.589591229059334], [88.93660150232795, 19.59134637927569], [88.93621902085543, 19.59240214277539], [88.9348476941409, 19.59406364979073], [88.93437160297839, 19.595386179294167], [88.9329190406974, 19.597157933606454], [88.9326993214331, 19.59775121837992], [88.92924913379161, 19.602129986292805], [88.92804644339374, 19.60296159102666], [88.92519020847253, 19.606396547980612], [88.92464846181593, 19.607684116750562], [88.92387440303109, 19.608616055349273], [88.92281550549028, 19.611167948135314], [88.9219403965509, 19.612218952799548], [88.92134009049471, 19.613640785434452], [88.91830095563397, 19.61756762190204], [88.9175479731549, 19.619255440017387], [88.91715228109202, 19.619745454874263], [88.91526497396741, 19.623990477924043], [88.91471744536993, 19.624657177642863], [88.91392974758912, 19.626440832229843], [88.91244814327572, 19.628192079466658], [88.9118183759958, 19.629653048804276], [88.91014782274259, 19.631620664904528], [88.90956636694256, 19.63293546426395], [88.90717760559161, 19.636026110865096], [88.90453520372553, 19.64173851911395], [88.90445530541584, 19.64219168876496], [88.90204938697026, 19.6475733526405], [88.9009726488236, 19.648507917105206], [88.89907094923574, 19.6510214905436], [88.89821316316446, 19.651755642788633], [88.89642200698215, 19.654103845460067], [88.89570598772173, 19.65473323441886], [88.89470075406489, 19.656037676193463], [88.89357138728731, 19.658373588015316], [88.89336750721368, 19.65960222036253], [88.89248463399966, 19.662609841749685], [88.89211092491294, 19.663280467081123], [88.89147604211934, 19.66548039035305], [88.89058544134596, 19.66703036035384], [88.89031294095356, 19.668004095981882], [88.88697774570903, 19.674064284229967], [88.88671693180889, 19.675012762071937], [88.88605776173638, 19.676149700796774], [88.8854215003604, 19.678452950118523], [88.88458431189912, 19.67991694956791], [88.88352621148674, 19.6830121644165], [88.88273559007162, 19.68437625452385], [88.88095239109172, 19.690431597899995], [88.88058405232894, 19.691066635161988], [88.88021494211074, 19.69237320526083], [88.8771233676684, 19.69782044296706], [88.8757127282716, 19.70010397024231], [88.87476427712167, 19.7011207571579], [88.87377509814937, 19.702813942149675], [88.87342016821168, 19.703928331200082], [88.87021129760028, 19.709837295636312], [88.86915104168312, 19.711401999164476], [88.86743803499351, 19.71343739489082], [88.86639929582671, 19.715193137348475], [88.8652879123371, 19.7165375370367], [88.86254644041111, 19.72103211967434], [88.8621063106802, 19.722768991890593], [88.85903647130456, 19.729855151320102], [88.85865700219343, 19.73114741817297], [88.85780565117479, 19.733095917062755], [88.85713154845779, 19.735360480355112], [88.85725827479705, 19.736355492747002], [88.85664219394664, 19.744213425057037], [88.85635087873096, 19.752654756886255], [88.85591934707972, 19.754481969429637], [88.85575552698853, 19.75660291467994], [88.85506276638324, 19.760081624105172], [88.85491196982326, 19.761964113134454], [88.85464383702806, 19.7633285218853], [88.85160855310316, 19.772999502591322], [88.85152013315553, 19.775183117837], [88.85070505515486, 19.7788573192207], [88.84824226876395, 19.78555728805917], [88.84770238663594, 19.78788038404474], [88.84671942142293, 19.790833712109524], [88.84292637311532, 19.79739465790054], [88.84221878500223, 19.79954184964472], [88.84092860787148, 19.801470917203602], [88.83989014226113, 19.8033865186179], [88.83755116024574, 19.806870055217566], [88.83666509885305, 19.808510299784363], [88.83126627279422, 19.81526464972378], [88.8292810153586, 19.817413008680237], [88.82799079917105, 19.819263909670738], [88.82728768279966, 19.82066012276221], [88.82641545433745, 19.823213129829327], [88.82472526173531, 19.826227000784336], [88.82392925736927, 19.828614337141175], [88.82339292195095, 19.830842229481394], [88.8203550230622, 19.83994009681319], [88.81892624801424, 19.84331766995212], [88.81744496762872, 19.84591174449894], [88.81543881106487, 19.852608396918765], [88.81359458978014, 19.866587523630002], [88.81275883030573, 19.86956848179593], [88.81223865796429, 19.87243601771411], [88.81172361150566, 19.87397345293391], [88.80964682940204, 19.87847526777199], [88.80770452913546, 19.88596727637834], [88.80676317739602, 19.888711888679293], [88.80602237629762, 19.89184203876099], [88.80516933410583, 19.894332688238528], [88.8046076409426, 19.897573011349706], [88.80357540751294, 19.90115723539889], [88.8015177350781, 19.907527523333446], [88.7998865341644, 19.911045602967864], [88.7987955709029, 19.916276864982827], [88.79748331717127, 19.920072970571262], [88.7976545552093, 19.92615588696897], [88.79757488765203, 19.928821173360983], [88.79675254233254, 19.93804553041811], [88.79621811036644, 19.939843912006317], [88.79380961247483, 19.946318366795683], [88.79146486366604, 19.950593701372114], [88.7873666025966, 19.957490510860282], [88.78440632866545, 19.96393101883868], [88.7788937297454, 19.970496708794567], [88.77554102388068, 19.97204628289114], [88.77229312833241, 19.97432152301633], [88.7646132599315, 19.978149089701397], [88.75707240973767, 19.97957298775602], [88.75387684387834, 19.978876214977227], [88.74996986046557, 19.97845089744837], [88.74763819114811, 19.977871145065805], [88.74439189408596, 19.977565647689563], [88.74239674810055, 19.977024384301462], [88.73942456172416, 19.976783574008607], [88.7376497570135, 19.976271066680454], [88.7348301533101, 19.97606256938301], [88.73305007857414, 19.975539704061738], [88.73025859746316, 19.975326372475344], [88.7287274100692, 19.974117773892914], [88.72717492030444, 19.97336849831329], [88.72586907068202, 19.97231729099071], [88.7233425231843, 19.97112872247498], [88.72222372001511, 19.970211658826646], [88.71547670394123, 19.966922190626484], [88.71166854707491, 19.964959046279738], [88.71091297535908, 19.964389329530643], [88.70384218968906, 19.96123528704358], [88.70203715569394, 19.95991855246906], [88.69982677394238, 19.958896838392263], [88.6990696179163, 19.958343915240313], [88.6956373224848, 19.95675586911846], [88.69483250903802, 19.95617984045576], [88.69317150020626, 19.95540293184931], [88.69233458831167, 19.95400235898917], [88.68855764914716, 19.949163238799585], [88.68774938462569, 19.94848663548051], [88.6865886647092, 19.947898776004802], [88.68482188372843, 19.946376755514258], [88.68288495381768, 19.945455377949216], [88.68128131510011, 19.944020120633514], [88.67939915280985, 19.94315060464468], [88.6784686787043, 19.9423151538156], [88.6742706915918, 19.940505818731676], [88.67207542227965, 19.94020220816707], [88.67093124972028, 19.939656785493877], [88.66091325916032, 19.93837655317932], [88.65749515394897, 19.937849739989403], [88.65663027563154, 19.93745137063592], [88.65445898316638, 19.937129454998473], [88.65310236131916, 19.93654322077296], [88.6524447556665, 19.936026377641287], [88.65041328514931, 19.93513779905149], [88.64961126174286, 19.934522935844896], [88.64829959854094, 19.933945157716074], [88.64733645988383, 19.933206349854938], [88.64589461431427, 19.93257255742645], [88.63931148158262, 19.92774344333792], [88.63873210325788, 19.927514215040105], [88.6367158532693, 19.92593753695612], [88.63516292256544, 19.92536411217416], [88.63346252852547, 19.92401213499471], [88.63208825396887, 19.92351164431829], [88.62550695976971, 19.9185970489998], [88.62457831018025, 19.91722978717203], [88.62335697711464, 19.91627098435818], [88.62112168849026, 19.913129961242827], [88.6208121110087, 19.9119079871921], [88.61918452903926, 19.909695797446993], [88.6189436618738, 19.908536979601028], [88.61732610011475, 19.906388663581225], [88.61708262563843, 19.905224297452854], [88.61582285252605, 19.903508883101555], [88.61521523314963, 19.90313320979922], [88.61408239201701, 19.901576350358432], [88.61231032572272, 19.900494249815385], [88.61135403523724, 19.89920952895289], [88.60987106174112, 19.898276311509093], [88.60894314143702, 19.897065812395414], [88.60611454831289, 19.89500956896955], [88.60458074168523, 19.892954099669737], [88.60404431466495, 19.89262482735168], [88.60209543757414, 19.88997764705521], [88.60174084795264, 19.889763809692244], [88.60055462032929, 19.888158875537023], [88.5996812133437, 19.8876440540681], [88.59853090830288, 19.886033594793417], [88.59683855370689, 19.88511083591338], [88.59582101023943, 19.88362997425571], [88.59425348021816, 19.88278266132295], [88.59326075317787, 19.881351248704934], [88.59143794421925, 19.880336395554117], [88.5910455023525, 19.879802562496266], [88.58564869981369, 19.87667317289034], [88.58522393464253, 19.876620486884416], [88.58328658416552, 19.87554352317754], [88.58219037762736, 19.875383108532862], [88.58177983836076, 19.875144805642964], [88.57882568815423, 19.874745729176126], [88.57854362000928, 19.874558721477403], [88.5687020920194, 19.873323312686615], [88.56805591869784, 19.872687759649324], [88.56560244074129, 19.872439920154594], [88.56480028934389, 19.871600095929026], [88.55201368187205, 19.870409625634505], [88.55185948763189, 19.87055635882283], [88.54842838525086, 19.870258223852726], [88.54818610421508, 19.870420923778227], [88.54654008745165, 19.870311768462347], [88.54505883593283, 19.871277065328027], [88.54379311419852, 19.871099628721954], [88.54181820037982, 19.872630606242865], [88.54045333853952, 19.87227371808631], [88.53875729376654, 19.873670431474892], [88.53739440237348, 19.87323261707455]]}}]}, "aspect_ratio_factor": 0.9994978928747862, "cls": 5, "orchestrator_run": 434213, "linearity": 12406.492624497845, "s1_scene_id": "S1A_IW_GRDH_1SDV_20260406T121138_20260406T121207_063959_080BBB_227B", "hitl_cls": 8, "hitl_cls_name": "Vessel, coincident", "aoi_type_1_ids": [191, 236], "aoi_type_2_ids": [352], "aoi_type_3_ids": null, "source_type_1_ids": ["352005056", "352004090", "353641000", "636017970"], "source_type_2_ids": null, "source_type_3_ids": null, "max_source_collated_score": -2.1180565800499007, "slick_url": "https://cerulean.skytruth.org/slicks/4823849?ref=api&slick_id=4823849"}, "links": [{"title": "Collection", "href": "http://api.cerulean.skytruth.org/collections/public.slick_plus", "rel": "collection", "type": "application/json"}, {"title": "Item", "href": "http://api.cerulean.skytruth.org/collections/public.slick_plus/items/4823849", "rel": "item", "type": "application/geo+json"}]}]}